order_id,delivery_partner_id,promised_time,actual_time,delivery_time_minutes,distance_km,delivery_status,reasons_if_delayed
1961864118,63230,17-07-2024 08:52,17-07-2024 08:47,-5,0.96,On Time,
1549769649,14983,28-05-2024 13:25,28-05-2024 13:27,2,0.98,On Time,Traffic
9185164487,39859,23-09-2024 13:25,23-09-2024 13:29,4,3.83,On Time,Traffic
9644738826,61497,24-11-2023 16:34,24-11-2023 16:33,-1,2.76,On Time,
5427684290,84315,20-11-2023 05:17,20-11-2023 05:18,1,2.63,On Time,Traffic
3265154092,554,18-03-2023 16:49,18-03-2023 16:48,-1,1.94,On Time,
4898355547,14630,16-04-2023 19:01,16-04-2023 19:02,1,2.2,On Time,Traffic
6568151549,67714,31-03-2024 06:37,31-03-2024 06:39,2,1.3,On Time,Traffic
6006693867,91362,14-07-2023 00:02,14-07-2023 00:05,3,3.38,On Time,Traffic
374186990,77203,09-08-2023 01:37,09-08-2023 01:44,7,1.47,Slightly Delayed,Traffic
4455336265,64046,30-08-2023 19:47,30-08-2023 19:45,-2,0.76,On Time,
3539286337,94899,25-04-2023 20:44,25-04-2023 20:39,-5,3.68,On Time,
9171116867,73907,22-10-2023 11:25,22-10-2023 11:37,12,2.23,Slightly Delayed,Traffic
5504941865,56077,28-01-2024 02:55,28-01-2024 03:06,11,4.45,Slightly Delayed,Traffic
5868326481,63230,15-03-2024 21:24,15-03-2024 21:21,-3,2.8,On Time,
2137046916,63230,03-02-2024 09:03,03-02-2024 09:01,-2,1.78,On Time,
8195544338,63230,26-04-2023 04:20,26-04-2023 04:28,8,1.16,Slightly Delayed,Traffic
2889700050,63230,30-04-2024 16:33,30-04-2024 16:36,3,3.07,On Time,Traffic
65827885,63230,27-07-2023 00:25,27-07-2023 00:20,-5,1.65,On Time,
4656471694,63230,09-12-2023 08:27,09-12-2023 08:35,8,3.7,Slightly Delayed,Traffic
6625178717,63230,01-07-2023 04:40,01-07-2023 04:53,13,4.22,Slightly Delayed,Traffic
7169557514,63230,21-03-2023 05:38,21-03-2023 05:50,12,3.28,Slightly Delayed,Traffic
2268306684,63230,28-05-2024 15:11,28-05-2024 15:10,-1,1.82,On Time,
6905293278,53868,16-06-2024 10:36,16-06-2024 11:02,26,0.58,Significantly Delayed,Traffic
1769493463,22954,26-06-2024 07:29,26-06-2024 07:24,-5,1.21,On Time,
5003387344,21004,23-06-2024 11:05,23-06-2024 11:00,-5,4.52,On Time,
2064484752,43022,07-05-2024 23:00,07-05-2024 22:55,-5,2.29,On Time,
964822979,42914,13-07-2024 10:49,13-07-2024 10:47,-2,1.09,On Time,
6037899648,59131,27-03-2024 18:00,27-03-2024 18:04,4,4.56,On Time,Traffic
9347571484,88612,02-11-2024 17:26,02-11-2024 17:39,13,3.29,Slightly Delayed,Traffic
3286177534,90038,25-06-2023 00:09,25-06-2023 00:07,-2,3.07,On Time,
9073572548,28575,02-05-2023 23:25,02-05-2023 23:47,22,4.77,Significantly Delayed,Traffic
8395583761,84816,04-08-2024 23:53,04-08-2024 23:48,-5,3.53,On Time,
6355378227,22954,11-08-2023 17:06,11-08-2023 17:05,-1,3.91,On Time,
277376321,22954,28-07-2024 04:45,28-07-2024 04:44,-1,3.85,On Time,
8559748526,22954,05-04-2023 18:27,05-04-2023 18:28,1,0.94,On Time,Traffic
1458051433,22954,26-04-2024 09:30,26-04-2024 09:26,-4,2.75,On Time,
5838302640,30907,12-05-2023 06:02,12-05-2023 06:09,7,1.7,Slightly Delayed,Traffic
1380971977,52614,02-06-2024 13:21,02-06-2024 13:16,-5,4.09,On Time,
1221099013,60689,23-07-2023 11:01,23-07-2023 11:03,2,3.15,On Time,Traffic
6771166303,98179,24-07-2023 04:36,24-07-2023 04:48,12,2.55,Slightly Delayed,Traffic
7111337755,84833,06-05-2023 06:07,06-05-2023 06:04,-3,3.44,On Time,
5562922993,73904,06-12-2023 02:14,06-12-2023 02:17,3,1.64,On Time,Traffic
5630957897,60689,18-06-2024 07:32,18-06-2024 07:36,4,3.92,On Time,Traffic
1787380558,60689,08-11-2023 17:43,08-11-2023 17:45,2,2.8,On Time,Traffic
32613017,60689,17-03-2023 00:36,17-03-2023 00:36,0,4,On Time,
2039041670,60689,01-11-2024 10:05,01-11-2024 10:20,15,2.12,Slightly Delayed,Traffic
210693801,60689,21-08-2024 04:10,21-08-2024 04:12,2,2.5,On Time,Traffic
8120002258,60689,01-01-2024 00:15,01-01-2024 00:11,-4,2.43,On Time,
2177917034,75636,08-02-2024 20:16,08-02-2024 20:25,9,0.73,Slightly Delayed,Traffic
4254814926,1761,21-04-2024 06:34,21-04-2024 06:33,-1,1.74,On Time,
6074172790,3481,26-07-2023 02:26,26-07-2023 02:30,4,2.48,On Time,Traffic
3381573131,50582,16-07-2024 00:47,16-07-2024 00:42,-5,4.91,On Time,
3773745777,97135,02-05-2024 14:58,02-05-2024 14:58,0,3.31,On Time,
9251939156,57095,30-12-2023 12:51,30-12-2023 12:58,7,2.35,Slightly Delayed,Traffic
3872982303,60234,03-02-2024 01:24,03-02-2024 01:25,1,2.6,On Time,Traffic
2625987757,51273,01-08-2023 07:54,01-08-2023 07:56,2,4.7,On Time,Traffic
3162249401,47552,03-05-2024 13:31,03-05-2024 13:31,0,1.72,On Time,
3108986741,60867,17-10-2023 19:43,17-10-2023 19:44,1,2.09,On Time,Traffic
1851474741,12879,01-11-2023 13:42,01-11-2023 13:51,9,4.09,Slightly Delayed,Traffic
2425099132,44245,15-08-2023 01:30,15-08-2023 01:34,4,1.07,On Time,Traffic
6706793332,76503,09-10-2024 22:04,09-10-2024 22:16,12,2.99,Slightly Delayed,Traffic
2149289255,44245,01-11-2024 15:20,01-11-2024 15:39,19,2.56,Significantly Delayed,Traffic
1971008155,44245,23-10-2023 22:43,23-10-2023 22:39,-4,0.86,On Time,
2087093460,44245,11-07-2024 11:42,11-07-2024 11:41,-1,0.77,On Time,
2116712588,44245,11-11-2023 20:48,11-11-2023 20:51,3,4.26,On Time,Traffic
6054358790,44245,26-01-2024 10:31,26-01-2024 10:26,-5,3.96,On Time,
532660797,97547,20-05-2024 06:37,20-05-2024 06:51,14,4.9,Slightly Delayed,Traffic
1491991005,85285,04-03-2024 09:01,04-03-2024 09:01,0,0.89,On Time,
4136019599,34667,23-03-2024 18:52,23-03-2024 18:55,3,4.58,On Time,Traffic
2122832513,39396,17-02-2024 19:58,17-02-2024 20:18,20,3.97,Significantly Delayed,Traffic
3717703595,8041,24-04-2023 21:52,24-04-2023 21:51,-1,2.48,On Time,
3194733693,16623,05-07-2023 10:30,05-07-2023 10:37,7,1.74,Slightly Delayed,Traffic
4471162437,54708,06-02-2024 12:52,06-02-2024 12:52,0,3.78,On Time,
1609331948,58721,04-01-2024 14:19,04-01-2024 14:19,0,1.56,On Time,
6920030794,38745,24-06-2024 02:51,24-06-2024 02:49,-2,3.47,On Time,
5127172657,80034,11-06-2024 18:30,11-06-2024 18:50,20,4.41,Significantly Delayed,Traffic
8607115856,85718,09-10-2023 04:52,09-10-2023 04:49,-3,2.33,On Time,
7154957395,63099,09-04-2023 10:21,09-04-2023 10:21,0,2.28,On Time,
2070762702,64950,04-10-2023 10:37,04-10-2023 10:52,15,3.61,Slightly Delayed,Traffic
3697242439,67408,15-10-2024 12:47,15-10-2024 12:46,-1,4.71,On Time,
3063427913,24100,21-09-2023 02:34,21-09-2023 02:37,3,4.76,On Time,Traffic
2060061337,50748,15-04-2023 23:10,15-04-2023 23:22,12,3.08,Slightly Delayed,Traffic
4625892678,40337,18-06-2023 19:35,18-06-2023 19:39,4,2.74,On Time,Traffic
6045698170,16848,24-01-2024 17:14,24-01-2024 17:19,5,3.86,On Time,Traffic
7876289647,28786,07-08-2024 08:06,07-08-2024 08:18,12,2.54,Slightly Delayed,Traffic
3434084714,58201,02-02-2024 03:06,02-02-2024 03:04,-2,3.51,On Time,
9031695663,43200,17-01-2024 01:35,17-01-2024 01:41,6,3.71,Slightly Delayed,Traffic
1955989715,8135,27-12-2023 07:06,27-12-2023 07:08,2,4.81,On Time,Traffic
3459500455,20504,18-12-2023 00:52,18-12-2023 00:54,2,2.66,On Time,Traffic
5953376503,34929,25-05-2024 04:08,25-05-2024 04:24,16,0.56,Significantly Delayed,Traffic
121874867,69733,28-03-2023 01:10,28-03-2023 01:05,-5,3.08,On Time,
2460545397,50527,27-10-2024 11:38,27-10-2024 11:49,11,2.53,Slightly Delayed,Traffic
9690050839,76868,13-01-2024 02:44,13-01-2024 02:49,5,3.82,On Time,Traffic
2574349065,76868,17-04-2024 14:43,17-04-2024 14:44,1,1.72,On Time,Traffic
2461936988,76868,20-07-2023 23:29,20-07-2023 23:48,19,4.4,Significantly Delayed,Traffic
6447596416,76868,08-10-2023 18:30,08-10-2023 18:26,-4,4.27,On Time,
7228452275,76868,13-05-2023 01:25,13-05-2023 01:25,0,4.62,On Time,
6696750742,76868,02-04-2023 17:54,02-04-2023 17:54,0,4.39,On Time,
822235931,76868,09-08-2023 07:27,09-08-2023 07:42,15,1.42,Slightly Delayed,Traffic
7678251499,76868,23-04-2023 13:37,23-04-2023 13:42,5,1.85,On Time,Traffic
2497341976,76868,21-09-2023 09:19,21-09-2023 09:20,1,1.33,On Time,Traffic
9107314128,21125,20-05-2024 16:37,20-05-2024 16:36,-1,2.2,On Time,
9855726256,59743,17-05-2023 08:05,17-05-2023 08:03,-2,0.96,On Time,
9398719862,4852,19-07-2024 09:40,19-07-2024 09:44,4,0.85,On Time,Traffic
379494532,99227,07-07-2024 13:42,07-07-2024 13:44,2,3.39,On Time,Traffic
1048784963,35552,07-09-2023 13:35,07-09-2023 13:30,-5,2.18,On Time,
4386246924,35552,27-08-2024 10:26,27-08-2024 10:52,26,3.44,Significantly Delayed,Traffic
2050362692,35552,30-10-2024 11:36,30-10-2024 11:39,3,3.48,On Time,Traffic
4142963293,35552,03-11-2024 04:04,03-11-2024 04:07,3,1.26,On Time,Traffic
9753528654,35552,26-07-2024 07:35,26-07-2024 07:33,-2,1.84,On Time,
8126970833,35552,14-09-2024 20:41,14-09-2024 21:07,26,1.13,Significantly Delayed,Traffic
9747814712,35552,16-12-2023 15:52,16-12-2023 15:55,3,1.23,On Time,Traffic
6281619403,35552,09-04-2023 19:15,09-04-2023 19:10,-5,4.51,On Time,
436184281,35552,20-11-2023 12:55,20-11-2023 13:22,27,0.74,Significantly Delayed,Traffic
9799231260,35552,07-03-2024 09:17,07-03-2024 09:21,4,0.9,On Time,Traffic
4071811527,35552,26-07-2023 15:51,26-07-2023 16:00,9,2.39,Slightly Delayed,Traffic
5645359563,45180,08-08-2024 23:45,08-08-2024 23:40,-5,4.78,On Time,
9411813703,32773,25-09-2023 23:11,25-09-2023 23:16,5,0.65,On Time,Traffic
4270217473,4904,01-02-2024 09:02,01-02-2024 09:02,0,1.23,On Time,
279851011,73623,11-04-2023 09:58,11-04-2023 09:57,-1,4.34,On Time,
6260524887,22883,01-06-2024 07:00,01-06-2024 06:56,-4,3.76,On Time,
5853998391,23606,08-09-2023 02:58,08-09-2023 02:55,-3,4.67,On Time,
9931976872,97297,24-06-2024 05:32,24-06-2024 05:28,-4,3.03,On Time,
8432209832,18907,20-03-2024 03:42,20-03-2024 03:54,12,4.17,Slightly Delayed,Traffic
6023721507,72197,07-04-2024 00:36,07-04-2024 00:35,-1,2.05,On Time,
3042338919,70995,17-05-2023 15:05,17-05-2023 15:02,-3,1.33,On Time,
233646065,56968,19-09-2023 22:43,19-09-2023 22:48,5,4.89,On Time,Traffic
9870610018,44706,08-02-2024 05:36,08-02-2024 05:35,-1,0.86,On Time,
1398230967,92744,22-04-2024 10:13,22-04-2024 10:09,-4,4.81,On Time,
8615488922,1328,04-11-2023 00:21,04-11-2023 00:42,21,3.94,Significantly Delayed,Traffic
2748841057,11008,30-12-2023 05:19,30-12-2023 05:43,24,0.84,Significantly Delayed,Traffic
1375867721,21511,15-07-2024 17:08,15-07-2024 17:05,-3,4.45,On Time,
8595141097,19332,31-03-2024 10:36,31-03-2024 10:39,3,4.33,On Time,Traffic
4673382071,97477,16-01-2024 13:40,16-01-2024 13:49,9,4.9,Slightly Delayed,Traffic
2948696008,89164,10-04-2024 10:22,10-04-2024 10:19,-3,2.28,On Time,
6839692624,44627,19-11-2023 02:10,19-11-2023 02:35,25,1.17,Significantly Delayed,Traffic
5770951298,4946,02-10-2023 18:23,02-10-2023 18:21,-2,0.95,On Time,
5084771819,66403,29-08-2024 22:05,29-08-2024 22:18,13,1.37,Slightly Delayed,Traffic
422403644,23782,27-05-2023 23:46,27-05-2023 23:54,8,0.56,Slightly Delayed,Traffic
7176758896,75492,13-07-2023 13:00,13-07-2023 13:01,1,2.94,On Time,Traffic
8252905093,75492,21-04-2024 23:29,21-04-2024 23:30,1,3.25,On Time,Traffic
1488561572,75492,27-08-2024 08:32,27-08-2024 08:31,-1,2.51,On Time,
6212984517,75492,16-03-2024 22:05,16-03-2024 22:03,-2,1.27,On Time,
6309784337,75492,06-05-2024 17:53,06-05-2024 17:53,0,4.05,On Time,
4613890018,75492,24-10-2023 13:00,24-10-2023 13:00,0,3.82,On Time,
3429728472,75492,31-03-2023 08:48,31-03-2023 08:57,9,1.25,Slightly Delayed,Traffic
267738904,75492,24-10-2023 23:24,24-10-2023 23:38,14,4.28,Slightly Delayed,Traffic
3850416839,75492,01-07-2024 02:23,01-07-2024 02:36,13,1.32,Slightly Delayed,Traffic
3412702479,75492,24-12-2023 07:46,24-12-2023 07:51,5,1.11,On Time,Traffic
2016183232,75492,19-07-2023 04:35,19-07-2023 04:46,11,1.63,Slightly Delayed,Traffic
3810280204,70290,26-10-2023 18:06,26-10-2023 18:10,4,0.75,On Time,Traffic
2416767295,28144,05-07-2024 03:50,05-07-2024 03:59,9,1.13,Slightly Delayed,Traffic
2283439407,58922,14-07-2023 02:28,14-07-2023 02:32,4,0.57,On Time,Traffic
4328802292,66985,14-06-2023 19:57,14-06-2023 20:15,18,3.65,Significantly Delayed,Traffic
7072715691,82046,25-12-2023 19:28,25-12-2023 19:29,1,3.65,On Time,Traffic
5640741373,20090,10-05-2024 06:57,10-05-2024 06:57,0,4.34,On Time,
6931094066,66225,15-11-2023 22:18,15-11-2023 22:14,-4,3.82,On Time,
3417088709,63738,30-05-2024 17:37,30-05-2024 17:58,21,1.29,Significantly Delayed,Traffic
4424404315,8506,16-07-2023 07:36,16-07-2023 07:40,4,2.43,On Time,Traffic
2444087306,75692,28-07-2023 08:35,28-07-2023 08:37,2,4.67,On Time,Traffic
486085268,90390,11-12-2023 19:51,11-12-2023 19:56,5,0.53,On Time,Traffic
1731312620,75316,08-05-2023 20:42,08-05-2023 20:41,-1,2.13,On Time,
6475582506,52304,23-09-2023 05:01,23-09-2023 05:05,4,2.09,On Time,Traffic
1868581378,38861,29-03-2024 18:43,29-03-2024 18:47,4,3.94,On Time,Traffic
8884235937,81977,09-08-2024 12:01,09-08-2024 12:09,8,4.57,Slightly Delayed,Traffic
4590662628,18200,10-01-2024 12:02,10-01-2024 12:17,15,2.1,Slightly Delayed,Traffic
992302540,12863,26-11-2023 21:51,26-11-2023 21:54,3,3.48,On Time,Traffic
7169974633,69861,16-10-2024 16:22,16-10-2024 16:21,-1,2.57,On Time,
6703651257,4285,17-01-2024 01:43,17-01-2024 01:46,3,2.43,On Time,Traffic
7180810221,59848,10-09-2023 16:58,10-09-2023 17:07,9,0.51,Slightly Delayed,Traffic
7875587578,40025,15-07-2024 08:59,15-07-2024 09:09,10,3.53,Slightly Delayed,Traffic
2578671497,64618,25-01-2024 00:16,25-01-2024 00:21,5,0.79,On Time,Traffic
6284350691,9053,20-06-2024 01:13,20-06-2024 01:13,0,4.5,On Time,
5383261788,94840,18-10-2023 21:34,18-10-2023 21:30,-4,2.11,On Time,
6590867973,23582,20-11-2023 08:55,20-11-2023 08:54,-1,0.73,On Time,
8787105023,54795,07-05-2024 23:09,07-05-2024 23:12,3,3.68,On Time,Traffic
1402916311,57649,23-04-2024 13:05,23-04-2024 13:09,4,2.72,On Time,Traffic
9715205272,21783,21-10-2024 22:09,21-10-2024 22:11,2,4.93,On Time,Traffic
3946852375,92389,04-07-2024 12:45,04-07-2024 12:45,0,4.04,On Time,
3367039425,72408,10-03-2024 03:58,10-03-2024 04:00,2,1.38,On Time,Traffic
687711388,44884,02-02-2024 10:28,02-02-2024 10:40,12,1.67,Slightly Delayed,Traffic
647012431,94183,16-06-2024 13:27,16-06-2024 13:45,18,0.92,Significantly Delayed,Traffic
7143278295,94183,13-02-2024 15:39,13-02-2024 15:35,-4,1.65,On Time,
9736844695,94183,09-04-2024 20:18,09-04-2024 20:13,-5,1.4,On Time,
5933289680,94183,07-12-2023 04:49,07-12-2023 05:09,20,2.24,Significantly Delayed,Traffic
9494303116,94183,21-07-2024 11:04,21-07-2024 11:09,5,3.87,On Time,Traffic
9337878102,94183,16-05-2023 04:09,16-05-2023 04:05,-4,0.63,On Time,
6872621077,94183,14-09-2023 18:29,14-09-2023 18:24,-5,3.42,On Time,
7330237253,94183,07-12-2023 12:38,07-12-2023 12:37,-1,3.63,On Time,
7942616242,94183,30-09-2023 08:27,30-09-2023 08:52,25,4.96,Significantly Delayed,Traffic
238520071,94183,20-02-2024 05:44,20-02-2024 05:47,3,1.92,On Time,Traffic
5812379362,94183,05-08-2023 11:05,05-08-2023 11:01,-4,4.52,On Time,
2616623847,94183,19-01-2024 19:22,19-01-2024 19:37,15,4.33,Slightly Delayed,Traffic
2040854480,94183,10-12-2023 00:22,10-12-2023 00:47,25,2.48,Significantly Delayed,Traffic
5456484560,94183,26-09-2024 02:10,26-09-2024 02:35,25,3.76,Significantly Delayed,Traffic
883309006,94183,09-04-2024 08:22,09-04-2024 08:30,8,3.46,Slightly Delayed,Traffic
6528341992,94183,29-01-2024 03:43,29-01-2024 03:54,11,2.7,Slightly Delayed,Traffic
3263203775,94183,28-09-2024 15:37,28-09-2024 15:36,-1,3.36,On Time,
3660010934,94183,31-01-2024 15:44,31-01-2024 15:49,5,2.74,On Time,Traffic
7944885043,94183,26-05-2024 08:31,26-05-2024 08:29,-2,2.23,On Time,
2506369831,94183,16-06-2023 13:22,16-06-2023 13:35,13,4.07,Slightly Delayed,Traffic
697061213,94183,25-03-2023 09:52,25-03-2023 09:55,3,1.48,On Time,Traffic
7079057004,94183,30-09-2023 09:10,30-09-2023 09:32,22,3.58,Significantly Delayed,Traffic
1556153632,94183,04-05-2024 08:54,04-05-2024 09:03,9,0.75,Slightly Delayed,Traffic
2161235338,94183,12-04-2024 15:12,12-04-2024 15:21,9,4.68,Slightly Delayed,Traffic
1247978468,94183,19-07-2024 02:13,19-07-2024 02:12,-1,1.56,On Time,
5437627061,94183,22-08-2024 02:15,22-08-2024 02:16,1,4.76,On Time,Traffic
9091960039,94183,11-02-2024 10:04,11-02-2024 10:04,0,2.76,On Time,
619198317,94183,20-11-2023 17:16,20-11-2023 17:11,-5,4.77,On Time,
9833179291,94183,04-05-2023 18:52,04-05-2023 18:48,-4,0.59,On Time,
4148760273,94183,22-05-2024 01:55,22-05-2024 01:58,3,4.35,On Time,Traffic
7206041763,94183,30-05-2023 19:35,30-05-2023 19:37,2,2.69,On Time,Traffic
690097648,94183,27-12-2023 20:30,27-12-2023 20:40,10,1.87,Slightly Delayed,Traffic
4197061567,94183,04-02-2024 03:31,04-02-2024 03:33,2,0.66,On Time,Traffic
2009394836,94183,24-10-2023 22:25,24-10-2023 22:23,-2,3.18,On Time,
277502363,94183,28-12-2023 14:04,28-12-2023 14:09,5,4.14,On Time,Traffic
4356959622,94183,16-01-2024 07:56,16-01-2024 07:51,-5,3.45,On Time,
174306009,94183,09-08-2024 00:35,09-08-2024 01:02,27,1.41,Significantly Delayed,Traffic
9582674091,94183,16-08-2024 11:39,16-08-2024 12:01,22,3.55,Significantly Delayed,Traffic
8675579025,94183,06-07-2024 12:15,06-07-2024 12:17,2,3.41,On Time,Traffic
5195999941,94183,19-07-2024 19:07,19-07-2024 19:21,14,2.34,Slightly Delayed,Traffic
5210007923,94183,01-10-2024 05:24,01-10-2024 05:25,1,2.16,On Time,Traffic
6595771960,94183,05-04-2023 03:36,05-04-2023 03:40,4,1.75,On Time,Traffic
4247338382,94183,05-12-2023 02:11,05-12-2023 02:40,29,4.26,Significantly Delayed,Traffic
819143326,94183,10-01-2024 19:34,10-01-2024 19:39,5,4.37,On Time,Traffic
3830844750,94183,06-08-2023 16:07,06-08-2023 16:04,-3,4.35,On Time,
1687314172,94183,13-03-2024 19:00,13-03-2024 19:03,3,3.7,On Time,Traffic
6756007265,94183,27-07-2023 18:37,27-07-2023 18:42,5,4.05,On Time,Traffic
489762747,94183,27-09-2024 16:52,27-09-2024 17:18,26,3.26,Significantly Delayed,Traffic
7509195875,94183,26-11-2023 20:11,26-11-2023 20:14,3,4.89,On Time,Traffic
2370917070,94183,25-07-2023 06:11,25-07-2023 06:16,5,2.92,On Time,Traffic
2055388266,94183,23-06-2023 06:41,23-06-2023 06:49,8,1.43,Slightly Delayed,Traffic
8969304162,94183,12-10-2023 15:03,12-10-2023 15:02,-1,1.66,On Time,
5412674107,94183,06-10-2024 22:00,06-10-2024 22:02,2,1.75,On Time,Traffic
1536516619,94183,25-11-2023 08:10,25-11-2023 08:15,5,2.48,On Time,Traffic
3858907413,94183,27-07-2023 18:45,27-07-2023 18:45,0,4.53,On Time,
4976389251,94183,05-09-2023 10:13,05-09-2023 10:08,-5,1.42,On Time,
2218319201,94183,01-11-2024 03:12,01-11-2024 03:11,-1,3.58,On Time,
6729422433,94183,19-07-2023 13:55,19-07-2023 14:01,6,2.81,Slightly Delayed,Traffic
1354097448,94183,21-06-2023 17:53,21-06-2023 17:55,2,1.71,On Time,Traffic
8952275304,94183,31-08-2024 08:22,31-08-2024 08:22,0,1.27,On Time,
436603801,94183,28-12-2023 10:14,28-12-2023 10:11,-3,3.24,On Time,
5273875984,94183,31-05-2023 03:45,31-05-2023 03:59,14,0.98,Slightly Delayed,Traffic
9290203003,94183,01-04-2024 12:31,01-04-2024 12:36,5,1.9,On Time,Traffic
6240982373,94183,26-04-2023 03:27,26-04-2023 03:24,-3,0.97,On Time,
2718348206,94183,08-11-2023 10:37,08-11-2023 10:33,-4,2.16,On Time,
4903544026,94183,11-05-2024 04:45,11-05-2024 04:50,5,4.24,On Time,Traffic
2827266949,94183,17-09-2024 08:10,17-09-2024 08:18,8,0.86,Slightly Delayed,Traffic
4278423074,94183,17-12-2023 05:02,17-12-2023 05:05,3,1.71,On Time,Traffic
645916247,94183,10-10-2023 03:03,10-10-2023 03:32,29,3.22,Significantly Delayed,Traffic
5816647866,94183,26-09-2024 05:23,26-09-2024 05:40,17,1.15,Significantly Delayed,Traffic
7282397914,94183,14-07-2024 01:35,14-07-2024 01:40,5,2.19,On Time,Traffic
3260611473,94183,06-02-2024 13:54,06-02-2024 14:12,18,2.73,Significantly Delayed,Traffic
8638163868,94183,07-06-2023 03:41,07-06-2023 03:46,5,1.66,On Time,Traffic
177850987,94183,07-11-2023 14:25,07-11-2023 14:22,-3,2.9,On Time,
9653859166,94183,16-03-2023 19:36,16-03-2023 19:50,14,0.95,Slightly Delayed,Traffic
9991338690,50037,29-07-2024 11:45,29-07-2024 11:46,1,2.15,On Time,Traffic
1714593246,11180,20-10-2024 10:02,20-10-2024 10:04,2,1.89,On Time,Traffic
9742461226,16877,01-01-2024 00:43,01-01-2024 00:40,-3,1.16,On Time,
3314393477,37197,26-10-2024 13:49,26-10-2024 13:52,3,4.51,On Time,Traffic
4188317986,48031,20-03-2023 01:56,20-03-2023 02:06,10,2.74,Slightly Delayed,Traffic
1646665366,59753,26-07-2024 19:01,26-07-2024 19:13,12,3.22,Slightly Delayed,Traffic
9558804585,32740,15-03-2024 12:09,15-03-2024 12:15,6,1.81,Slightly Delayed,Traffic
9047652469,27774,05-08-2024 03:28,05-08-2024 03:23,-5,3.21,On Time,
2893800377,54327,22-03-2024 11:57,22-03-2024 11:53,-4,4.56,On Time,
6139157985,23927,03-02-2024 13:51,03-02-2024 14:13,22,1.17,Significantly Delayed,Traffic
6029394789,28593,30-04-2023 06:23,30-04-2023 06:32,9,2.43,Slightly Delayed,Traffic
5874940276,22218,11-04-2024 06:45,11-04-2024 06:40,-5,1.62,On Time,
5205211911,38835,27-09-2024 18:52,27-09-2024 19:06,14,0.86,Slightly Delayed,Traffic
5314758068,68342,03-02-2024 00:36,03-02-2024 00:46,10,2.53,Slightly Delayed,Traffic
484869710,41598,09-09-2023 12:05,09-09-2023 12:08,3,4.8,On Time,Traffic
9957728938,64839,05-08-2024 21:43,05-08-2024 21:59,16,4.11,Significantly Delayed,Traffic
3136056666,60976,29-04-2024 03:40,29-04-2024 03:52,12,2.35,Slightly Delayed,Traffic
4926104391,13060,24-10-2023 08:02,24-10-2023 08:16,14,3.91,Slightly Delayed,Traffic
1827844756,78517,07-04-2023 11:43,07-04-2023 11:46,3,1.67,On Time,Traffic
7032037874,59618,13-06-2024 19:17,13-06-2024 19:17,0,2.75,On Time,
3779230503,52785,11-07-2023 05:30,11-07-2023 05:29,-1,2.32,On Time,
3473012553,99684,16-02-2024 21:48,16-02-2024 22:14,26,3.48,Significantly Delayed,Traffic
7988504487,99684,14-05-2024 11:42,14-05-2024 11:41,-1,1.73,On Time,
7193792738,99684,05-06-2024 15:49,05-06-2024 15:53,4,2.36,On Time,Traffic
1533583386,99684,28-08-2023 20:27,28-08-2023 20:24,-3,4.03,On Time,
7750989397,99684,07-01-2024 01:20,07-01-2024 01:24,4,2.23,On Time,Traffic
4434816229,99684,14-09-2023 07:10,14-09-2023 07:05,-5,4.05,On Time,
6896732047,99684,18-04-2024 18:08,18-04-2024 18:06,-2,4.18,On Time,
4740837071,99684,01-11-2023 15:42,01-11-2023 15:47,5,4.31,On Time,Traffic
6649631729,99684,30-09-2024 09:39,30-09-2024 09:38,-1,0.86,On Time,
5351526726,99684,28-03-2023 19:08,28-03-2023 19:04,-4,2.79,On Time,
1506082041,99684,04-05-2023 08:00,04-05-2023 07:57,-3,1.04,On Time,
1023260165,99684,16-02-2024 19:23,16-02-2024 19:23,0,3.36,On Time,
8257032403,71946,18-09-2024 21:34,18-09-2024 21:37,3,2.03,On Time,Traffic
7216524192,79713,01-09-2024 16:33,01-09-2024 16:30,-3,3.33,On Time,
8619795820,68794,04-09-2024 09:30,04-09-2024 09:51,21,4.22,Significantly Delayed,Traffic
6494708839,36208,18-06-2023 16:18,18-06-2023 16:19,1,4.68,On Time,Traffic
9859249765,19900,13-05-2024 14:10,13-05-2024 14:07,-3,4.49,On Time,
3528020011,32566,12-11-2023 12:01,12-11-2023 12:04,3,2.96,On Time,Traffic
5937934264,41221,11-09-2024 19:35,11-09-2024 19:50,15,1.83,Slightly Delayed,Traffic
2976477423,2591,17-08-2023 07:47,17-08-2023 07:47,0,2.26,On Time,
1002438039,52508,17-02-2024 03:44,17-02-2024 03:43,-1,1.4,On Time,
2571163022,59402,06-02-2024 22:20,06-02-2024 22:34,14,4.14,Slightly Delayed,Traffic
6850221497,43013,21-07-2024 22:52,21-07-2024 22:47,-5,3.02,On Time,
4706569127,74560,27-07-2023 18:51,27-07-2023 18:56,5,4.56,On Time,Traffic
8168261752,18998,22-04-2024 06:30,22-04-2024 06:53,23,2.24,Significantly Delayed,Traffic
5828325906,34564,04-12-2023 11:59,04-12-2023 11:57,-2,4.29,On Time,
5012271549,31783,21-09-2024 10:19,21-09-2024 10:47,28,2.59,Significantly Delayed,Traffic
8110316958,29001,30-01-2024 19:48,30-01-2024 19:45,-3,1.73,On Time,
3190808443,42099,10-01-2024 09:00,10-01-2024 08:56,-4,0.54,On Time,
7175472728,42099,12-09-2023 12:01,12-09-2023 12:01,0,4.77,On Time,
6011117738,42099,07-01-2024 11:01,07-01-2024 11:04,3,1.47,On Time,Traffic
5592928753,42099,23-08-2024 20:59,23-08-2024 21:10,11,3.13,Slightly Delayed,Traffic
3952040848,42099,09-05-2024 00:41,09-05-2024 00:39,-2,4.44,On Time,
7026479520,42099,17-07-2024 22:17,17-07-2024 22:19,2,3.2,On Time,Traffic
6572695161,42099,18-03-2024 08:32,18-03-2024 08:32,0,0.88,On Time,
9090769419,42099,02-09-2024 03:29,02-09-2024 03:25,-4,2.74,On Time,
5979489110,42099,07-09-2023 08:03,07-09-2023 08:05,2,1.9,On Time,Traffic
964698323,42099,30-09-2024 23:34,30-09-2024 23:39,5,2.87,On Time,Traffic
2304242664,76144,21-03-2024 08:47,21-03-2024 08:47,0,2.7,On Time,
2483843748,62504,24-05-2023 09:35,24-05-2023 09:38,3,0.78,On Time,Traffic
2560588609,62504,21-06-2024 01:35,21-06-2024 01:36,1,1.87,On Time,Traffic
9268920928,62504,05-07-2023 12:44,05-07-2023 12:48,4,1.7,On Time,Traffic
9554019312,62504,08-09-2023 02:10,08-09-2023 02:05,-5,3.54,On Time,
3749174258,62504,13-02-2024 07:59,13-02-2024 08:10,11,2.28,Slightly Delayed,Traffic
3947164241,62504,04-11-2024 20:43,04-11-2024 20:47,4,3.26,On Time,Traffic
487327038,62504,05-10-2023 00:41,05-10-2023 00:44,3,1.42,On Time,Traffic
8830321199,62504,10-08-2024 06:17,10-08-2024 06:32,15,1.29,Slightly Delayed,Traffic
3811318591,44363,07-07-2023 13:10,07-07-2023 13:08,-2,4,On Time,
6795601573,52656,13-12-2023 02:49,13-12-2023 02:45,-4,3.02,On Time,
2348495717,80421,27-06-2023 01:11,27-06-2023 01:11,0,3.49,On Time,
9505736584,32176,04-06-2024 05:50,04-06-2024 06:08,18,2.92,Significantly Delayed,Traffic
1857227304,24481,19-03-2024 08:01,19-03-2024 08:05,4,3.14,On Time,Traffic
5506485302,21250,19-05-2023 06:53,19-05-2023 06:48,-5,2.4,On Time,
6074837981,2837,20-04-2024 13:08,20-04-2024 13:06,-2,3.59,On Time,
4150569633,40413,29-10-2023 11:37,29-10-2023 12:01,24,3.71,Significantly Delayed,Traffic
609838437,34363,13-12-2023 05:18,13-12-2023 05:13,-5,1.66,On Time,
5229657139,96161,03-10-2023 12:08,03-10-2023 12:21,13,2.36,Slightly Delayed,Traffic
2589639350,90443,01-08-2023 11:06,01-08-2023 11:03,-3,3.06,On Time,
7656948165,8275,07-06-2023 10:41,07-06-2023 10:54,13,2.72,Slightly Delayed,Traffic
1806563605,16607,24-12-2023 00:41,24-12-2023 00:45,4,2.11,On Time,Traffic
359819834,70910,27-12-2023 12:56,27-12-2023 13:25,29,1.31,Significantly Delayed,Traffic
1908423841,62488,28-10-2023 05:07,28-10-2023 05:08,1,1.43,On Time,Traffic
299859815,62089,16-01-2024 03:03,16-01-2024 03:13,10,4.11,Slightly Delayed,Traffic
923659418,24003,16-04-2023 13:32,16-04-2023 13:33,1,2.11,On Time,Traffic
3560625119,64562,13-05-2023 20:04,13-05-2023 20:14,10,2.61,Slightly Delayed,Traffic
7111490680,9546,24-01-2024 19:29,24-01-2024 19:37,8,1.85,Slightly Delayed,Traffic
5766981431,55608,14-01-2024 04:42,14-01-2024 04:47,5,4.34,On Time,Traffic
8609945311,66475,03-05-2024 10:10,03-05-2024 10:07,-3,3.22,On Time,
1691260635,74826,17-06-2024 10:35,17-06-2024 10:39,4,3.43,On Time,Traffic
8742091504,69967,03-07-2023 23:41,03-07-2023 23:54,13,3.54,Slightly Delayed,Traffic
1997833025,77103,28-07-2023 23:39,28-07-2023 23:37,-2,2.37,On Time,
3588296877,73215,13-08-2024 08:19,13-08-2024 08:44,25,3.92,Significantly Delayed,Traffic
2404804990,38923,24-12-2023 12:50,24-12-2023 12:59,9,3.6,Slightly Delayed,Traffic
8091385479,66240,09-04-2024 15:31,09-04-2024 15:36,5,1.44,On Time,Traffic
7133174424,63462,22-06-2023 03:42,22-06-2023 03:43,1,1.38,On Time,Traffic
6110446321,60577,27-10-2024 02:11,27-10-2024 02:14,3,4.49,On Time,Traffic
6964586050,40358,04-08-2024 18:49,04-08-2024 18:45,-4,2.19,On Time,
2351986014,34744,21-04-2023 13:04,21-04-2023 13:16,12,1.66,Slightly Delayed,Traffic
352569720,34744,23-06-2023 00:39,23-06-2023 00:34,-5,4.29,On Time,
1235280275,34744,09-08-2023 22:57,09-08-2023 22:58,1,1.62,On Time,Traffic
9399859705,34744,29-10-2023 01:29,29-10-2023 01:24,-5,1.12,On Time,
7530379037,34744,02-08-2024 19:58,02-08-2024 20:03,5,4.3,On Time,Traffic
5952886441,34744,12-03-2024 11:39,12-03-2024 11:37,-2,3.27,On Time,
5815833211,34744,08-02-2024 19:27,08-02-2024 19:27,0,4.11,On Time,
7307394687,34744,01-05-2024 11:04,01-05-2024 10:59,-5,4.97,On Time,
6033014029,34744,21-10-2024 14:09,21-10-2024 14:20,11,2.16,Slightly Delayed,Traffic
1409944718,34744,19-08-2023 14:25,19-08-2023 14:28,3,4.11,On Time,Traffic
1811382200,34744,25-08-2023 19:20,25-08-2023 19:16,-4,1.62,On Time,
4485391413,34744,21-12-2023 09:15,21-12-2023 09:19,4,3.19,On Time,Traffic
4076279641,34744,12-07-2023 17:35,12-07-2023 17:43,8,3.35,Slightly Delayed,Traffic
2965387566,34744,16-08-2023 11:55,16-08-2023 12:00,5,3.9,On Time,Traffic
9397774189,34744,28-06-2023 08:29,28-06-2023 08:26,-3,3.57,On Time,
1437159967,34744,07-06-2024 01:59,07-06-2024 01:58,-1,0.58,On Time,
8397785448,34744,04-09-2024 03:11,04-09-2024 03:15,4,1.34,On Time,Traffic
2778606949,34744,13-10-2024 14:09,13-10-2024 14:09,0,2.56,On Time,
1774096863,34744,13-06-2023 05:47,13-06-2023 05:47,0,3.85,On Time,
1497256618,34744,26-04-2023 23:38,26-04-2023 23:41,3,3.64,On Time,Traffic
734095510,34744,03-06-2024 21:44,03-06-2024 21:47,3,4.78,On Time,Traffic
5755859055,34744,30-10-2024 14:37,30-10-2024 14:54,17,1.07,Significantly Delayed,Traffic
5840290569,34744,18-09-2023 04:09,18-09-2023 04:08,-1,4.15,On Time,
8200985533,34744,08-01-2024 07:39,08-01-2024 07:36,-3,4.54,On Time,
3255590064,34744,21-04-2023 04:51,21-04-2023 04:54,3,0.57,On Time,Traffic
4258404747,34744,11-10-2024 02:30,11-10-2024 02:29,-1,1.33,On Time,
2455161115,34744,29-01-2024 09:17,29-01-2024 09:17,0,0.68,On Time,
4448004569,49742,10-01-2024 02:13,10-01-2024 02:08,-5,1.77,On Time,
5951090793,35150,20-04-2024 19:26,20-04-2024 19:29,3,4.97,On Time,Traffic
7402491996,15459,14-07-2024 07:02,14-07-2024 07:04,2,1.19,On Time,Traffic
8532411923,82328,16-07-2024 19:12,16-07-2024 19:19,7,4.22,Slightly Delayed,Traffic
7130555385,48673,16-01-2024 14:55,16-01-2024 15:07,12,4.26,Slightly Delayed,Traffic
4338197132,9198,11-10-2024 07:23,11-10-2024 07:19,-4,4.4,On Time,
8044366071,31310,30-04-2023 14:14,30-04-2023 14:19,5,3.38,On Time,Traffic
4135251774,81045,09-10-2024 12:06,09-10-2024 12:05,-1,2.86,On Time,
6331483812,45259,06-09-2024 22:57,06-09-2024 23:06,9,0.54,Slightly Delayed,Traffic
6705171000,45259,04-09-2023 20:42,04-09-2023 20:42,0,4.31,On Time,
7850128898,45259,28-06-2024 07:48,28-06-2024 08:05,17,3.07,Significantly Delayed,Traffic
3602554049,45259,28-07-2023 15:16,28-07-2023 15:35,19,1.84,Significantly Delayed,Traffic
1070259187,45259,09-06-2023 11:18,09-06-2023 11:19,1,1.5,On Time,Traffic
8412338399,45259,28-10-2024 19:05,28-10-2024 19:11,6,2.1,Slightly Delayed,Traffic
1478022303,45259,31-12-2023 16:13,31-12-2023 16:08,-5,1.19,On Time,
2376108199,45259,13-05-2024 16:23,13-05-2024 16:27,4,4.27,On Time,Traffic
5243035202,45259,20-10-2024 00:49,20-10-2024 00:45,-4,2.6,On Time,
3687581971,45259,05-10-2024 14:15,05-10-2024 14:28,13,4.62,Slightly Delayed,Traffic
7008586055,45259,24-05-2023 05:23,24-05-2023 05:41,18,3.94,Significantly Delayed,Traffic
5142069216,45259,25-02-2024 15:21,25-02-2024 15:21,0,4.56,On Time,
4152441944,45259,25-04-2023 10:33,25-04-2023 10:32,-1,2.98,On Time,
5601670348,47213,29-10-2024 00:34,29-10-2024 00:45,11,4.64,Slightly Delayed,Traffic
605105099,39281,30-12-2023 08:32,30-12-2023 08:30,-2,2.32,On Time,
4054936140,39281,19-04-2024 08:19,19-04-2024 08:24,5,4.95,On Time,Traffic
8741892156,39281,15-11-2023 05:02,15-11-2023 05:12,10,1.27,Slightly Delayed,Traffic
9143640828,39281,18-07-2023 13:25,18-07-2023 13:33,8,0.83,Slightly Delayed,Traffic
6900876252,39281,21-02-2024 17:10,21-02-2024 17:05,-5,0.55,On Time,
9801174908,39281,27-04-2024 11:59,27-04-2024 12:07,8,2.38,Slightly Delayed,Traffic
551343632,39281,20-02-2024 20:04,20-02-2024 20:06,2,0.79,On Time,Traffic
7961173808,39281,05-06-2023 00:42,05-06-2023 00:37,-5,0.58,On Time,
328909145,39281,26-09-2024 16:53,26-09-2024 16:57,4,1.52,On Time,Traffic
5551173528,16125,03-11-2024 06:17,03-11-2024 06:21,4,1.24,On Time,Traffic
4461788759,90986,23-04-2024 20:56,23-04-2024 21:01,5,3.67,On Time,Traffic
7256212429,87815,16-03-2024 22:15,16-03-2024 22:15,0,1.74,On Time,
9104077642,20446,24-10-2024 13:36,24-10-2024 13:35,-1,2.5,On Time,
2914056235,86053,02-01-2024 13:10,02-01-2024 13:10,0,2.9,On Time,
9127632807,86053,30-05-2023 13:25,30-05-2023 13:30,5,0.77,On Time,Traffic
6070154414,86053,19-06-2023 19:24,19-06-2023 19:29,5,1.12,On Time,Traffic
2318969828,86053,26-03-2023 20:22,26-03-2023 20:19,-3,1.54,On Time,
3813047994,86053,20-12-2023 00:11,20-12-2023 00:07,-4,4.11,On Time,
1416102774,86053,27-04-2024 16:46,27-04-2024 16:59,13,3.89,Slightly Delayed,Traffic
8086834412,86053,08-03-2024 19:36,08-03-2024 19:34,-2,2.96,On Time,
6193826826,86053,05-08-2023 01:25,05-08-2023 01:28,3,4.12,On Time,Traffic
8444509148,86053,21-02-2024 22:45,21-02-2024 22:46,1,2.07,On Time,Traffic
42332130,86053,17-10-2024 17:18,17-10-2024 17:15,-3,4.62,On Time,
6009342120,86053,02-03-2024 09:13,02-03-2024 09:20,7,2.55,Slightly Delayed,Traffic
4818516411,86053,09-10-2023 12:27,09-10-2023 12:24,-3,0.77,On Time,
1039229544,86053,10-08-2024 17:14,10-08-2024 17:10,-4,4,On Time,
1515943657,86053,07-09-2023 18:40,07-09-2023 18:44,4,2.85,On Time,Traffic
9183547951,76728,20-01-2024 20:10,20-01-2024 20:09,-1,3.84,On Time,
8478376092,68285,17-04-2023 02:17,17-04-2023 02:18,1,4.44,On Time,Traffic
1454073903,31737,16-09-2023 09:09,16-09-2023 09:16,7,1.07,Slightly Delayed,Traffic
2855402284,28578,30-07-2023 01:02,30-07-2023 01:05,3,1.43,On Time,Traffic
7245730533,51934,26-05-2024 08:09,26-05-2024 08:22,13,3.72,Slightly Delayed,Traffic
2272892659,68804,26-07-2023 10:59,26-07-2023 11:10,11,3.17,Slightly Delayed,Traffic
9087377568,37895,21-02-2024 02:34,21-02-2024 02:33,-1,0.61,On Time,
8443685057,52458,02-07-2023 01:57,02-07-2023 01:59,2,4.12,On Time,Traffic
1590988730,33843,21-12-2023 22:41,21-12-2023 22:41,0,1.82,On Time,
7357811417,7496,29-09-2024 09:54,29-09-2024 09:53,-1,2.74,On Time,
394951937,34174,24-04-2024 18:12,24-04-2024 18:17,5,2.64,On Time,Traffic
3967445448,61413,02-11-2023 15:08,02-11-2023 15:07,-1,1,On Time,
6101022928,8083,02-10-2024 18:26,02-10-2024 18:31,5,2.35,On Time,Traffic
6322372546,8035,19-02-2024 10:16,19-02-2024 10:35,19,3.99,Significantly Delayed,Traffic
9778782281,10170,14-04-2023 21:54,14-04-2023 22:07,13,1.54,Slightly Delayed,Traffic
3867563962,7531,24-12-2023 17:39,24-12-2023 17:34,-5,1.13,On Time,
9277710098,71248,02-04-2023 16:48,02-04-2023 16:58,10,1.62,Slightly Delayed,Traffic
7669322773,58926,29-08-2023 13:20,29-08-2023 13:22,2,4.08,On Time,Traffic
3917427529,26537,12-10-2024 12:18,12-10-2024 12:33,15,3.25,Slightly Delayed,Traffic
1934158144,30587,02-04-2024 17:23,02-04-2024 17:28,5,2,On Time,Traffic
3157338466,92146,24-08-2023 16:16,24-08-2023 16:11,-5,0.71,On Time,
9640662474,20774,09-04-2024 14:27,09-04-2024 14:38,11,3.54,Slightly Delayed,Traffic
2356272189,20774,09-04-2024 02:20,09-04-2024 02:21,1,1.61,On Time,Traffic
1380510406,20774,27-07-2024 20:31,27-07-2024 20:35,4,0.78,On Time,Traffic
8008377895,20774,26-06-2023 13:29,26-06-2023 13:58,29,4.97,Significantly Delayed,Traffic
3680678403,20774,31-03-2023 00:33,31-03-2023 00:34,1,1.06,On Time,Traffic
2847236502,20774,16-07-2024 11:07,16-07-2024 11:10,3,4.81,On Time,Traffic
5212392063,20774,17-06-2024 03:00,17-06-2024 02:58,-2,3.59,On Time,
3804024939,20774,27-01-2024 21:31,27-01-2024 21:32,1,3.59,On Time,Traffic
5395870775,20774,01-08-2024 19:33,01-08-2024 19:29,-4,4.3,On Time,
511736499,20774,24-10-2024 21:33,24-10-2024 21:38,5,1.88,On Time,Traffic
2895886759,20774,07-09-2023 22:39,07-09-2023 22:45,6,2.56,Slightly Delayed,Traffic
6638513435,20774,04-08-2024 13:21,04-08-2024 13:18,-3,2.01,On Time,
4168083780,20774,09-06-2024 04:48,09-06-2024 04:49,1,1.79,On Time,Traffic
2501516144,20774,01-10-2024 09:25,01-10-2024 09:23,-2,3.25,On Time,
7141387557,20774,18-08-2023 21:32,18-08-2023 21:30,-2,1.86,On Time,
2747350024,20774,16-08-2024 13:31,16-08-2024 13:30,-1,4.75,On Time,
9503407492,20774,25-08-2023 22:56,25-08-2023 23:14,18,4.98,Significantly Delayed,Traffic
4845607487,20774,17-03-2023 19:02,17-03-2023 19:05,3,3.65,On Time,Traffic
2051769691,58157,06-09-2023 16:38,06-09-2023 16:33,-5,0.58,On Time,
1092990139,53064,01-10-2024 01:33,01-10-2024 01:37,4,4.37,On Time,Traffic
5527612319,48508,12-09-2024 00:12,12-09-2024 00:12,0,1.13,On Time,
8852367079,5117,07-04-2024 05:25,07-04-2024 05:27,2,1.95,On Time,Traffic
1666202264,32884,07-05-2023 10:39,07-05-2023 10:45,6,1.93,Slightly Delayed,Traffic
8606484804,49631,18-06-2024 15:37,18-06-2024 15:43,6,4.72,Slightly Delayed,Traffic
8905341102,49631,08-02-2024 04:28,08-02-2024 04:27,-1,4.88,On Time,
5418735913,49631,11-07-2024 11:56,11-07-2024 11:54,-2,3.74,On Time,
970377475,49631,03-09-2024 22:57,03-09-2024 22:56,-1,3.62,On Time,
7320527109,49631,18-01-2024 12:58,18-01-2024 12:57,-1,1.77,On Time,
5120698,49631,09-06-2023 12:25,09-06-2023 12:40,15,4.82,Slightly Delayed,Traffic
3812396179,49631,22-07-2023 08:46,22-07-2023 08:41,-5,4.05,On Time,
8178951021,49631,24-03-2024 19:08,24-03-2024 19:26,18,2.67,Significantly Delayed,Traffic
2479115586,49631,14-03-2024 18:51,14-03-2024 18:55,4,2.28,On Time,Traffic
6239453389,49631,08-10-2023 01:30,08-10-2023 01:26,-4,4.5,On Time,
3136508414,49631,22-07-2024 15:33,22-07-2024 15:30,-3,4.05,On Time,
5521273487,49631,18-05-2024 15:16,18-05-2024 15:42,26,1.94,Significantly Delayed,Traffic
5445047872,49631,17-10-2023 05:49,17-10-2023 05:54,5,1.85,On Time,Traffic
3678525130,82096,20-03-2023 18:33,20-03-2023 18:35,2,4.74,On Time,Traffic
9328056960,99744,14-08-2024 06:36,14-08-2024 06:43,7,2.58,Slightly Delayed,Traffic
2109203997,72612,04-05-2024 18:35,04-05-2024 18:47,12,3.92,Slightly Delayed,Traffic
556665455,18521,08-02-2024 01:22,08-02-2024 01:49,27,2.43,Significantly Delayed,Traffic
6573705785,13849,23-11-2023 12:49,23-11-2023 12:45,-4,4.68,On Time,
2609502403,70771,31-10-2024 18:35,31-10-2024 18:37,2,0.9,On Time,Traffic
1463293930,70771,06-06-2024 14:41,06-06-2024 14:36,-5,0.57,On Time,
8132887999,70771,25-02-2024 16:24,25-02-2024 16:35,11,3.77,Slightly Delayed,Traffic
7178789018,70771,12-09-2023 09:09,12-09-2023 09:06,-3,3.9,On Time,
2295700159,70771,11-03-2024 12:48,11-03-2024 12:55,7,1.35,Slightly Delayed,Traffic
9277089038,70771,15-04-2023 20:21,15-04-2023 20:29,8,4.2,Slightly Delayed,Traffic
145057465,70771,02-11-2024 09:09,02-11-2024 09:04,-5,1.62,On Time,
9452353274,70771,10-10-2024 19:37,10-10-2024 19:38,1,4.42,On Time,Traffic
5434328922,70771,08-02-2024 07:46,08-02-2024 07:44,-2,0.77,On Time,
3327051807,70771,02-10-2023 17:06,02-10-2023 17:09,3,0.96,On Time,Traffic
1461604569,70771,26-04-2024 02:18,26-04-2024 02:17,-1,3.85,On Time,
606518084,70771,28-10-2023 16:21,28-10-2023 16:21,0,4.31,On Time,
7637625389,70771,15-10-2023 20:38,15-10-2023 20:43,5,1.57,On Time,Traffic
7311621328,70771,07-04-2024 02:48,07-04-2024 03:18,30,0.52,Significantly Delayed,Traffic
8790217194,70771,25-03-2024 01:39,25-03-2024 01:52,13,1.76,Slightly Delayed,Traffic
1772445313,70771,21-07-2023 00:41,21-07-2023 00:44,3,1.4,On Time,Traffic
159394992,70771,06-08-2024 06:59,06-08-2024 07:00,1,2.13,On Time,Traffic
7992910755,70771,12-07-2023 09:26,12-07-2023 09:54,28,1.99,Significantly Delayed,Traffic
1786931285,70771,29-06-2023 04:59,29-06-2023 04:55,-4,3.08,On Time,
2225520858,70771,22-11-2023 13:18,22-11-2023 13:16,-2,3.21,On Time,
5635738740,70771,28-09-2023 14:45,28-09-2023 14:45,0,0.82,On Time,
2230824358,70771,24-05-2023 15:39,24-05-2023 15:53,14,1.33,Slightly Delayed,Traffic
9217211301,70771,15-06-2023 10:35,15-06-2023 10:32,-3,1.26,On Time,
4501870609,70771,10-07-2024 08:28,10-07-2024 08:33,5,2.15,On Time,Traffic
838401679,70771,23-07-2023 07:40,23-07-2023 07:55,15,3,Slightly Delayed,Traffic
9587315528,70771,07-08-2024 00:21,07-08-2024 00:26,5,1.12,On Time,Traffic
3122936945,70771,06-05-2023 23:26,06-05-2023 23:25,-1,0.97,On Time,
6093390755,70771,24-11-2023 13:36,24-11-2023 13:39,3,1.17,On Time,Traffic
2032956677,70771,02-05-2024 21:43,02-05-2024 21:50,7,3.45,Slightly Delayed,Traffic
1488430001,70771,04-08-2024 15:26,04-08-2024 15:40,14,3.83,Slightly Delayed,Traffic
615391848,70771,12-09-2024 21:57,12-09-2024 21:53,-4,3.51,On Time,
8686093533,70771,06-02-2024 06:08,06-02-2024 06:04,-4,4.08,On Time,
7038758506,70771,08-05-2023 06:34,08-05-2023 06:39,5,3.71,On Time,Traffic
2385966456,70771,22-08-2023 08:04,22-08-2023 08:11,7,3.99,Slightly Delayed,Traffic
259622674,70771,05-05-2023 00:47,05-05-2023 00:52,5,4.25,On Time,Traffic
2580381935,70771,05-05-2024 10:03,05-05-2024 10:03,0,0.56,On Time,
5035471587,70771,05-01-2024 02:16,05-01-2024 02:17,1,3.86,On Time,Traffic
9421270813,70771,22-04-2024 06:18,22-04-2024 06:23,5,4.69,On Time,Traffic
1831516625,70771,29-03-2024 20:21,29-03-2024 20:28,7,4.68,Slightly Delayed,Traffic
1918841793,70771,17-06-2024 21:18,17-06-2024 21:14,-4,2.34,On Time,
1757159071,70771,13-03-2024 10:13,13-03-2024 10:21,8,1.28,Slightly Delayed,Traffic
7589464630,70771,12-07-2024 13:30,12-07-2024 13:39,9,4.41,Slightly Delayed,Traffic
1577085460,70771,22-09-2023 10:11,22-09-2023 10:08,-3,2.54,On Time,
2279018877,70771,10-06-2024 14:43,10-06-2024 14:57,14,3.4,Slightly Delayed,Traffic
7431412128,70771,29-05-2023 04:19,29-05-2023 04:22,3,2.93,On Time,Traffic
8781520615,70771,14-04-2024 08:26,14-04-2024 08:27,1,1.71,On Time,Traffic
1276192882,70771,08-01-2024 07:45,08-01-2024 07:42,-3,4.08,On Time,
4065794921,70771,21-03-2024 11:25,21-03-2024 11:50,25,2.02,Significantly Delayed,Traffic
1690800946,70771,29-03-2023 14:57,29-03-2023 14:59,2,0.73,On Time,Traffic
877883470,70771,07-06-2023 13:50,07-06-2023 13:58,8,1.93,Slightly Delayed,Traffic
7322044533,70771,13-10-2023 23:54,14-10-2023 00:06,12,4.98,Slightly Delayed,Traffic
5243163885,70771,19-05-2023 13:45,19-05-2023 13:48,3,2.88,On Time,Traffic
4360255357,70771,14-05-2023 08:13,14-05-2023 08:21,8,3.72,Slightly Delayed,Traffic
9623306038,70771,10-11-2023 05:43,10-11-2023 05:42,-1,3.54,On Time,
6282385286,70771,28-10-2023 07:01,28-10-2023 07:05,4,2.21,On Time,Traffic
1001900652,70771,08-09-2024 20:19,08-09-2024 20:32,13,0.53,Slightly Delayed,Traffic
5161988291,70771,01-07-2024 01:10,01-07-2024 01:05,-5,4.28,On Time,
3597752998,70771,03-04-2024 13:44,03-04-2024 13:44,0,3.13,On Time,
9074325310,70771,23-04-2024 16:27,23-04-2024 16:32,5,3.35,On Time,Traffic
8875965392,70771,22-01-2024 19:19,22-01-2024 19:20,1,2.12,On Time,Traffic
971081962,70771,29-08-2024 01:55,29-08-2024 01:53,-2,0.56,On Time,
1948332638,70771,08-06-2024 17:27,08-06-2024 17:32,5,2.86,On Time,Traffic
1785558780,70771,28-06-2024 17:10,28-06-2024 17:06,-4,2.32,On Time,
7590462053,70771,26-06-2024 16:49,26-06-2024 16:50,1,0.69,On Time,Traffic
2135743860,70771,22-03-2024 08:34,22-03-2024 08:39,5,2.05,On Time,Traffic
9851365751,70771,03-10-2023 16:23,03-10-2023 16:18,-5,3.35,On Time,
9243090480,95377,21-03-2023 20:03,21-03-2023 20:32,29,1.48,Significantly Delayed,Traffic
7168596454,1608,22-03-2023 02:56,22-03-2023 03:04,8,3.42,Slightly Delayed,Traffic
2483565595,25691,24-03-2023 06:30,24-03-2023 06:33,3,2.28,On Time,Traffic
2484470052,54869,09-01-2024 19:48,09-01-2024 19:51,3,3.52,On Time,Traffic
7702588270,93742,26-04-2024 20:57,26-04-2024 20:54,-3,3.23,On Time,
5992338333,91077,03-04-2023 23:47,03-04-2023 23:47,0,1.51,On Time,
9196796718,37270,06-07-2023 22:00,06-07-2023 22:04,4,1.05,On Time,Traffic
3291765954,20788,30-08-2023 07:17,30-08-2023 07:22,5,0.79,On Time,Traffic
652616858,25092,22-05-2023 12:10,22-05-2023 12:17,7,4,Slightly Delayed,Traffic
2613508245,74072,28-12-2023 17:01,28-12-2023 16:56,-5,3.67,On Time,
8169361928,2274,10-01-2024 15:31,10-01-2024 15:35,4,2.97,On Time,Traffic
9395982132,33721,05-07-2023 12:31,05-07-2023 12:35,4,3.3,On Time,Traffic
1914701538,84345,09-07-2023 14:19,09-07-2023 14:22,3,4.07,On Time,Traffic
6236279358,24906,26-05-2024 05:36,26-05-2024 06:03,27,3.51,Significantly Delayed,Traffic
2288561509,24906,04-12-2023 19:39,04-12-2023 19:46,7,2.78,Slightly Delayed,Traffic
2010415757,24906,20-06-2024 09:00,20-06-2024 08:57,-3,0.75,On Time,
7164827734,24906,16-03-2023 08:27,16-03-2023 08:24,-3,2.41,On Time,
7971819985,24906,15-04-2024 02:58,15-04-2024 02:53,-5,1.42,On Time,
8234021674,24906,29-01-2024 11:13,29-01-2024 11:16,3,2.96,On Time,Traffic
4274404843,24906,30-09-2024 02:01,30-09-2024 02:04,3,3.88,On Time,Traffic
7353519273,24906,22-09-2023 13:15,22-09-2023 13:18,3,4.96,On Time,Traffic
8539612501,24906,20-09-2024 13:41,20-09-2024 13:55,14,1.39,Slightly Delayed,Traffic
5894327065,24906,15-03-2024 13:47,15-03-2024 13:56,9,3,Slightly Delayed,Traffic
77053363,24906,04-05-2023 19:38,04-05-2023 19:38,0,2.79,On Time,
4467084478,24906,03-03-2024 12:58,03-03-2024 13:12,14,1.25,Slightly Delayed,Traffic
3514036230,24906,11-07-2023 03:17,11-07-2023 03:22,5,4.9,On Time,Traffic
4720421794,35894,16-01-2024 07:09,16-01-2024 07:24,15,3.78,Slightly Delayed,Traffic
3202903413,52139,04-08-2023 18:51,04-08-2023 18:53,2,3.39,On Time,Traffic
6938082428,60137,08-03-2024 20:53,08-03-2024 20:59,6,4.41,Slightly Delayed,Traffic
9202941711,2000,24-03-2024 14:58,24-03-2024 15:02,4,4.85,On Time,Traffic
8963522960,58520,02-11-2023 03:00,02-11-2023 03:03,3,2.14,On Time,Traffic
9266835891,69070,13-06-2024 02:31,13-06-2024 02:30,-1,0.85,On Time,
5265722064,46962,16-07-2023 02:49,16-07-2023 02:48,-1,1.85,On Time,
5514326011,75658,04-02-2024 16:28,04-02-2024 16:29,1,1.6,On Time,Traffic
9578652103,79729,13-03-2024 05:30,13-03-2024 05:27,-3,2.62,On Time,
3559061334,57403,09-06-2023 13:38,09-06-2023 13:49,11,3.12,Slightly Delayed,Traffic
637944734,35435,01-04-2023 09:35,01-04-2023 09:39,4,2.16,On Time,Traffic
7454643275,35435,14-07-2024 09:00,14-07-2024 08:57,-3,3.9,On Time,
4319342350,35435,27-08-2024 20:34,27-08-2024 20:56,22,4.35,Significantly Delayed,Traffic
7568450733,35435,09-04-2023 08:33,09-04-2023 08:30,-3,4.36,On Time,
734744305,35435,08-06-2024 12:14,08-06-2024 12:17,3,2.06,On Time,Traffic
5233331050,35435,01-05-2023 16:53,01-05-2023 16:56,3,3.36,On Time,Traffic
8326867788,35435,20-09-2023 01:25,20-09-2023 01:25,0,2.53,On Time,
8368819094,35435,15-08-2024 03:08,15-08-2024 03:07,-1,2.67,On Time,
8700151605,35435,04-08-2023 09:32,04-08-2023 09:57,25,4.17,Significantly Delayed,Traffic
6269179048,35435,11-11-2023 16:04,11-11-2023 16:02,-2,1.07,On Time,
1265254177,35435,24-09-2023 14:29,24-09-2023 14:27,-2,3.55,On Time,
9858963919,35435,02-07-2023 07:02,02-07-2023 07:31,29,3.87,Significantly Delayed,Traffic
7279564594,35435,19-01-2024 10:03,19-01-2024 09:59,-4,1.86,On Time,
6983253839,35435,03-04-2024 20:46,03-04-2024 20:47,1,4.36,On Time,Traffic
9479808024,35435,16-10-2023 05:54,16-10-2023 05:50,-4,2.46,On Time,
3583522679,35435,06-09-2023 12:08,06-09-2023 12:09,1,0.96,On Time,Traffic
1923226423,35435,28-07-2024 07:54,28-07-2024 07:56,2,3.73,On Time,Traffic
664198080,35435,12-08-2023 06:42,12-08-2023 06:41,-1,2.9,On Time,
4224700084,35435,28-08-2024 23:36,28-08-2024 23:36,0,2.73,On Time,
969621016,35435,23-01-2024 19:34,23-01-2024 19:39,5,2.17,On Time,Traffic
8178275820,35435,05-04-2024 10:00,05-04-2024 10:12,12,2.27,Slightly Delayed,Traffic
4949766982,35435,11-09-2024 00:33,11-09-2024 00:37,4,2.3,On Time,Traffic
5258344385,35435,14-10-2023 18:08,14-10-2023 18:12,4,1.13,On Time,Traffic
8101930640,35435,12-06-2023 06:00,12-06-2023 06:05,5,4.71,On Time,Traffic
6703316563,35435,25-01-2024 18:07,25-01-2024 18:22,15,4.65,Slightly Delayed,Traffic
7680297690,35435,12-02-2024 07:11,12-02-2024 07:13,2,4.55,On Time,Traffic
7256340388,35435,08-10-2023 07:35,08-10-2023 08:04,29,3.92,Significantly Delayed,Traffic
2538269668,35435,23-06-2023 08:27,23-06-2023 08:27,0,2.15,On Time,
7506762237,35435,10-06-2023 01:56,10-06-2023 02:19,23,4.76,Significantly Delayed,Traffic
6585436114,35435,13-03-2024 22:01,13-03-2024 22:08,7,2.49,Slightly Delayed,Traffic
9852996866,35435,26-06-2024 12:54,26-06-2024 12:49,-5,1.69,On Time,
1991135167,35435,19-12-2023 20:30,19-12-2023 20:31,1,1.43,On Time,Traffic
7765110772,35435,01-06-2024 22:10,01-06-2024 22:07,-3,3.16,On Time,
3520718052,35435,07-07-2023 23:52,07-07-2023 23:52,0,3.85,On Time,
5388573375,35435,07-03-2024 13:01,07-03-2024 13:01,0,4.54,On Time,
8977771682,35435,29-04-2023 18:30,29-04-2023 18:27,-3,3.31,On Time,
3596900942,35435,03-11-2023 09:55,03-11-2023 10:08,13,2.24,Slightly Delayed,Traffic
155295996,35435,29-06-2024 03:16,29-06-2024 03:20,4,2.14,On Time,Traffic
1945536198,35435,03-05-2023 15:08,03-05-2023 15:12,4,2.21,On Time,Traffic
2550246555,35435,06-04-2023 14:39,06-04-2023 14:47,8,2.42,Slightly Delayed,Traffic
4287631655,35435,15-11-2023 04:35,15-11-2023 04:56,21,0.53,Significantly Delayed,Traffic
2033683703,35435,24-01-2024 17:49,24-01-2024 18:05,16,0.78,Significantly Delayed,Traffic
9453583714,35435,01-09-2023 04:29,01-09-2023 04:26,-3,2.23,On Time,
852886125,35435,14-07-2023 02:18,14-07-2023 02:14,-4,3.55,On Time,
5705899665,35435,27-05-2024 19:31,27-05-2024 19:30,-1,4.91,On Time,
5706043483,35435,17-07-2024 19:10,17-07-2024 19:14,4,4.04,On Time,Traffic
5190422833,35435,27-03-2023 11:43,27-03-2023 11:42,-1,4.34,On Time,
7178188501,35435,18-04-2024 13:46,18-04-2024 13:45,-1,3.33,On Time,
2864819888,35435,19-04-2024 19:49,19-04-2024 19:53,4,3.51,On Time,Traffic
7107216633,35435,27-06-2024 05:20,27-06-2024 05:26,6,1.41,Slightly Delayed,Traffic
1685382357,35435,04-05-2023 18:54,04-05-2023 19:10,16,1.64,Significantly Delayed,Traffic
7562902958,35435,08-06-2023 22:44,08-06-2023 22:45,1,3.27,On Time,Traffic
2819953077,35435,22-11-2023 08:49,22-11-2023 09:01,12,4.25,Slightly Delayed,Traffic
8453462258,35435,10-02-2024 11:57,10-02-2024 11:53,-4,0.83,On Time,
4605056279,35435,04-05-2024 16:43,04-05-2024 16:46,3,3.2,On Time,Traffic
5998035939,35435,22-02-2024 01:33,22-02-2024 01:31,-2,3.32,On Time,
2311501690,35435,26-03-2024 05:08,26-03-2024 05:06,-2,4.33,On Time,
356495722,35435,02-06-2024 00:34,02-06-2024 00:34,0,4.52,On Time,
2695448838,35435,11-06-2023 00:08,11-06-2023 00:15,7,1.36,Slightly Delayed,Traffic
6986791144,35435,08-09-2023 14:34,08-09-2023 14:46,12,4.04,Slightly Delayed,Traffic
8619571588,35435,17-01-2024 05:42,17-01-2024 05:39,-3,2.34,On Time,
4088553674,35435,25-08-2023 10:31,25-08-2023 10:58,27,4.81,Significantly Delayed,Traffic
8177907004,35435,08-01-2024 21:31,08-01-2024 21:56,25,3.11,Significantly Delayed,Traffic
8533749006,35435,30-10-2024 16:51,30-10-2024 16:59,8,4.51,Slightly Delayed,Traffic
8694014791,35435,06-08-2023 05:54,06-08-2023 06:02,8,1.27,Slightly Delayed,Traffic
6311012195,35435,27-07-2023 15:11,27-07-2023 15:09,-2,3.44,On Time,
1312767771,35435,17-09-2024 06:17,17-09-2024 06:22,5,1.58,On Time,Traffic
214919848,35435,06-01-2024 08:00,06-01-2024 08:05,5,2.87,On Time,Traffic
5521682945,35435,24-07-2024 07:41,24-07-2024 07:49,8,4.67,Slightly Delayed,Traffic
5305770811,35435,31-10-2024 07:27,31-10-2024 07:33,6,1.74,Slightly Delayed,Traffic
5842420654,35435,06-05-2024 12:16,06-05-2024 12:22,6,2.08,Slightly Delayed,Traffic
4566893863,35435,28-10-2023 09:45,28-10-2023 09:44,-1,3.38,On Time,
1523729855,35435,03-09-2024 05:03,03-09-2024 05:02,-1,4.46,On Time,
2899786983,35435,24-10-2023 12:20,24-10-2023 12:21,1,4.79,On Time,Traffic
9202528884,35435,27-05-2024 14:06,27-05-2024 14:36,30,4.54,Significantly Delayed,Traffic
4338327693,35435,19-05-2024 02:36,19-05-2024 02:49,13,4.94,Slightly Delayed,Traffic
6295686357,35435,10-01-2024 08:05,10-01-2024 08:04,-1,4.41,On Time,
6396194687,35435,20-01-2024 20:57,20-01-2024 21:01,4,3.68,On Time,Traffic
5662786245,35435,21-04-2023 00:37,21-04-2023 00:38,1,3.05,On Time,Traffic
4868150114,35435,08-01-2024 03:37,08-01-2024 03:54,17,3.86,Significantly Delayed,Traffic
502764834,35435,02-08-2024 18:13,02-08-2024 18:18,5,3.37,On Time,Traffic
5056125341,35435,23-05-2023 02:11,23-05-2023 02:22,11,0.77,Slightly Delayed,Traffic
6388618916,35435,26-01-2024 22:11,26-01-2024 22:12,1,4.19,On Time,Traffic
3508668494,35435,25-01-2024 01:14,25-01-2024 01:14,0,2.62,On Time,
5289436093,35435,18-04-2024 13:35,18-04-2024 14:01,26,3.44,Significantly Delayed,Traffic
7596333614,35435,30-03-2023 05:36,30-03-2023 05:39,3,4.44,On Time,Traffic
6284076508,35435,19-07-2024 22:50,19-07-2024 22:51,1,3.07,On Time,Traffic
340050407,35435,15-10-2024 13:32,15-10-2024 13:29,-3,4.06,On Time,
5927472701,35435,12-01-2024 17:06,12-01-2024 17:04,-2,2.81,On Time,
9216536492,35435,04-10-2024 03:52,04-10-2024 03:53,1,2.87,On Time,Traffic
3742662928,35435,03-06-2023 07:03,03-06-2023 07:00,-3,2.81,On Time,
4797768073,35435,06-07-2023 03:49,06-07-2023 04:07,18,3.18,Significantly Delayed,Traffic
6767935470,35435,17-04-2024 01:42,17-04-2024 01:43,1,4.68,On Time,Traffic
1963703928,35435,06-07-2024 00:30,06-07-2024 00:27,-3,1.88,On Time,
552470423,35435,27-02-2024 02:45,27-02-2024 02:41,-4,3.92,On Time,
739434870,35435,05-09-2023 23:22,05-09-2023 23:27,5,1.83,On Time,Traffic
7930373606,35435,09-08-2023 22:26,09-08-2023 22:31,5,4.4,On Time,Traffic
5374978054,35435,08-07-2024 14:13,08-07-2024 14:17,4,3.18,On Time,Traffic
4361797433,35435,05-08-2023 07:36,05-08-2023 07:39,3,0.64,On Time,Traffic
2002067527,35435,06-11-2023 23:18,06-11-2023 23:20,2,3.85,On Time,Traffic
4228110436,35435,23-07-2023 19:32,23-07-2023 20:02,30,3.94,Significantly Delayed,Traffic
1251118825,35435,04-05-2023 00:23,04-05-2023 00:36,13,1.52,Slightly Delayed,Traffic
7165265639,35435,20-08-2023 19:14,20-08-2023 19:09,-5,4.19,On Time,
1255323701,35435,06-03-2024 12:08,06-03-2024 12:06,-2,3.42,On Time,
807934194,35435,13-01-2024 01:58,13-01-2024 02:00,2,4.99,On Time,Traffic
7968718292,35435,30-10-2023 20:16,30-10-2023 20:17,1,4.24,On Time,Traffic
2620531979,35435,24-02-2024 12:53,24-02-2024 13:02,9,1.54,Slightly Delayed,Traffic
6943430459,35435,05-10-2024 17:32,05-10-2024 17:34,2,3.14,On Time,Traffic
5607355353,35435,23-06-2023 09:45,23-06-2023 10:06,21,3.49,Significantly Delayed,Traffic
6696352636,35435,18-06-2023 15:23,18-06-2023 15:53,30,2.78,Significantly Delayed,Traffic
9325920156,35435,12-10-2024 10:46,12-10-2024 10:56,10,3,Slightly Delayed,Traffic
2286477025,35435,02-06-2023 22:16,02-06-2023 22:20,4,3.01,On Time,Traffic
6704773223,35435,22-07-2024 09:59,22-07-2024 10:21,22,4.68,Significantly Delayed,Traffic
1435353007,35435,19-01-2024 09:23,19-01-2024 09:24,1,3.36,On Time,Traffic
8080970647,35435,25-11-2023 17:55,25-11-2023 18:00,5,1.56,On Time,Traffic
5881633926,35435,21-04-2023 19:00,21-04-2023 19:03,3,3.38,On Time,Traffic
4435459085,35435,19-08-2023 14:58,19-08-2023 14:58,0,1.72,On Time,
6172529406,35435,21-05-2024 02:22,21-05-2024 02:51,29,4.24,Significantly Delayed,Traffic
9127879048,35435,27-08-2024 07:27,27-08-2024 07:29,2,4.96,On Time,Traffic
3806545110,35435,17-08-2024 12:06,17-08-2024 12:07,1,0.92,On Time,Traffic
6919395718,35435,16-02-2024 21:46,16-02-2024 21:42,-4,2.54,On Time,
5277462976,35435,19-10-2024 15:56,19-10-2024 15:57,1,3.75,On Time,Traffic
3606274277,35435,08-08-2023 10:57,08-08-2023 10:53,-4,3.95,On Time,
2065203676,35435,15-01-2024 09:47,15-01-2024 09:52,5,3.91,On Time,Traffic
4042066387,35435,03-01-2024 04:15,03-01-2024 04:23,8,4.43,Slightly Delayed,Traffic
3604982656,35435,19-09-2024 17:23,19-09-2024 17:31,8,3.17,Slightly Delayed,Traffic
1149676745,35435,20-10-2023 20:29,20-10-2023 20:29,0,1.02,On Time,
3895011687,35435,23-03-2024 19:56,23-03-2024 20:01,5,4.37,On Time,Traffic
772505056,35435,13-07-2023 01:20,13-07-2023 01:17,-3,3.9,On Time,
5574765914,35435,25-10-2024 23:45,25-10-2024 23:42,-3,0.72,On Time,
8812616740,35435,26-06-2023 21:25,26-06-2023 21:29,4,2.53,On Time,Traffic
1486655525,35435,21-04-2024 13:27,21-04-2024 13:29,2,3.44,On Time,Traffic
8423025639,35435,06-06-2024 13:25,06-06-2024 13:39,14,2.22,Slightly Delayed,Traffic
9020705185,35435,29-12-2023 19:30,29-12-2023 19:31,1,4.57,On Time,Traffic
7719808698,35435,18-08-2023 11:48,18-08-2023 11:50,2,3.05,On Time,Traffic
3414036630,35435,05-04-2024 03:13,05-04-2024 03:09,-4,3.73,On Time,
4157869967,35435,05-05-2023 14:32,05-05-2023 14:34,2,2.57,On Time,Traffic
4873887251,35435,20-09-2023 00:58,20-09-2023 01:01,3,2.77,On Time,Traffic
8031946454,35435,29-08-2023 21:07,29-08-2023 21:06,-1,2.72,On Time,
8168056170,35435,28-08-2023 05:02,28-08-2023 05:16,14,0.57,Slightly Delayed,Traffic
3108512811,35435,10-02-2024 08:35,10-02-2024 08:37,2,2.16,On Time,Traffic
1680591951,35435,11-03-2024 21:19,11-03-2024 21:16,-3,4.57,On Time,
559245731,35435,08-09-2024 16:06,08-09-2024 16:11,5,2.33,On Time,Traffic
8655600303,71557,27-04-2024 17:51,27-04-2024 17:48,-3,1.6,On Time,
8247327365,11031,25-09-2024 11:28,25-09-2024 11:42,14,3.86,Slightly Delayed,Traffic
9153347285,3684,22-06-2023 03:11,22-06-2023 03:11,0,2.46,On Time,
1977533409,4601,18-12-2023 12:21,18-12-2023 12:18,-3,1.34,On Time,
2433646621,67633,03-11-2024 11:19,03-11-2024 11:28,9,1.03,Slightly Delayed,Traffic
22830983,39491,04-06-2023 21:26,04-06-2023 21:44,18,1.59,Significantly Delayed,Traffic
1143763031,61900,09-08-2024 21:58,09-08-2024 21:59,1,1.67,On Time,Traffic
8524056436,33639,06-09-2023 13:57,06-09-2023 13:54,-3,3.93,On Time,
4262338791,37767,17-10-2024 07:57,17-10-2024 07:57,0,1.32,On Time,
187728451,36559,27-11-2023 21:16,27-11-2023 21:15,-1,3.79,On Time,
6754346312,88168,19-06-2023 12:49,19-06-2023 12:48,-1,2.23,On Time,
5790622967,37995,27-02-2024 00:35,27-02-2024 00:34,-1,4.92,On Time,
4305348838,11295,03-03-2024 20:45,03-03-2024 21:10,25,1.16,Significantly Delayed,Traffic
2902411553,73699,01-11-2023 02:39,01-11-2023 02:36,-3,1.16,On Time,
3691199770,72299,13-05-2024 05:37,13-05-2024 05:40,3,4.77,On Time,Traffic
775709102,73558,26-08-2023 03:14,26-08-2023 03:13,-1,1,On Time,
5262508570,196,06-07-2024 11:25,06-07-2024 11:25,0,3.11,On Time,
192109127,98838,16-09-2024 08:39,16-09-2024 08:49,10,2.64,Slightly Delayed,Traffic
1108215973,3643,17-12-2023 09:46,17-12-2023 09:52,6,0.96,Slightly Delayed,Traffic
1719134546,3235,10-07-2024 13:29,10-07-2024 13:31,2,1.4,On Time,Traffic
5280263316,81900,28-06-2024 12:47,28-06-2024 13:15,28,1.87,Significantly Delayed,Traffic
9448306266,70480,16-04-2024 04:59,16-04-2024 04:54,-5,0.55,On Time,
8023626961,50594,26-09-2023 01:50,26-09-2023 01:59,9,1.49,Slightly Delayed,Traffic
1118405605,72673,26-06-2023 11:37,26-06-2023 11:46,9,0.56,Slightly Delayed,Traffic
8226034341,39659,25-11-2023 02:55,25-11-2023 02:58,3,4.97,On Time,Traffic
6976835753,67913,22-02-2024 14:06,22-02-2024 14:03,-3,0.59,On Time,
9171564499,39820,04-12-2023 00:12,04-12-2023 00:20,8,2.2,Slightly Delayed,Traffic
5393607402,32010,17-12-2023 20:15,17-12-2023 20:11,-4,3.76,On Time,
5670040592,57209,25-05-2024 05:59,25-05-2024 06:01,2,3.5,On Time,Traffic
6736891890,72028,21-10-2024 09:46,21-10-2024 09:58,12,3.45,Slightly Delayed,Traffic
1223255075,4873,18-08-2023 00:18,18-08-2023 00:19,1,3.99,On Time,Traffic
8158413630,56303,30-08-2024 16:59,30-08-2024 16:57,-2,4.08,On Time,
7867573412,62986,14-09-2023 02:09,14-09-2023 02:29,20,2.24,Significantly Delayed,Traffic
1624690598,41423,23-03-2024 04:10,23-03-2024 04:06,-4,1.09,On Time,
8968945932,53832,07-09-2024 07:16,07-09-2024 07:42,26,1.18,Significantly Delayed,Traffic
1645212433,77571,07-08-2024 04:41,07-08-2024 05:08,27,4.25,Significantly Delayed,Traffic
9187046038,84082,13-06-2023 14:54,13-06-2023 14:58,4,1.42,On Time,Traffic
9305357757,84853,12-05-2023 22:25,12-05-2023 22:22,-3,1.02,On Time,
8312320295,27452,29-06-2024 22:36,29-06-2024 22:36,0,2.96,On Time,
3256941332,18290,22-11-2023 09:00,22-11-2023 08:56,-4,1.42,On Time,
8980502814,67937,15-10-2024 19:47,15-10-2024 19:47,0,4.79,On Time,
9270396838,46248,06-07-2023 08:58,06-07-2023 08:57,-1,1.87,On Time,
2892588628,59145,19-04-2024 18:52,19-04-2024 18:59,7,4.94,Slightly Delayed,Traffic
8774158800,69717,12-12-2023 08:42,12-12-2023 08:56,14,2.44,Slightly Delayed,Traffic
2056131802,36835,02-09-2023 05:12,02-09-2023 05:32,20,4.41,Significantly Delayed,Traffic
3528007192,53884,11-07-2023 10:10,11-07-2023 10:12,2,0.97,On Time,Traffic
2845333894,52847,28-04-2024 13:32,28-04-2024 13:43,11,2.58,Slightly Delayed,Traffic
6602340187,94455,11-03-2024 12:23,11-03-2024 12:44,21,4.65,Significantly Delayed,Traffic
721004875,61840,09-10-2023 05:13,09-10-2023 05:09,-4,2.71,On Time,
7435895360,89661,04-09-2024 00:53,04-09-2024 00:58,5,2.26,On Time,Traffic
4217659083,94726,18-01-2024 19:48,18-01-2024 20:01,13,0.56,Slightly Delayed,Traffic
9710865146,9882,11-05-2023 05:49,11-05-2023 05:54,5,0.69,On Time,Traffic
5375295409,21882,05-10-2024 06:17,05-10-2024 06:19,2,0.61,On Time,Traffic
6286044248,56074,05-05-2023 22:37,05-05-2023 22:34,-3,3.31,On Time,
1708282193,34773,25-01-2024 10:19,25-01-2024 10:22,3,3.62,On Time,Traffic
5746303677,24730,08-06-2024 13:48,08-06-2024 13:47,-1,3.82,On Time,
3271726381,5783,15-03-2024 00:52,15-03-2024 01:11,19,1.76,Significantly Delayed,Traffic
9802569856,93443,07-04-2024 09:25,07-04-2024 09:22,-3,4.31,On Time,
662460037,2466,11-10-2024 01:08,11-10-2024 01:19,11,4.74,Slightly Delayed,Traffic
8664447334,49008,08-03-2024 04:49,08-03-2024 05:18,29,4.11,Significantly Delayed,Traffic
3886370975,38359,08-05-2024 19:49,08-05-2024 19:53,4,3.43,On Time,Traffic
3547006553,31328,29-05-2024 22:21,29-05-2024 22:40,19,4.41,Significantly Delayed,Traffic
2575965518,33262,25-10-2024 23:41,25-10-2024 23:36,-5,1.24,On Time,
1529363954,55211,27-03-2024 00:35,27-03-2024 00:38,3,0.78,On Time,Traffic
8463856241,18824,10-04-2023 21:20,10-04-2023 21:27,7,4.41,Slightly Delayed,Traffic
2485242479,76138,11-04-2023 06:35,11-04-2023 06:34,-1,3.71,On Time,
9850673433,19635,06-05-2023 05:56,06-05-2023 06:03,7,1.39,Slightly Delayed,Traffic
2558680592,91792,31-05-2023 22:36,31-05-2023 22:36,0,1.77,On Time,
2859167116,34127,15-10-2024 17:55,15-10-2024 18:10,15,0.66,Slightly Delayed,Traffic
1222236371,94531,15-08-2024 00:13,15-08-2024 00:24,11,4.79,Slightly Delayed,Traffic
344177904,86602,18-08-2023 00:49,18-08-2023 00:58,9,2.27,Slightly Delayed,Traffic
6126334783,33084,03-07-2024 08:44,03-07-2024 08:49,5,2.26,On Time,Traffic
3742575364,22416,08-05-2023 17:43,08-05-2023 17:45,2,3.47,On Time,Traffic
9272166174,31701,27-07-2023 06:36,27-07-2023 06:38,2,1.13,On Time,Traffic
9416522701,14560,22-01-2024 03:22,22-01-2024 03:22,0,2.82,On Time,
7305871805,57764,11-09-2024 14:39,11-09-2024 14:38,-1,0.87,On Time,
80296810,15362,05-06-2024 03:52,05-06-2024 03:51,-1,2.47,On Time,
2806868282,5821,26-09-2024 15:30,26-09-2024 15:27,-3,3.65,On Time,
707033578,33360,30-01-2024 00:48,30-01-2024 00:49,1,3.54,On Time,Traffic
9026783092,51457,09-10-2023 16:44,09-10-2023 16:59,15,4.1,Slightly Delayed,Traffic
6229466619,63864,05-06-2023 07:30,05-06-2023 07:38,8,1.71,Slightly Delayed,Traffic
408720270,2311,26-06-2024 22:22,26-06-2024 22:38,16,1.09,Significantly Delayed,Traffic
8870165072,53009,03-11-2023 10:20,03-11-2023 10:25,5,0.8,On Time,Traffic
1979319490,28727,14-01-2024 01:37,14-01-2024 01:41,4,1.06,On Time,Traffic
840761323,88697,09-03-2024 06:30,09-03-2024 06:34,4,3.99,On Time,Traffic
744721438,47635,25-02-2024 13:03,25-02-2024 13:15,12,4.3,Slightly Delayed,Traffic
7421707488,29051,03-11-2023 23:02,03-11-2023 22:58,-4,1.44,On Time,
1212718824,72361,01-01-2024 10:13,01-01-2024 10:08,-5,4.18,On Time,
9603256001,5981,08-05-2023 16:06,08-05-2023 16:18,12,2.98,Slightly Delayed,Traffic
5626888972,53381,13-04-2024 17:26,13-04-2024 17:29,3,2.32,On Time,Traffic
2300753276,88145,07-12-2023 04:30,07-12-2023 04:39,9,1.49,Slightly Delayed,Traffic
869629562,80715,05-05-2023 21:38,05-05-2023 21:35,-3,4.42,On Time,
3429137520,82673,16-03-2024 19:42,16-03-2024 19:39,-3,1.67,On Time,
9957927297,17981,07-06-2023 05:30,07-06-2023 05:32,2,0.97,On Time,Traffic
202466684,51649,08-08-2023 06:16,08-08-2023 06:11,-5,1.48,On Time,
8465721207,56612,21-06-2024 09:15,21-06-2024 09:10,-5,2.05,On Time,
6194827199,674,20-12-2023 19:11,20-12-2023 19:07,-4,0.62,On Time,
3942174431,9886,17-02-2024 05:12,17-02-2024 05:22,10,3.08,Slightly Delayed,Traffic
3189863462,54721,17-06-2024 13:44,17-06-2024 13:41,-3,2.7,On Time,
5923573134,74712,17-02-2024 20:16,17-02-2024 20:21,5,2.43,On Time,Traffic
6659747528,93772,28-09-2024 18:45,28-09-2024 18:45,0,2.52,On Time,
6037541687,39815,10-12-2023 22:43,10-12-2023 22:45,2,2.23,On Time,Traffic
2585438297,93144,20-08-2023 13:11,20-08-2023 13:16,5,3.99,On Time,Traffic
8065774615,66569,12-12-2023 11:10,12-12-2023 11:35,25,4.95,Significantly Delayed,Traffic
1816814476,42751,04-11-2024 14:02,04-11-2024 14:05,3,0.55,On Time,Traffic
5278014717,87933,15-04-2024 03:59,15-04-2024 04:04,5,4.94,On Time,Traffic
4265447949,34338,16-08-2024 02:36,16-08-2024 03:01,25,4,Significantly Delayed,Traffic
6752221435,71642,10-02-2024 16:10,10-02-2024 16:14,4,0.55,On Time,Traffic
8943989258,43725,10-12-2023 11:17,10-12-2023 11:20,3,0.8,On Time,Traffic
4068367936,95706,21-09-2024 02:09,21-09-2024 02:08,-1,3.56,On Time,
5735156904,89407,01-04-2023 16:40,01-04-2023 16:53,13,4.91,Slightly Delayed,Traffic
2405929115,83049,09-09-2024 09:19,09-09-2024 09:42,23,2.23,Significantly Delayed,Traffic
7913167260,69504,19-04-2023 01:10,19-04-2023 01:39,29,3.92,Significantly Delayed,Traffic
1989751369,1261,18-05-2023 23:10,18-05-2023 23:22,12,2.92,Slightly Delayed,Traffic
7338050095,68204,15-10-2024 03:19,15-10-2024 03:17,-2,2.31,On Time,
9950986048,46130,09-09-2023 08:50,09-09-2023 08:53,3,3.9,On Time,Traffic
5098703807,46866,10-06-2024 02:13,10-06-2024 02:11,-2,4.46,On Time,
6937485392,42361,23-05-2023 22:57,23-05-2023 23:05,8,4.79,Slightly Delayed,Traffic
1266440097,43520,01-01-2024 03:47,01-01-2024 03:42,-5,4.01,On Time,
7415490509,48639,08-07-2023 14:15,08-07-2023 14:14,-1,4.12,On Time,
7284991749,4135,10-12-2023 09:47,10-12-2023 09:46,-1,2.92,On Time,
4645792703,36301,04-12-2023 23:23,04-12-2023 23:18,-5,2.04,On Time,
3174938939,50364,27-03-2023 06:25,27-03-2023 06:25,0,3.76,On Time,
1752712049,67307,31-08-2024 16:13,31-08-2024 16:25,12,4.33,Slightly Delayed,Traffic
8187201830,55955,30-04-2024 04:43,30-04-2024 04:39,-4,4.44,On Time,
6900896329,97185,01-02-2024 02:39,01-02-2024 02:41,2,2.14,On Time,Traffic
3793977529,52853,02-09-2023 19:22,02-09-2023 19:22,0,4.5,On Time,
194459698,66295,15-06-2023 15:59,15-06-2023 15:58,-1,1.01,On Time,
9330447952,8867,30-03-2024 18:40,30-03-2024 18:45,5,3.13,On Time,Traffic
2097372277,42338,25-01-2024 05:00,25-01-2024 04:56,-4,0.71,On Time,
7060954153,21872,01-11-2023 21:12,01-11-2023 21:07,-5,1.89,On Time,
2921310646,45581,08-07-2024 14:42,08-07-2024 14:42,0,4.35,On Time,
3983082555,75005,05-06-2023 06:14,05-06-2023 06:36,22,2.56,Significantly Delayed,Traffic
4867298468,88574,23-04-2024 09:51,23-04-2024 09:55,4,1.6,On Time,Traffic
3402631472,82219,03-05-2024 21:43,03-05-2024 21:43,0,4.47,On Time,
1648146562,49114,14-05-2023 23:26,14-05-2023 23:23,-3,3.06,On Time,
5907766010,85975,07-10-2024 14:22,07-10-2024 14:33,11,4.11,Slightly Delayed,Traffic
9233577456,29353,30-12-2023 04:14,30-12-2023 04:13,-1,4.29,On Time,
4084808075,65980,11-10-2024 17:56,11-10-2024 17:54,-2,0.66,On Time,
7217049550,56744,11-07-2024 09:45,11-07-2024 10:09,24,2.87,Significantly Delayed,Traffic
1831943568,31014,23-05-2024 17:34,23-05-2024 17:39,5,1.86,On Time,Traffic
8707473624,54941,20-12-2023 08:46,20-12-2023 08:43,-3,4.9,On Time,
7075868285,69398,01-03-2024 06:16,01-03-2024 06:20,4,3.48,On Time,Traffic
5164162918,69542,18-11-2023 15:16,18-11-2023 15:15,-1,3.51,On Time,
2175298644,37111,11-05-2024 05:30,11-05-2024 05:28,-2,2.91,On Time,
5882568464,93909,13-04-2023 08:39,13-04-2023 08:37,-2,2.42,On Time,
7847708619,9898,23-10-2023 01:17,23-10-2023 01:18,1,2.54,On Time,Traffic
6366048116,82257,05-08-2024 09:08,05-08-2024 09:06,-2,2.19,On Time,
4926287333,94821,08-08-2023 02:59,08-08-2023 03:00,1,2.68,On Time,Traffic
5532838325,57010,24-07-2024 23:40,24-07-2024 23:37,-3,3.85,On Time,
2567996236,61790,31-10-2023 08:21,31-10-2023 08:20,-1,1,On Time,
2655613624,94896,26-06-2024 13:33,26-06-2024 14:02,29,1.78,Significantly Delayed,Traffic
7706089549,35200,08-10-2023 04:24,08-10-2023 04:24,0,3.96,On Time,
8257370396,11969,24-12-2023 08:26,24-12-2023 08:42,16,1.33,Significantly Delayed,Traffic
8623808984,79827,13-04-2024 05:49,13-04-2024 05:55,6,3.27,Slightly Delayed,Traffic
7579506101,80056,06-04-2023 01:28,06-04-2023 01:25,-3,2.05,On Time,
8861024199,53729,29-11-2023 06:03,29-11-2023 05:59,-4,0.54,On Time,
7666131311,35447,01-05-2023 15:57,01-05-2023 16:02,5,4.09,On Time,Traffic
103589925,83678,17-05-2024 23:42,17-05-2024 23:52,10,1.05,Slightly Delayed,Traffic
7346858138,83804,22-11-2023 16:58,22-11-2023 16:55,-3,1.78,On Time,
4963962664,10652,28-09-2023 12:02,28-09-2023 11:58,-4,4.59,On Time,
9069936094,80189,23-06-2024 13:08,23-06-2024 13:31,23,3.6,Significantly Delayed,Traffic
4665363191,15760,13-10-2024 20:05,13-10-2024 20:11,6,1.61,Slightly Delayed,Traffic
888510905,21909,27-06-2024 18:18,27-06-2024 18:30,12,1.18,Slightly Delayed,Traffic
6876091286,77863,05-10-2024 00:38,05-10-2024 00:36,-2,1.57,On Time,
2592923105,23178,23-04-2023 00:14,23-04-2023 00:37,23,4.84,Significantly Delayed,Traffic
2468550508,24846,21-08-2024 14:03,21-08-2024 14:06,3,3.31,On Time,Traffic
5302956276,6274,22-01-2024 22:52,22-01-2024 22:52,0,3.16,On Time,
9409714182,4084,25-05-2023 05:29,25-05-2023 05:41,12,0.86,Slightly Delayed,Traffic
1446221570,213,26-09-2024 10:13,26-09-2024 10:12,-1,1.43,On Time,
8250036360,65016,21-06-2024 14:20,21-06-2024 14:21,1,4.62,On Time,Traffic
447464341,85334,03-03-2024 13:06,03-03-2024 13:13,7,4.08,Slightly Delayed,Traffic
15642223,43306,06-11-2023 21:24,06-11-2023 21:27,3,1.44,On Time,Traffic
3285378238,8991,15-08-2024 05:41,15-08-2024 05:56,15,1.46,Slightly Delayed,Traffic
2356483296,38401,25-07-2023 17:24,25-07-2023 17:32,8,3.25,Slightly Delayed,Traffic
3382911339,84662,12-12-2023 14:53,12-12-2023 14:52,-1,4.92,On Time,
3690872026,56377,09-07-2023 08:21,09-07-2023 08:26,5,3.81,On Time,Traffic
6755367585,56444,03-09-2024 19:00,03-09-2024 18:57,-3,4.56,On Time,
6835850079,92568,13-08-2023 23:06,13-08-2023 23:09,3,3.44,On Time,Traffic
9345418784,24395,22-02-2024 10:23,22-02-2024 10:27,4,4.58,On Time,Traffic
7185243614,27663,10-01-2024 19:20,10-01-2024 19:22,2,2.47,On Time,Traffic
2319044818,66486,06-04-2024 20:45,06-04-2024 20:41,-4,1.98,On Time,
931834374,48992,30-09-2024 13:11,30-09-2024 13:11,0,1.72,On Time,
8485398781,70167,20-04-2024 19:17,20-04-2024 19:17,0,0.62,On Time,
9806464912,89278,21-08-2024 12:19,21-08-2024 12:33,14,4.41,Slightly Delayed,Traffic
8214365128,68269,10-07-2024 18:18,10-07-2024 18:14,-4,2.87,On Time,
137089318,32581,23-05-2024 15:53,23-05-2024 15:48,-5,3.62,On Time,
7615602420,91821,30-05-2024 09:32,30-05-2024 09:37,5,2.32,On Time,Traffic
3995348964,62259,03-06-2024 16:34,03-06-2024 16:38,4,4.1,On Time,Traffic
3816542830,38895,18-08-2023 15:04,18-08-2023 15:00,-4,1.05,On Time,
9665004924,98396,29-07-2023 15:48,29-07-2023 15:47,-1,3.11,On Time,
1728547597,80933,09-06-2024 08:04,09-06-2024 08:23,19,2.16,Significantly Delayed,Traffic
5311190131,30345,04-03-2024 01:01,04-03-2024 01:02,1,2.18,On Time,Traffic
9581592141,70962,22-01-2024 23:30,22-01-2024 23:30,0,1.44,On Time,
4848863693,56307,12-09-2024 04:54,12-09-2024 04:51,-3,3.47,On Time,
6374883107,32067,19-08-2023 08:20,19-08-2023 08:41,21,4.8,Significantly Delayed,Traffic
3270131216,44043,10-02-2024 15:14,10-02-2024 15:28,14,4.44,Slightly Delayed,Traffic
2643382562,74374,24-07-2023 22:48,24-07-2023 22:48,0,1.49,On Time,
5212524996,13215,10-12-2023 22:25,10-12-2023 22:26,1,4.2,On Time,Traffic
9594095277,61215,10-03-2024 04:56,10-03-2024 04:54,-2,1.97,On Time,
8375863419,89921,26-08-2024 12:29,26-08-2024 12:44,15,1.19,Slightly Delayed,Traffic
7523880783,23850,13-10-2024 14:06,13-10-2024 14:01,-5,3.8,On Time,
9670158103,18477,11-03-2024 13:08,11-03-2024 13:10,2,1.07,On Time,Traffic
4344108631,39923,29-03-2023 11:27,29-03-2023 11:37,10,3.98,Slightly Delayed,Traffic
2237858,97945,02-04-2023 04:00,02-04-2023 04:03,3,3.86,On Time,Traffic
3217791988,30480,10-08-2023 14:06,10-08-2023 14:04,-2,2.99,On Time,
3355718103,84679,10-09-2023 22:54,10-09-2023 22:51,-3,1.81,On Time,
9590518103,39579,01-03-2024 19:32,01-03-2024 19:33,1,3.73,On Time,Traffic
6610120274,83714,19-07-2024 01:30,19-07-2024 01:31,1,0.9,On Time,Traffic
1180899898,24863,17-04-2023 03:12,17-04-2023 03:15,3,2.5,On Time,Traffic
8758992688,24863,22-06-2024 17:12,22-06-2024 17:37,25,1.35,Significantly Delayed,Traffic
6965716176,24863,13-04-2023 02:32,13-04-2023 02:34,2,4.53,On Time,Traffic
5527742274,24863,16-12-2023 05:32,16-12-2023 05:27,-5,2.61,On Time,
826610039,24863,17-08-2023 14:04,17-08-2023 14:03,-1,3.04,On Time,
3303891913,24863,15-01-2024 21:43,15-01-2024 21:48,5,2.77,On Time,Traffic
2489292878,24863,01-10-2023 09:02,01-10-2023 08:57,-5,4.76,On Time,
8589851630,24863,28-05-2024 14:22,28-05-2024 14:24,2,1.23,On Time,Traffic
4598897781,24863,12-07-2023 20:54,12-07-2023 21:04,10,3.07,Slightly Delayed,Traffic
6932356214,24863,04-04-2023 05:52,04-04-2023 06:06,14,1.35,Slightly Delayed,Traffic
3499004322,24863,04-05-2023 18:23,04-05-2023 18:22,-1,2.4,On Time,
7517620171,24863,16-04-2023 18:26,16-04-2023 18:21,-5,0.54,On Time,
172987148,24863,03-11-2024 16:56,03-11-2024 17:21,25,2.52,Significantly Delayed,Traffic
8347207794,24863,17-08-2024 22:18,17-08-2024 22:21,3,1.12,On Time,Traffic
9472355181,24863,23-01-2024 06:52,23-01-2024 06:55,3,2.8,On Time,Traffic
1315064289,24863,27-07-2024 03:16,27-07-2024 03:39,23,2.35,Significantly Delayed,Traffic
9371869941,24863,12-10-2023 00:13,12-10-2023 00:13,0,4.35,On Time,
5184568404,24863,27-03-2024 13:05,27-03-2024 13:01,-4,0.93,On Time,
5891002534,24863,29-09-2023 16:16,29-09-2023 16:26,10,3.92,Slightly Delayed,Traffic
1479730711,24863,02-09-2024 10:08,02-09-2024 10:29,21,4.51,Significantly Delayed,Traffic
7651037338,24863,21-11-2023 18:52,21-11-2023 18:52,0,2.86,On Time,
8763754537,24863,07-10-2024 05:47,07-10-2024 05:44,-3,0.83,On Time,
7683813608,24863,06-06-2023 21:44,06-06-2023 21:47,3,3.63,On Time,Traffic
6722955128,24863,19-03-2023 22:05,19-03-2023 22:01,-4,3.37,On Time,
8259274680,24863,11-04-2023 06:45,11-04-2023 06:43,-2,3.76,On Time,
4620484274,24863,10-09-2024 16:05,10-09-2024 16:18,13,4.36,Slightly Delayed,Traffic
8260569466,24863,15-12-2023 04:16,15-12-2023 04:12,-4,4.84,On Time,
8498916204,24863,22-03-2024 19:44,22-03-2024 19:44,0,4.77,On Time,
3209538967,24863,07-05-2024 09:35,07-05-2024 09:39,4,3.13,On Time,Traffic
2570640420,24863,28-04-2023 10:44,28-04-2023 10:48,4,2.92,On Time,Traffic
2066843639,24863,25-05-2024 00:32,25-05-2024 00:27,-5,3.92,On Time,
7402125753,24863,01-11-2023 18:26,01-11-2023 18:36,10,4.99,Slightly Delayed,Traffic
9171089443,24863,10-09-2024 20:21,10-09-2024 20:21,0,2.95,On Time,
3272079644,24863,06-06-2023 14:43,06-06-2023 14:46,3,2.67,On Time,Traffic
438111050,24863,03-05-2024 23:56,03-05-2024 23:54,-2,1.32,On Time,
7416160835,24863,30-04-2023 11:20,30-04-2023 11:17,-3,1.33,On Time,
4075074492,24863,13-12-2023 11:18,13-12-2023 11:41,23,2.96,Significantly Delayed,Traffic
5536024334,24863,30-04-2023 16:44,30-04-2023 16:40,-4,0.83,On Time,
2013140214,24863,14-05-2024 16:30,14-05-2024 16:35,5,0.51,On Time,Traffic
1113582397,24863,17-12-2023 14:40,17-12-2023 14:42,2,3.55,On Time,Traffic
1083928258,24863,21-12-2023 19:54,21-12-2023 19:58,4,0.64,On Time,Traffic
4906957374,24863,16-09-2023 20:06,16-09-2023 20:03,-3,0.79,On Time,
1876614122,24863,23-08-2023 23:38,23-08-2023 23:35,-3,4.12,On Time,
6556180328,24863,03-06-2024 20:57,03-06-2024 20:56,-1,4.26,On Time,
7960553477,24863,24-02-2024 05:40,24-02-2024 05:35,-5,4.56,On Time,
6335972517,24863,08-07-2023 20:14,08-07-2023 20:26,12,1.39,Slightly Delayed,Traffic
6254948159,24863,16-10-2023 07:34,16-10-2023 07:34,0,4.42,On Time,
7527936057,24863,10-12-2023 14:18,10-12-2023 14:20,2,2.96,On Time,Traffic
6257851675,24863,23-04-2024 22:26,23-04-2024 22:48,22,4.45,Significantly Delayed,Traffic
6832610950,24863,01-09-2023 09:33,01-09-2023 09:57,24,1.51,Significantly Delayed,Traffic
5085005195,24863,05-03-2024 20:13,05-03-2024 20:17,4,4.3,On Time,Traffic
2177207547,24863,09-02-2024 05:01,09-02-2024 04:59,-2,1.62,On Time,
3043364543,24863,25-07-2023 10:58,25-07-2023 11:00,2,0.6,On Time,Traffic
2823404098,24863,03-03-2024 03:33,03-03-2024 03:31,-2,4.66,On Time,
646676955,24863,09-11-2023 00:55,09-11-2023 00:51,-4,3.76,On Time,
5756607486,24863,22-10-2023 05:53,22-10-2023 05:51,-2,0.99,On Time,
9373691795,24863,23-03-2024 21:31,23-03-2024 21:35,4,1.26,On Time,Traffic
2611601543,24863,23-07-2023 00:49,23-07-2023 00:59,10,3.19,Slightly Delayed,Traffic
1491360686,24863,21-03-2023 16:00,21-03-2023 16:11,11,2.67,Slightly Delayed,Traffic
1824533423,24863,21-05-2023 13:13,21-05-2023 13:16,3,2.97,On Time,Traffic
2913841018,24863,26-11-2023 04:08,26-11-2023 04:08,0,4.32,On Time,
3141803761,24863,09-10-2023 15:35,09-10-2023 15:54,19,0.73,Significantly Delayed,Traffic
6184484468,24863,14-10-2024 03:45,14-10-2024 03:46,1,4.75,On Time,Traffic
4599327740,24863,25-08-2023 15:52,25-08-2023 15:52,0,0.55,On Time,
7479207574,24863,03-04-2024 02:03,03-04-2024 02:32,29,3.74,Significantly Delayed,Traffic
2996133401,24863,14-04-2024 22:16,14-04-2024 22:14,-2,1.35,On Time,
5972410040,24863,11-08-2024 07:38,11-08-2024 07:41,3,2.11,On Time,Traffic
4007593324,24863,21-06-2024 10:23,21-06-2024 10:27,4,3.37,On Time,Traffic
3428454405,24863,13-08-2023 22:57,13-08-2023 22:56,-1,1.63,On Time,
1160646195,24863,24-04-2023 17:17,24-04-2023 17:38,21,1.48,Significantly Delayed,Traffic
4376524554,24863,16-03-2023 09:25,16-03-2023 09:30,5,1.55,On Time,Traffic
1519072771,24863,01-08-2024 04:22,01-08-2024 04:24,2,1.52,On Time,Traffic
8203685394,24863,23-02-2024 07:17,23-02-2024 07:18,1,4.11,On Time,Traffic
7906789850,24863,08-10-2024 20:35,08-10-2024 20:41,6,1.17,Slightly Delayed,Traffic
8073770046,24863,14-05-2024 03:12,14-05-2024 03:25,13,3.42,Slightly Delayed,Traffic
5190202949,24863,09-09-2023 12:49,09-09-2023 13:01,12,1.62,Slightly Delayed,Traffic
8542325207,24863,17-07-2024 17:47,17-07-2024 17:50,3,4.04,On Time,Traffic
7566730050,24863,14-05-2023 13:12,14-05-2023 13:13,1,2.52,On Time,Traffic
176509722,24863,16-10-2023 22:46,16-10-2023 22:44,-2,1.92,On Time,
1894603222,24863,16-10-2023 07:27,16-10-2023 07:30,3,3.9,On Time,Traffic
2694800415,24863,04-04-2024 07:44,04-04-2024 07:39,-5,3.85,On Time,
5879390688,24863,07-09-2023 19:48,07-09-2023 19:54,6,2.02,Slightly Delayed,Traffic
1197715978,24863,12-11-2023 07:40,12-11-2023 07:43,3,3.68,On Time,Traffic
7790696031,24863,12-05-2023 17:13,12-05-2023 17:08,-5,4.31,On Time,
2189360099,24863,19-08-2023 06:16,19-08-2023 06:13,-3,4.48,On Time,
3542041943,24863,06-09-2024 01:23,06-09-2024 01:25,2,3.35,On Time,Traffic
9202469009,24863,13-11-2023 01:31,13-11-2023 01:28,-3,3.89,On Time,
3985829990,24863,19-07-2024 01:14,19-07-2024 01:28,14,1.63,Slightly Delayed,Traffic
4341872315,24863,03-11-2023 13:19,03-11-2023 13:20,1,1.37,On Time,Traffic
4748123248,24863,01-08-2023 10:15,01-08-2023 10:14,-1,2.43,On Time,
99905061,24863,16-11-2023 20:26,16-11-2023 20:34,8,3.18,Slightly Delayed,Traffic
9118004489,24863,02-02-2024 14:45,02-02-2024 14:41,-4,2.34,On Time,
1696936610,24863,13-09-2023 23:46,13-09-2023 23:50,4,3.08,On Time,Traffic
155669553,24863,06-04-2023 14:38,06-04-2023 14:36,-2,0.77,On Time,
2885541999,24863,13-09-2023 22:27,13-09-2023 22:24,-3,0.83,On Time,
2846340681,24863,08-06-2023 06:29,08-06-2023 06:32,3,2.36,On Time,Traffic
963715332,24863,18-07-2024 22:39,18-07-2024 22:54,15,0.55,Slightly Delayed,Traffic
2807634451,24863,15-03-2024 00:36,15-03-2024 00:41,5,4.64,On Time,Traffic
3046341241,24863,03-10-2023 17:30,03-10-2023 17:26,-4,1.4,On Time,
485687952,24863,26-03-2023 19:53,26-03-2023 20:05,12,1.05,Slightly Delayed,Traffic
7660904370,24863,09-05-2024 14:29,09-05-2024 14:41,12,4.8,Slightly Delayed,Traffic
9753033954,24863,02-07-2023 01:47,02-07-2023 01:46,-1,3.49,On Time,
9509887699,24863,13-01-2024 11:19,13-01-2024 11:18,-1,1.44,On Time,
1054122071,24863,22-11-2023 08:56,22-11-2023 08:58,2,2.96,On Time,Traffic
9135272808,24863,01-03-2024 23:24,01-03-2024 23:22,-2,3.77,On Time,
597447215,24863,04-09-2024 22:25,04-09-2024 22:20,-5,3.05,On Time,
5562099656,24863,12-06-2024 02:53,12-06-2024 02:58,5,4.23,On Time,Traffic
4122736828,24863,02-07-2024 13:15,02-07-2024 13:12,-3,2.49,On Time,
7238138072,24863,26-08-2024 06:00,26-08-2024 05:55,-5,2.2,On Time,
6244736404,24863,19-08-2024 09:30,19-08-2024 09:40,10,0.66,Slightly Delayed,Traffic
1297341963,24863,28-07-2024 21:58,28-07-2024 21:56,-2,1.23,On Time,
3842442278,24863,27-10-2024 03:01,27-10-2024 02:57,-4,3.4,On Time,
9576684860,24863,28-04-2023 20:17,28-04-2023 20:25,8,3.99,Slightly Delayed,Traffic
1592757566,24863,17-07-2024 15:24,17-07-2024 15:44,20,2.61,Significantly Delayed,Traffic
5060677329,24863,29-03-2024 08:32,29-03-2024 08:47,15,3.19,Slightly Delayed,Traffic
2241930006,24863,05-11-2023 03:20,05-11-2023 03:48,28,4.78,Significantly Delayed,Traffic
3246505078,24863,15-08-2024 20:57,15-08-2024 21:17,20,4.47,Significantly Delayed,Traffic
5870152806,24863,23-03-2024 04:07,23-03-2024 04:02,-5,0.51,On Time,
8919999754,24863,07-12-2023 13:44,07-12-2023 13:44,0,4.16,On Time,
1080338783,24863,21-07-2023 22:04,21-07-2023 22:03,-1,2.6,On Time,
4641905606,24863,18-09-2024 04:24,18-09-2024 04:21,-3,3.24,On Time,
9456413999,24863,26-08-2023 23:48,26-08-2023 23:50,2,2.21,On Time,Traffic
4764056827,24863,19-07-2024 20:19,19-07-2024 20:30,11,1.87,Slightly Delayed,Traffic
5168057633,24863,11-07-2024 01:53,11-07-2024 01:50,-3,3.82,On Time,
1442559656,24863,10-05-2023 08:12,10-05-2023 08:33,21,1.3,Significantly Delayed,Traffic
6590257283,24863,02-10-2023 09:41,02-10-2023 09:43,2,3.29,On Time,Traffic
3429671763,24863,26-03-2024 20:26,26-03-2024 20:45,19,3.56,Significantly Delayed,Traffic
4750086089,24863,16-08-2023 20:15,16-08-2023 20:23,8,1.14,Slightly Delayed,Traffic
3204128006,24863,22-11-2023 13:39,22-11-2023 13:52,13,0.62,Slightly Delayed,Traffic
3171917027,24863,31-03-2024 08:34,31-03-2024 08:34,0,0.87,On Time,
8814047085,24863,10-04-2023 10:50,10-04-2023 10:45,-5,2.67,On Time,
1889723479,24863,24-06-2024 08:11,24-06-2024 08:15,4,0.52,On Time,Traffic
942025494,24863,02-03-2024 23:04,02-03-2024 23:18,14,3,Slightly Delayed,Traffic
4104444500,24863,13-10-2024 02:48,13-10-2024 02:46,-2,4.02,On Time,
7562260313,24863,23-03-2024 02:32,23-03-2024 02:34,2,4.56,On Time,Traffic
7140244766,24863,06-08-2023 14:38,06-08-2023 14:35,-3,1.81,On Time,
7967974077,24863,06-07-2024 06:12,06-07-2024 06:21,9,1.08,Slightly Delayed,Traffic
7456822422,24863,08-12-2023 17:06,08-12-2023 17:14,8,1.45,Slightly Delayed,Traffic
4813468096,24863,10-02-2024 04:10,10-02-2024 04:12,2,2.52,On Time,Traffic
8618576020,24863,18-01-2024 15:01,18-01-2024 15:02,1,4.62,On Time,Traffic
3727646442,24863,21-07-2023 16:18,21-07-2023 16:17,-1,1.11,On Time,
9208156337,24863,23-09-2024 10:27,23-09-2024 10:27,0,1.92,On Time,
8328118787,24863,14-05-2023 22:16,14-05-2023 22:21,5,1.32,On Time,Traffic
580528836,24863,20-10-2023 10:34,20-10-2023 11:03,29,0.53,Significantly Delayed,Traffic
3350662630,24863,03-07-2023 22:24,03-07-2023 22:20,-4,2.73,On Time,
6716381725,24863,05-05-2023 11:18,05-05-2023 11:32,14,3.48,Slightly Delayed,Traffic
2249567137,24863,06-04-2024 10:23,06-04-2024 10:24,1,1.4,On Time,Traffic
7484465509,24863,27-09-2024 19:34,27-09-2024 19:30,-4,2.84,On Time,
2577208156,24863,08-10-2024 07:28,08-10-2024 07:35,7,0.86,Slightly Delayed,Traffic
3321905621,24863,19-10-2024 20:13,19-10-2024 20:18,5,4.53,On Time,Traffic
6686839282,24863,24-07-2023 09:41,24-07-2023 09:50,9,3.16,Slightly Delayed,Traffic
5095558661,24863,06-05-2023 13:27,06-05-2023 13:30,3,3.7,On Time,Traffic
112658009,24863,11-07-2023 17:55,11-07-2023 17:52,-3,4.54,On Time,
1343610513,24863,17-07-2023 13:55,17-07-2023 14:03,8,1.57,Slightly Delayed,Traffic
7190610535,24863,22-03-2024 07:30,22-03-2024 07:26,-4,3.79,On Time,
5069426001,24863,13-01-2024 01:57,13-01-2024 01:58,1,4.78,On Time,Traffic
5655369002,24863,25-08-2023 10:28,25-08-2023 10:28,0,1.89,On Time,
5761530160,24863,23-02-2024 18:42,23-02-2024 18:57,15,2.31,Slightly Delayed,Traffic
4772519706,24863,28-03-2023 09:03,28-03-2023 09:02,-1,2.96,On Time,
8209051735,24863,13-02-2024 22:45,13-02-2024 22:45,0,3.48,On Time,
4870391666,24863,23-03-2024 20:42,23-03-2024 20:44,2,4.36,On Time,Traffic
7777975083,24863,24-06-2024 18:05,24-06-2024 18:34,29,2.56,Significantly Delayed,Traffic
8713948756,24863,16-11-2023 00:16,16-11-2023 00:35,19,3.45,Significantly Delayed,Traffic
6191050157,24863,11-05-2023 20:53,11-05-2023 20:58,5,2.74,On Time,Traffic
4060449266,24863,09-03-2024 00:43,09-03-2024 00:47,4,4.42,On Time,Traffic
5657605506,24863,30-05-2024 20:28,30-05-2024 20:27,-1,3.88,On Time,
8851743592,24863,13-02-2024 12:15,13-02-2024 12:11,-4,2.89,On Time,
4689717606,24863,05-07-2023 07:42,05-07-2023 07:42,0,2.84,On Time,
2860246948,24863,25-09-2024 22:29,25-09-2024 22:58,29,1.18,Significantly Delayed,Traffic
2875550803,24863,28-02-2024 14:12,28-02-2024 14:11,-1,2.92,On Time,
5340575011,24863,28-09-2023 19:12,28-09-2023 19:15,3,0.68,On Time,Traffic
7717156533,24863,04-04-2023 05:14,04-04-2023 05:18,4,4.13,On Time,Traffic
8297255359,24863,26-06-2023 16:47,26-06-2023 16:50,3,1.36,On Time,Traffic
7873234939,24863,10-09-2024 22:53,10-09-2024 22:59,6,4.38,Slightly Delayed,Traffic
3668515922,24863,23-08-2023 14:31,23-08-2023 14:45,14,1.86,Slightly Delayed,Traffic
8356690330,24863,15-07-2023 18:20,15-07-2023 18:16,-4,0.86,On Time,
3508620293,24863,03-08-2023 20:57,03-08-2023 20:57,0,1.6,On Time,
9998297778,24863,22-09-2023 17:26,22-09-2023 17:27,1,4.71,On Time,Traffic
3898421710,24863,31-08-2023 07:12,31-08-2023 07:18,6,4.58,Slightly Delayed,Traffic
3960980694,24863,21-06-2024 23:01,21-06-2024 23:12,11,1.33,Slightly Delayed,Traffic
5008395294,24863,22-12-2023 09:22,22-12-2023 09:41,19,2.33,Significantly Delayed,Traffic
3722869004,24863,20-07-2023 05:53,20-07-2023 05:55,2,4.82,On Time,Traffic
8391555591,24863,25-08-2023 07:14,25-08-2023 07:30,16,4.15,Significantly Delayed,Traffic
8063730776,24863,21-09-2024 20:15,21-09-2024 20:13,-2,2.05,On Time,
9052752169,24863,11-01-2024 01:56,11-01-2024 02:01,5,0.58,On Time,Traffic
7471416647,24863,29-03-2023 15:59,29-03-2023 16:06,7,3.97,Slightly Delayed,Traffic
848332407,24863,22-04-2024 09:11,22-04-2024 09:09,-2,2.38,On Time,
4062701987,24863,18-12-2023 04:29,18-12-2023 04:24,-5,4.44,On Time,
8723912832,24863,19-01-2024 10:00,19-01-2024 10:03,3,4.96,On Time,Traffic
9099298435,24863,22-02-2024 10:36,22-02-2024 10:35,-1,3.41,On Time,
5645691241,24863,10-12-2023 07:40,10-12-2023 07:49,9,4.73,Slightly Delayed,Traffic
8258019846,24863,24-01-2024 17:58,24-01-2024 18:02,4,3.26,On Time,Traffic
2732162016,24863,27-05-2023 10:16,27-05-2023 10:19,3,4.58,On Time,Traffic
1561902412,24863,08-06-2023 20:02,08-06-2023 20:03,1,4.92,On Time,Traffic
8979476889,24863,06-06-2023 22:45,06-06-2023 22:46,1,0.91,On Time,Traffic
8373953053,24863,25-10-2024 22:11,25-10-2024 22:26,15,3.09,Slightly Delayed,Traffic
7021309133,24863,06-08-2024 13:57,06-08-2024 14:05,8,1.59,Slightly Delayed,Traffic
3447085029,24863,25-04-2023 04:43,25-04-2023 04:46,3,1.19,On Time,Traffic
9284767341,24863,04-03-2024 14:39,04-03-2024 14:38,-1,1.41,On Time,
9770431940,24863,06-06-2024 23:20,06-06-2024 23:15,-5,3.72,On Time,
9650124390,24863,24-04-2024 15:41,24-04-2024 15:37,-4,0.56,On Time,
9826894858,24863,21-06-2024 13:12,21-06-2024 13:16,4,4.28,On Time,Traffic
4466839873,24863,09-12-2023 07:17,09-12-2023 07:20,3,2.21,On Time,Traffic
4331471900,24863,20-07-2024 09:03,20-07-2024 09:13,10,3.97,Slightly Delayed,Traffic
5777824005,24863,22-03-2023 23:19,22-03-2023 23:14,-5,2.8,On Time,
8795242622,24863,26-03-2023 04:33,26-03-2023 04:29,-4,3.8,On Time,
8561878376,24863,29-01-2024 07:41,29-01-2024 07:44,3,0.99,On Time,Traffic
2113243643,24863,17-12-2023 11:13,17-12-2023 11:13,0,2.8,On Time,
8497820340,24863,16-11-2023 18:26,16-11-2023 18:28,2,1.08,On Time,Traffic
3167184563,24863,07-09-2023 17:28,07-09-2023 17:32,4,1.15,On Time,Traffic
9997121955,24863,21-04-2024 00:19,21-04-2024 00:16,-3,2.37,On Time,
2954397481,24863,31-01-2024 11:13,31-01-2024 11:15,2,2.94,On Time,Traffic
8125884987,24863,03-05-2024 01:10,03-05-2024 01:13,3,2.74,On Time,Traffic
3765873352,24863,16-10-2024 16:09,16-10-2024 16:13,4,2.25,On Time,Traffic
7733310993,24863,31-03-2023 09:57,31-03-2023 10:09,12,4.55,Slightly Delayed,Traffic
738093341,24863,17-03-2024 06:57,17-03-2024 07:27,30,4.73,Significantly Delayed,Traffic
1837574319,24863,19-06-2024 06:34,19-06-2024 06:52,18,1.22,Significantly Delayed,Traffic
2468420564,24863,30-06-2023 16:18,30-06-2023 16:46,28,2.91,Significantly Delayed,Traffic
5368005763,24863,30-07-2024 05:56,30-07-2024 05:51,-5,4.25,On Time,
3823949592,24863,13-04-2023 23:21,13-04-2023 23:16,-5,1.48,On Time,
6298008063,24863,19-07-2023 06:15,19-07-2023 06:22,7,3.69,Slightly Delayed,Traffic
2499190829,24863,31-10-2023 10:56,31-10-2023 10:58,2,1.74,On Time,Traffic
491116137,24863,19-01-2024 08:24,19-01-2024 08:31,7,3.48,Slightly Delayed,Traffic
2206269404,24863,16-05-2024 23:41,16-05-2024 23:38,-3,0.63,On Time,
1330806043,24863,03-04-2024 10:32,03-04-2024 10:39,7,0.7,Slightly Delayed,Traffic
6770858376,24863,11-01-2024 05:17,11-01-2024 05:37,20,1.3,Significantly Delayed,Traffic
4466716432,24863,09-06-2023 18:06,09-06-2023 18:07,1,3.47,On Time,Traffic
8292554686,24863,27-03-2024 15:35,27-03-2024 15:41,6,1.94,Slightly Delayed,Traffic
4204069161,24863,16-08-2023 17:50,16-08-2023 17:48,-2,1.36,On Time,
2163079658,24863,28-12-2023 16:51,28-12-2023 16:53,2,1.77,On Time,Traffic
6971561757,24863,15-12-2023 19:19,15-12-2023 19:42,23,0.61,Significantly Delayed,Traffic
7965253060,24863,13-02-2024 10:22,13-02-2024 10:31,9,3.58,Slightly Delayed,Traffic
8939040193,24863,17-09-2024 13:16,17-09-2024 13:28,12,3.57,Slightly Delayed,Traffic
8322028211,24863,04-11-2023 17:14,04-11-2023 17:15,1,3.61,On Time,Traffic
6865922682,24863,16-06-2024 13:54,16-06-2024 13:50,-4,1.34,On Time,
5912729079,24863,10-08-2024 01:34,10-08-2024 01:49,15,1.04,Slightly Delayed,Traffic
8764776130,24863,14-12-2023 13:33,14-12-2023 13:36,3,4.54,On Time,Traffic
7769965629,24863,21-04-2023 17:02,21-04-2023 17:07,5,1.18,On Time,Traffic
2166463032,24863,30-10-2023 21:38,30-10-2023 21:40,2,4.57,On Time,Traffic
7035343259,24863,11-07-2024 08:46,11-07-2024 08:45,-1,3.24,On Time,
8914775994,24863,13-02-2024 23:47,13-02-2024 23:45,-2,2.16,On Time,
7565647347,24863,24-10-2024 01:31,24-10-2024 01:26,-5,0.84,On Time,
6172215120,24863,03-06-2024 07:42,03-06-2024 07:44,2,1.34,On Time,Traffic
4043585691,24863,21-02-2024 22:54,21-02-2024 23:00,6,3.27,Slightly Delayed,Traffic
3735186180,24863,16-03-2024 15:46,16-03-2024 15:48,2,4.49,On Time,Traffic
5281459433,24863,10-10-2024 06:58,10-10-2024 07:10,12,4.07,Slightly Delayed,Traffic
424087401,24863,19-04-2024 10:53,19-04-2024 10:50,-3,4.06,On Time,
884327245,24863,25-09-2023 00:29,25-09-2023 00:35,6,3.13,Slightly Delayed,Traffic
6318008970,24863,11-05-2024 19:20,11-05-2024 19:23,3,3.66,On Time,Traffic
3792751421,24863,11-08-2024 20:27,11-08-2024 20:22,-5,1.97,On Time,
5471255539,24863,31-05-2023 10:24,31-05-2023 10:19,-5,4.24,On Time,
9917290378,24863,05-01-2024 13:14,05-01-2024 13:34,20,1.27,Significantly Delayed,Traffic
208989475,24863,16-03-2023 11:50,16-03-2023 11:48,-2,0.99,On Time,
7672827556,24863,01-07-2023 02:03,01-07-2023 02:02,-1,4.5,On Time,
3792912325,24863,03-06-2024 20:07,03-06-2024 20:04,-3,4.69,On Time,
2478533601,24863,01-11-2024 14:39,01-11-2024 14:46,7,2.11,Slightly Delayed,Traffic
2255745327,24863,01-05-2023 03:29,01-05-2023 03:25,-4,0.6,On Time,
8612261848,24863,18-06-2024 20:12,18-06-2024 20:08,-4,1.18,On Time,
6949810049,24863,25-09-2023 13:36,25-09-2023 13:35,-1,4.59,On Time,
2399456941,24863,16-10-2024 07:04,16-10-2024 07:11,7,1.88,Slightly Delayed,Traffic
6292969164,24863,09-07-2024 07:21,09-07-2024 07:34,13,4.22,Slightly Delayed,Traffic
2929485756,24863,13-10-2024 00:57,13-10-2024 01:24,27,2.46,Significantly Delayed,Traffic
8757869416,24863,03-05-2024 04:05,03-05-2024 04:05,0,0.84,On Time,
2653966619,24863,12-07-2024 17:19,12-07-2024 17:15,-4,3.9,On Time,
336103625,24863,16-05-2024 19:22,16-05-2024 19:23,1,4.58,On Time,Traffic
3727289407,24863,17-06-2024 12:31,17-06-2024 12:28,-3,2.24,On Time,
701250513,24863,03-09-2024 19:10,03-09-2024 19:11,1,4.12,On Time,Traffic
101816977,24863,20-02-2024 06:37,20-02-2024 06:41,4,1.45,On Time,Traffic
7838223552,24863,07-12-2023 13:46,07-12-2023 13:45,-1,4.95,On Time,
4123140013,24863,03-11-2024 01:48,03-11-2024 01:44,-4,2.59,On Time,
9821008306,24863,05-04-2023 15:52,05-04-2023 15:48,-4,0.74,On Time,
5414882934,24863,28-12-2023 21:19,28-12-2023 21:18,-1,2.98,On Time,
9257313140,24863,16-06-2024 14:29,16-06-2024 14:46,17,1.34,Significantly Delayed,Traffic
3857021231,24863,28-09-2023 20:06,28-09-2023 20:08,2,3.89,On Time,Traffic
1606381345,24863,22-03-2023 12:56,22-03-2023 12:51,-5,1.32,On Time,
239830094,24863,17-08-2023 09:17,17-08-2023 09:15,-2,4.5,On Time,
580582858,24863,11-09-2023 17:58,11-09-2023 17:57,-1,4.39,On Time,
4191340899,24863,26-05-2023 01:44,26-05-2023 01:44,0,2.05,On Time,
1013630716,24863,19-05-2024 06:39,19-05-2024 06:57,18,2.58,Significantly Delayed,Traffic
8220017366,24863,28-05-2023 08:46,28-05-2023 09:04,18,2.59,Significantly Delayed,Traffic
4353485612,24863,31-08-2024 13:25,31-08-2024 13:34,9,1.22,Slightly Delayed,Traffic
8682172393,24863,15-10-2024 02:37,15-10-2024 02:42,5,0.99,On Time,Traffic
4085089017,24863,11-06-2024 22:42,11-06-2024 22:49,7,0.95,Slightly Delayed,Traffic
1287686307,24863,18-01-2024 18:09,18-01-2024 18:31,22,3.84,Significantly Delayed,Traffic
4425450216,24863,11-06-2023 17:53,11-06-2023 17:49,-4,2.32,On Time,
7799346570,24863,04-10-2023 00:07,04-10-2023 00:02,-5,4.86,On Time,
5917975686,24863,04-06-2024 21:25,04-06-2024 21:26,1,2.29,On Time,Traffic
9588500388,24863,05-07-2024 10:16,05-07-2024 10:30,14,2.55,Slightly Delayed,Traffic
3963207709,24863,04-01-2024 20:37,04-01-2024 21:01,24,3.13,Significantly Delayed,Traffic
2217466286,24863,08-04-2023 13:27,08-04-2023 13:50,23,2.22,Significantly Delayed,Traffic
7130088913,24863,29-06-2023 14:35,29-06-2023 14:38,3,3.43,On Time,Traffic
9064682961,24863,04-07-2024 13:31,04-07-2024 13:30,-1,3.91,On Time,
6060156146,24863,25-05-2023 19:10,25-05-2023 19:25,15,3.34,Slightly Delayed,Traffic
3106610673,24863,10-06-2024 18:08,10-06-2024 18:16,8,4.04,Slightly Delayed,Traffic
442408751,24863,19-10-2023 17:42,19-10-2023 17:43,1,3.45,On Time,Traffic
353571238,24863,01-01-2024 16:06,01-01-2024 16:10,4,1.94,On Time,Traffic
4670530333,24863,30-05-2024 18:09,30-05-2024 18:06,-3,2.26,On Time,
4961370923,24863,04-02-2024 16:20,04-02-2024 16:25,5,1.03,On Time,Traffic
8946821991,24863,29-04-2024 12:12,29-04-2024 12:12,0,2.84,On Time,
5720622852,24863,16-04-2023 15:01,16-04-2023 14:59,-2,4.29,On Time,
7305353953,24863,04-01-2024 08:13,04-01-2024 08:41,28,1.58,Significantly Delayed,Traffic
1402723627,24863,16-05-2024 04:55,16-05-2024 05:09,14,4.23,Slightly Delayed,Traffic
9820620357,24863,05-12-2023 10:27,05-12-2023 10:32,5,1.35,On Time,Traffic
1930286155,24863,02-09-2024 20:26,02-09-2024 20:32,6,2.1,Slightly Delayed,Traffic
6759029950,24863,03-12-2023 13:02,03-12-2023 13:06,4,2.4,On Time,Traffic
9032188284,24863,24-08-2023 19:45,24-08-2023 19:56,11,2.56,Slightly Delayed,Traffic
9490161602,24863,26-04-2023 12:22,26-04-2023 12:17,-5,0.81,On Time,
8565257085,24863,24-09-2023 21:04,24-09-2023 21:00,-4,1.9,On Time,
4884845960,24863,05-09-2023 13:11,05-09-2023 13:07,-4,3.47,On Time,
6181604084,24863,22-10-2023 04:25,22-10-2023 04:22,-3,0.69,On Time,
2718508408,24863,04-08-2023 04:07,04-08-2023 04:22,15,4.85,Slightly Delayed,Traffic
8354866000,24863,15-02-2024 18:41,15-02-2024 18:49,8,5,Slightly Delayed,Traffic
8025728977,24863,15-08-2024 16:10,15-08-2024 16:07,-3,2.84,On Time,
6531356394,24863,09-05-2023 14:46,09-05-2023 14:46,0,0.83,On Time,
5489184758,24863,15-03-2024 15:36,15-03-2024 15:35,-1,3.02,On Time,
1377599881,24863,17-08-2024 10:15,17-08-2024 10:12,-3,0.53,On Time,
227162938,24863,18-04-2024 07:25,18-04-2024 07:23,-2,2.54,On Time,
3449083612,24863,10-11-2023 12:49,10-11-2023 13:02,13,3.64,Slightly Delayed,Traffic
5662514948,24863,20-05-2023 03:08,20-05-2023 03:03,-5,3.27,On Time,
2034571482,24863,20-02-2024 20:28,20-02-2024 20:43,15,2.48,Slightly Delayed,Traffic
348782569,24863,23-09-2023 08:45,23-09-2023 08:56,11,2.5,Slightly Delayed,Traffic
8697396531,24863,23-10-2023 18:54,23-10-2023 18:52,-2,1.71,On Time,
3538455450,24863,05-09-2024 21:29,05-09-2024 21:28,-1,2.89,On Time,
7513290139,24863,21-05-2023 18:52,21-05-2023 18:51,-1,3.71,On Time,
8320461939,24863,17-04-2024 04:38,17-04-2024 04:34,-4,4.38,On Time,
8217899522,24863,08-10-2024 11:51,08-10-2024 11:51,0,4.1,On Time,
4217056877,24863,26-03-2024 19:54,26-03-2024 20:02,8,3.74,Slightly Delayed,Traffic
3684167813,24863,13-09-2024 08:33,13-09-2024 08:31,-2,0.85,On Time,
5351904164,24863,06-08-2024 16:26,06-08-2024 16:31,5,1.17,On Time,Traffic
2731829604,24863,12-02-2024 20:28,12-02-2024 20:25,-3,0.89,On Time,
7162485958,24863,06-12-2023 18:42,06-12-2023 18:42,0,2.87,On Time,
4830502113,24863,26-01-2024 15:02,26-01-2024 15:01,-1,2.76,On Time,
9797013595,24863,16-05-2024 00:14,16-05-2024 00:23,9,3.93,Slightly Delayed,Traffic
9487843345,24863,11-06-2024 06:35,11-06-2024 06:39,4,2.95,On Time,Traffic
2148242015,24863,01-05-2023 00:04,01-05-2023 00:33,29,4.21,Significantly Delayed,Traffic
7465258008,24863,25-10-2023 21:34,25-10-2023 21:48,14,2.88,Slightly Delayed,Traffic
8875274470,24863,20-04-2024 16:38,20-04-2024 17:03,25,1.03,Significantly Delayed,Traffic
7049717910,24863,11-05-2024 05:58,11-05-2024 05:56,-2,0.83,On Time,
4829897426,24863,05-06-2023 01:10,05-06-2023 01:07,-3,3.29,On Time,
3532186218,24863,08-08-2023 14:15,08-08-2023 14:16,1,4.85,On Time,Traffic
6897674900,24863,13-05-2024 13:08,13-05-2024 13:05,-3,2.32,On Time,
163895717,24863,02-11-2023 05:01,02-11-2023 04:58,-3,2.3,On Time,
9857592403,24863,24-10-2023 11:51,24-10-2023 11:55,4,4.17,On Time,Traffic
2521197661,24863,20-02-2024 00:48,20-02-2024 01:05,17,0.86,Significantly Delayed,Traffic
488314125,24863,05-04-2023 18:28,05-04-2023 18:41,13,3.13,Slightly Delayed,Traffic
5073549838,24863,28-04-2024 08:15,28-04-2024 08:19,4,1.01,On Time,Traffic
6399568661,24863,17-12-2023 21:19,17-12-2023 21:18,-1,3.42,On Time,
3672658084,24863,10-05-2024 14:07,10-05-2024 14:07,0,3.4,On Time,
8273236145,24863,02-09-2024 16:06,02-09-2024 16:08,2,3.75,On Time,Traffic
3411233779,24863,13-04-2024 23:22,13-04-2024 23:18,-4,1.67,On Time,
8024667539,24863,22-07-2024 06:12,22-07-2024 06:24,12,1.85,Slightly Delayed,Traffic
6112199794,24863,21-09-2024 21:00,21-09-2024 21:06,6,4.43,Slightly Delayed,Traffic
9484473160,24863,25-04-2023 21:44,25-04-2023 21:53,9,2.47,Slightly Delayed,Traffic
9729709418,24863,30-03-2023 05:38,30-03-2023 05:33,-5,4.73,On Time,
7900224799,24863,03-07-2024 05:12,03-07-2024 05:25,13,1.48,Slightly Delayed,Traffic
1821414490,24863,21-10-2024 07:45,21-10-2024 07:44,-1,0.92,On Time,
5813507399,24863,15-04-2024 09:21,15-04-2024 09:16,-5,2.37,On Time,
3928003125,24863,07-12-2023 13:43,07-12-2023 13:58,15,1.46,Slightly Delayed,Traffic
5271866987,24863,27-08-2024 01:45,27-08-2024 01:43,-2,2.84,On Time,
9794537731,24863,27-05-2023 13:10,27-05-2023 13:13,3,3.02,On Time,Traffic
4852718488,24863,29-04-2024 20:57,29-04-2024 20:56,-1,3.31,On Time,
8300546273,24863,05-09-2023 10:27,05-09-2023 10:29,2,1.58,On Time,Traffic
976104194,24863,07-05-2024 22:16,07-05-2024 22:46,30,0.78,Significantly Delayed,Traffic
5373961125,24863,01-11-2024 04:01,01-11-2024 04:06,5,2.88,On Time,Traffic
6056126973,24863,02-07-2024 22:45,02-07-2024 22:45,0,3.31,On Time,
6352881332,24863,22-01-2024 23:20,22-01-2024 23:24,4,3.03,On Time,Traffic
1643234106,24863,12-09-2024 04:06,12-09-2024 04:21,15,4.22,Slightly Delayed,Traffic
8697966993,24863,02-03-2024 06:00,02-03-2024 06:22,22,2.95,Significantly Delayed,Traffic
2276061263,24863,06-10-2024 17:12,06-10-2024 17:12,0,1.18,On Time,
4045613782,24863,09-08-2023 08:36,09-08-2023 08:41,5,2.23,On Time,Traffic
2959828441,24863,15-03-2024 18:13,15-03-2024 18:17,4,1.62,On Time,Traffic
3514589876,24863,17-10-2023 21:20,17-10-2023 21:20,0,4.1,On Time,
9444081952,24863,27-11-2023 01:16,27-11-2023 01:19,3,1.4,On Time,Traffic
8183959589,24863,16-12-2023 14:41,16-12-2023 14:45,4,1.58,On Time,Traffic
1712832927,24863,16-03-2024 02:36,16-03-2024 02:50,14,0.78,Slightly Delayed,Traffic
8162867215,24863,24-08-2024 15:45,24-08-2024 15:50,5,2.71,On Time,Traffic
4160230443,24863,15-04-2024 04:13,15-04-2024 04:18,5,2.46,On Time,Traffic
9787535949,24863,02-04-2023 14:17,02-04-2023 14:27,10,1.96,Slightly Delayed,Traffic
3423995261,24863,06-05-2023 21:50,06-05-2023 21:54,4,3.39,On Time,Traffic
1523343168,24863,21-07-2024 19:08,21-07-2024 19:12,4,4.56,On Time,Traffic
1948066291,24863,02-10-2024 22:12,02-10-2024 22:15,3,3.15,On Time,Traffic
2021361582,24863,20-05-2024 13:48,20-05-2024 14:04,16,0.61,Significantly Delayed,Traffic
7491420331,24863,22-05-2024 03:30,22-05-2024 03:38,8,3.25,Slightly Delayed,Traffic
994840771,24863,15-10-2023 23:11,15-10-2023 23:25,14,3.72,Slightly Delayed,Traffic
6277344634,24863,23-07-2024 19:33,23-07-2024 19:55,22,2.48,Significantly Delayed,Traffic
4092653338,24863,24-04-2024 14:26,24-04-2024 14:21,-5,4.63,On Time,
7213712604,24863,17-11-2023 07:16,17-11-2023 07:12,-4,2.8,On Time,
7326709115,24863,26-11-2023 00:54,26-11-2023 01:01,7,3.53,Slightly Delayed,Traffic
9419789569,24863,17-07-2024 10:53,17-07-2024 10:53,0,2.48,On Time,
5388191488,24863,31-03-2024 04:07,31-03-2024 04:19,12,0.6,Slightly Delayed,Traffic
9065873433,24863,23-10-2023 19:27,23-10-2023 19:37,10,2.06,Slightly Delayed,Traffic
4627342297,24863,28-08-2023 11:01,28-08-2023 11:06,5,2.44,On Time,Traffic
4286971111,24863,27-05-2024 03:36,27-05-2024 03:31,-5,1.8,On Time,
645282074,24863,25-05-2023 23:55,25-05-2023 23:54,-1,0.88,On Time,
7260939789,24863,28-10-2023 13:55,28-10-2023 14:00,5,1.1,On Time,Traffic
1716322448,24863,06-09-2023 16:23,06-09-2023 16:26,3,4.92,On Time,Traffic
4293959647,24863,03-10-2023 21:34,03-10-2023 21:33,-1,2.09,On Time,
3331935300,24863,15-06-2023 21:54,15-06-2023 21:56,2,1.12,On Time,Traffic
1775389576,24863,10-03-2024 06:53,10-03-2024 06:52,-1,0.67,On Time,
8194774262,24863,06-10-2024 06:52,06-10-2024 07:02,10,3.25,Slightly Delayed,Traffic
3615279775,24863,01-11-2023 18:41,01-11-2023 18:40,-1,2.4,On Time,
11467999,24863,23-04-2023 18:57,23-04-2023 19:11,14,0.68,Slightly Delayed,Traffic
3971267196,24863,14-01-2024 02:54,14-01-2024 02:58,4,2.74,On Time,Traffic
1584863963,24863,21-07-2024 18:31,21-07-2024 18:48,17,3.64,Significantly Delayed,Traffic
1557893814,24863,02-04-2024 13:01,02-04-2024 13:05,4,1.85,On Time,Traffic
8172695964,24863,07-07-2024 09:36,07-07-2024 09:38,2,2.43,On Time,Traffic
7462800868,24863,19-10-2023 17:44,19-10-2023 18:12,28,1.77,Significantly Delayed,Traffic
5438961669,24863,10-09-2024 05:38,10-09-2024 05:55,17,2.1,Significantly Delayed,Traffic
4904849001,24863,30-11-2023 06:00,30-11-2023 06:05,5,4.42,On Time,Traffic
4816980820,24863,27-03-2023 20:41,27-03-2023 20:59,18,2.31,Significantly Delayed,Traffic
9004078716,24863,21-08-2023 08:57,21-08-2023 08:57,0,4.57,On Time,
8350353728,24863,25-01-2024 08:18,25-01-2024 08:23,5,1.62,On Time,Traffic
1204084245,24863,26-09-2023 01:48,26-09-2023 02:04,16,4.5,Significantly Delayed,Traffic
4142209897,24863,07-09-2023 20:15,07-09-2023 20:15,0,3.27,On Time,
125551624,24863,12-08-2024 21:44,12-08-2024 21:44,0,1.09,On Time,
9970545044,24863,08-08-2023 22:38,08-08-2023 22:43,5,1.76,On Time,Traffic
7976032064,24863,03-05-2024 16:16,03-05-2024 16:18,2,4.57,On Time,Traffic
8691567542,24863,27-06-2024 09:05,27-06-2024 09:10,5,1.06,On Time,Traffic
3592747590,24863,24-04-2024 12:29,24-04-2024 12:58,29,3.76,Significantly Delayed,Traffic
7495753437,24863,02-06-2023 00:45,02-06-2023 00:45,0,1.06,On Time,
3965847120,24863,05-05-2023 15:09,05-05-2023 15:11,2,4.21,On Time,Traffic
9365984533,24863,25-06-2024 20:02,25-06-2024 19:59,-3,4.34,On Time,
2948242102,24863,12-10-2023 15:14,12-10-2023 15:12,-2,4.57,On Time,
6161193691,24863,30-05-2023 13:55,30-05-2023 13:50,-5,2.46,On Time,
5964122835,24863,29-03-2024 18:29,29-03-2024 18:26,-3,4.54,On Time,
8879377902,24863,09-03-2024 06:26,09-03-2024 06:21,-5,3.82,On Time,
8158068874,24863,25-07-2024 20:41,25-07-2024 20:55,14,4.01,Slightly Delayed,Traffic
7039570964,24863,13-04-2024 03:30,13-04-2024 03:42,12,0.52,Slightly Delayed,Traffic
5482913265,24863,08-08-2024 15:30,08-08-2024 15:41,11,0.61,Slightly Delayed,Traffic
1018255782,24863,08-09-2024 06:25,08-09-2024 06:45,20,2.48,Significantly Delayed,Traffic
8441505853,24863,10-11-2023 08:31,10-11-2023 08:33,2,3.69,On Time,Traffic
3850018395,24863,09-06-2023 20:45,09-06-2023 21:00,15,1.25,Slightly Delayed,Traffic
4884197611,24863,19-04-2023 19:23,19-04-2023 19:48,25,4.29,Significantly Delayed,Traffic
5321849748,24863,01-03-2024 00:33,01-03-2024 00:28,-5,2.69,On Time,
9808738347,24863,28-03-2024 23:53,28-03-2024 23:50,-3,2.79,On Time,
8727249149,24863,27-06-2023 00:38,27-06-2023 00:35,-3,2.27,On Time,
2772154780,24863,18-07-2024 14:52,18-07-2024 14:51,-1,0.69,On Time,
9128056381,24863,10-06-2024 07:32,10-06-2024 07:32,0,0.84,On Time,
4461463308,24863,16-06-2023 08:11,16-06-2023 08:11,0,1.16,On Time,
5636483988,24863,29-01-2024 17:52,29-01-2024 17:51,-1,4.35,On Time,
1532065529,24863,07-12-2023 06:43,07-12-2023 06:45,2,1.94,On Time,Traffic
9933994647,24863,27-02-2024 06:50,27-02-2024 06:51,1,2,On Time,Traffic
4823026749,24863,08-08-2024 16:02,08-08-2024 15:58,-4,3.57,On Time,
7453442245,24863,08-09-2024 06:47,08-09-2024 06:50,3,2.49,On Time,Traffic
6519941559,24863,10-05-2024 19:57,10-05-2024 19:57,0,2.37,On Time,
3798769654,24863,28-09-2024 12:42,28-09-2024 12:38,-4,3.45,On Time,
5034289521,24863,15-05-2024 13:19,15-05-2024 13:17,-2,2.26,On Time,
6971088688,24863,18-07-2023 11:05,18-07-2023 11:14,9,3.13,Slightly Delayed,Traffic
5650184107,24863,21-06-2023 08:32,21-06-2023 08:32,0,1.16,On Time,
5770410311,24863,31-12-2023 10:33,31-12-2023 10:31,-2,0.96,On Time,
274530126,24863,08-04-2023 22:12,08-04-2023 22:34,22,4.22,Significantly Delayed,Traffic
4819831152,24863,22-09-2024 19:55,22-09-2024 19:59,4,2.73,On Time,Traffic
6977688323,24863,07-06-2023 22:22,07-06-2023 22:27,5,2.86,On Time,Traffic
2035952734,24863,17-04-2023 19:38,17-04-2023 19:37,-1,0.84,On Time,
3665334102,24863,04-11-2024 01:28,04-11-2024 01:34,6,1.11,Slightly Delayed,Traffic
1862413314,24863,31-05-2024 16:26,31-05-2024 16:29,3,3.96,On Time,Traffic
4466643926,24863,08-04-2024 20:48,08-04-2024 20:49,1,4.72,On Time,Traffic
4470717835,24863,08-07-2023 00:36,08-07-2023 00:39,3,1.91,On Time,Traffic
3018086191,24863,07-02-2024 16:11,07-02-2024 16:13,2,2.04,On Time,Traffic
2447983559,24863,03-10-2024 20:58,03-10-2024 21:25,27,1.82,Significantly Delayed,Traffic
5116322704,24863,20-06-2024 04:38,20-06-2024 04:42,4,2.51,On Time,Traffic
8941550852,24863,20-04-2024 22:19,20-04-2024 22:22,3,4.18,On Time,Traffic
8026773850,24863,23-10-2023 19:34,23-10-2023 19:37,3,3.97,On Time,Traffic
2102402075,24863,14-07-2024 05:46,14-07-2024 05:41,-5,5,On Time,
989844439,24863,23-07-2023 12:08,23-07-2023 12:06,-2,2.39,On Time,
8426805628,24863,17-04-2023 22:54,17-04-2023 22:52,-2,1.87,On Time,
7662188403,24863,09-05-2023 07:47,09-05-2023 07:55,8,3.91,Slightly Delayed,Traffic
9141654140,24863,14-07-2023 14:11,14-07-2023 14:12,1,1.33,On Time,Traffic
5696947751,24863,06-11-2023 03:48,06-11-2023 03:49,1,3.95,On Time,Traffic
8953871540,24863,14-11-2023 16:31,14-11-2023 16:36,5,1.91,On Time,Traffic
1767778760,24863,14-04-2023 03:41,14-04-2023 03:41,0,2.32,On Time,
5516201271,24863,10-07-2024 14:41,10-07-2024 14:39,-2,1.52,On Time,
9358248664,24863,20-12-2023 00:18,20-12-2023 00:15,-3,0.77,On Time,
1530424665,24863,21-04-2023 23:49,21-04-2023 23:51,2,3.67,On Time,Traffic
7816293360,24863,27-07-2023 18:14,27-07-2023 18:16,2,3.35,On Time,Traffic
1602396548,24863,09-09-2024 23:59,10-09-2024 00:01,2,1.2,On Time,Traffic
7938126128,24863,16-06-2023 08:42,16-06-2023 08:41,-1,2.11,On Time,
271744331,24863,21-08-2023 04:12,21-08-2023 04:10,-2,3.23,On Time,
387311360,24863,07-08-2023 03:11,07-08-2023 03:10,-1,4.42,On Time,
1286123100,24863,31-12-2023 00:10,31-12-2023 00:13,3,4.03,On Time,Traffic
4832392771,24863,02-11-2023 14:55,02-11-2023 14:58,3,1.61,On Time,Traffic
4800106448,24863,10-12-2023 05:31,10-12-2023 05:27,-4,3.27,On Time,
5500008514,24863,03-05-2024 18:25,03-05-2024 18:24,-1,3.12,On Time,
7879575037,24863,07-01-2024 12:32,07-01-2024 12:37,5,2.29,On Time,Traffic
50845914,24863,09-04-2023 04:37,09-04-2023 04:34,-3,3.41,On Time,
9766990467,24863,30-06-2023 08:33,30-06-2023 08:41,8,1.69,Slightly Delayed,Traffic
4215602937,24863,04-10-2023 05:44,04-10-2023 05:45,1,3.25,On Time,Traffic
238484255,24863,11-04-2024 04:18,11-04-2024 04:20,2,0.92,On Time,Traffic
3293988248,24863,29-09-2024 07:57,29-09-2024 08:26,29,2.58,Significantly Delayed,Traffic
5296157775,24863,27-07-2024 10:34,27-07-2024 10:37,3,1.35,On Time,Traffic
1143489067,24863,14-09-2023 17:21,14-09-2023 17:18,-3,4.28,On Time,
8524452029,24863,07-11-2023 01:15,07-11-2023 01:22,7,0.54,Slightly Delayed,Traffic
4256779885,24863,01-06-2023 17:39,01-06-2023 17:37,-2,2.71,On Time,
7744686996,24863,27-09-2023 21:55,27-09-2023 22:17,22,1.95,Significantly Delayed,Traffic
5427462399,24863,21-06-2024 14:15,21-06-2024 14:19,4,3.89,On Time,Traffic
8596751747,24863,09-03-2024 06:44,09-03-2024 06:43,-1,4.11,On Time,
4746468643,24863,17-08-2023 19:51,17-08-2023 19:52,1,4.62,On Time,Traffic
3010047327,24863,15-12-2023 20:24,15-12-2023 20:29,5,2.44,On Time,Traffic
1236959246,24863,06-10-2024 20:37,06-10-2024 20:41,4,1.59,On Time,Traffic
6600422315,24863,19-09-2023 00:38,19-09-2023 00:41,3,0.94,On Time,Traffic
3227252410,66386,16-02-2024 08:11,16-02-2024 08:09,-2,0.92,On Time,
6972292408,46413,16-11-2023 05:55,16-11-2023 06:12,17,2.13,Significantly Delayed,Traffic
7562754470,46136,15-02-2024 23:47,15-02-2024 23:48,1,1.58,On Time,Traffic
7361971676,18979,23-08-2023 01:02,23-08-2023 01:06,4,4.06,On Time,Traffic
8875605037,16915,27-09-2023 10:16,27-09-2023 10:20,4,1.78,On Time,Traffic
8508253527,11048,05-09-2024 21:11,05-09-2024 21:23,12,2.64,Slightly Delayed,Traffic
6798775600,81032,09-10-2023 22:54,09-10-2023 23:08,14,3.02,Slightly Delayed,Traffic
3624810422,83193,10-08-2024 01:25,10-08-2024 01:29,4,1.05,On Time,Traffic
4740213452,85085,22-02-2024 12:49,22-02-2024 13:01,12,2.62,Slightly Delayed,Traffic
3825468344,35824,09-04-2023 08:19,09-04-2023 08:21,2,4.66,On Time,Traffic
902245665,25868,08-08-2024 08:28,08-08-2024 08:26,-2,1.57,On Time,
6874299189,38460,14-08-2023 11:45,14-08-2023 11:48,3,4.85,On Time,Traffic
1127125313,81996,15-12-2023 19:36,15-12-2023 19:45,9,3.32,Slightly Delayed,Traffic
3606548818,90473,12-05-2023 05:08,12-05-2023 05:10,2,4,On Time,Traffic
5750044154,71543,16-09-2024 22:50,16-09-2024 23:01,11,2.04,Slightly Delayed,Traffic
3872847781,45099,16-09-2023 20:55,16-09-2023 20:53,-2,3.03,On Time,
5939554684,71726,11-06-2023 16:47,11-06-2023 16:51,4,1.97,On Time,Traffic
676412814,88453,26-07-2024 03:45,26-07-2024 03:45,0,3.44,On Time,
4248390724,49698,22-08-2023 20:35,22-08-2023 20:44,9,2.98,Slightly Delayed,Traffic
8938687150,99357,25-04-2023 06:35,25-04-2023 06:30,-5,2.03,On Time,
7898867047,51564,03-05-2023 15:31,03-05-2023 15:38,7,3.91,Slightly Delayed,Traffic
2142065357,1749,27-01-2024 08:04,27-01-2024 08:04,0,2.63,On Time,
9024719693,96400,06-06-2024 19:40,06-06-2024 19:41,1,2.56,On Time,Traffic
8976616698,46211,23-08-2023 03:36,23-08-2023 03:38,2,2.97,On Time,Traffic
8792586840,44722,14-06-2023 15:26,14-06-2023 15:29,3,4.87,On Time,Traffic
5375387413,44722,04-04-2023 23:42,04-04-2023 23:44,2,1.63,On Time,Traffic
4252164097,44722,28-09-2023 07:16,28-09-2023 07:24,8,4.88,Slightly Delayed,Traffic
8423273411,44722,23-05-2023 23:24,23-05-2023 23:24,0,1.77,On Time,
2551179741,44722,10-04-2024 02:29,10-04-2024 02:43,14,2.62,Slightly Delayed,Traffic
227511348,44722,01-08-2024 16:01,01-08-2024 16:02,1,0.84,On Time,Traffic
4434464045,44722,22-09-2023 00:21,22-09-2023 00:21,0,1.19,On Time,
7041011843,44722,06-02-2024 01:03,06-02-2024 01:03,0,3.37,On Time,
6510283268,44722,12-06-2024 01:57,12-06-2024 01:55,-2,4.4,On Time,
6853654698,44722,06-08-2023 11:36,06-08-2023 11:41,5,1.16,On Time,Traffic
9338996795,44722,09-01-2024 18:40,09-01-2024 18:38,-2,4.45,On Time,
7346145952,44722,12-03-2024 19:37,12-03-2024 19:33,-4,0.76,On Time,
6497069610,44722,10-04-2024 17:32,10-04-2024 17:34,2,1.13,On Time,Traffic
1741402363,44722,12-06-2024 11:29,12-06-2024 11:31,2,1.4,On Time,Traffic
4825878367,44722,07-10-2024 14:23,07-10-2024 14:23,0,4.4,On Time,
7019011442,44722,30-06-2023 19:54,30-06-2023 19:50,-4,2.49,On Time,
1674463798,44722,21-09-2024 13:43,21-09-2024 13:49,6,0.99,Slightly Delayed,Traffic
305684588,44722,25-08-2024 19:56,25-08-2024 20:12,16,4.53,Significantly Delayed,Traffic
5967495442,44722,18-07-2024 15:36,18-07-2024 15:47,11,1.54,Slightly Delayed,Traffic
2571047526,44722,19-06-2023 00:30,19-06-2023 00:25,-5,2.29,On Time,
7784811086,44722,07-09-2024 06:26,07-09-2024 06:50,24,1.07,Significantly Delayed,Traffic
7942005230,44722,25-03-2023 08:31,25-03-2023 08:41,10,2.99,Slightly Delayed,Traffic
6653543195,44722,15-09-2023 15:09,15-09-2023 15:20,11,2.42,Slightly Delayed,Traffic
397928918,44722,14-09-2024 04:13,14-09-2024 04:28,15,4.32,Slightly Delayed,Traffic
776120140,44722,12-11-2023 04:03,12-11-2023 04:19,16,2.58,Significantly Delayed,Traffic
8293188779,44722,16-10-2024 10:08,16-10-2024 10:06,-2,2.18,On Time,
178737268,44722,18-06-2023 20:05,18-06-2023 20:04,-1,3.03,On Time,
5246598523,44722,22-11-2023 17:04,22-11-2023 17:30,26,2.03,Significantly Delayed,Traffic
1172544737,44722,24-11-2023 07:46,24-11-2023 07:56,10,4.9,Slightly Delayed,Traffic
6419533291,44722,28-07-2023 05:15,28-07-2023 05:17,2,1.37,On Time,Traffic
882083749,44722,18-06-2023 13:09,18-06-2023 13:13,4,3.82,On Time,Traffic
3185510401,44722,14-10-2024 00:36,14-10-2024 00:40,4,2.04,On Time,Traffic
7760767006,44722,19-08-2023 12:19,19-08-2023 12:14,-5,2.21,On Time,
3833878150,44722,23-06-2024 19:07,23-06-2024 19:33,26,3.31,Significantly Delayed,Traffic
369899578,44722,19-08-2023 14:31,19-08-2023 14:32,1,2.12,On Time,Traffic
1944466212,44722,09-09-2024 14:21,09-09-2024 14:20,-1,4.02,On Time,
4064447117,44722,25-02-2024 22:34,25-02-2024 22:53,19,4.11,Significantly Delayed,Traffic
1553685597,44722,28-10-2024 00:43,28-10-2024 01:13,30,2.21,Significantly Delayed,Traffic
3682284811,44722,18-07-2024 21:13,18-07-2024 21:10,-3,1.6,On Time,
291439357,44722,11-04-2023 02:30,11-04-2023 02:33,3,4.33,On Time,Traffic
8285784194,44722,30-09-2024 15:57,30-09-2024 15:59,2,1.17,On Time,Traffic
5058742647,44722,17-09-2024 23:51,17-09-2024 23:55,4,0.93,On Time,Traffic
6917020296,44722,10-07-2024 22:00,10-07-2024 22:03,3,4.71,On Time,Traffic
6671181961,44722,13-10-2023 05:49,13-10-2023 05:51,2,4.07,On Time,Traffic
5123439997,44722,15-02-2024 19:13,15-02-2024 19:15,2,0.93,On Time,Traffic
8510183245,44722,01-10-2024 21:07,01-10-2024 21:02,-5,4.02,On Time,
6081384585,44722,04-03-2024 04:19,04-03-2024 04:20,1,0.74,On Time,Traffic
4423613746,44722,27-08-2023 18:11,27-08-2023 18:20,9,1.54,Slightly Delayed,Traffic
1530472691,44722,09-08-2024 14:35,09-08-2024 14:46,11,3.45,Slightly Delayed,Traffic
7009303199,44722,25-02-2024 10:51,25-02-2024 10:59,8,0.72,Slightly Delayed,Traffic
5386652055,44722,16-04-2024 15:40,16-04-2024 15:47,7,3.92,Slightly Delayed,Traffic
4413239746,44722,10-04-2023 07:41,10-04-2023 07:54,13,4.76,Slightly Delayed,Traffic
4988875078,44722,23-07-2023 16:02,23-07-2023 16:16,14,2.9,Slightly Delayed,Traffic
1617565217,44722,01-06-2024 13:03,01-06-2024 13:02,-1,1.3,On Time,
392038758,44722,23-07-2024 18:50,23-07-2024 18:58,8,1.35,Slightly Delayed,Traffic
1828727552,44722,26-03-2024 14:51,26-03-2024 14:54,3,2.35,On Time,Traffic
7119397338,44722,28-10-2024 23:10,28-10-2024 23:13,3,0.5,On Time,Traffic
2611271708,44722,26-04-2024 05:44,26-04-2024 05:47,3,1.02,On Time,Traffic
7162509481,44722,17-10-2024 01:11,17-10-2024 01:06,-5,2.82,On Time,
131913576,44722,17-10-2023 03:10,17-10-2023 03:12,2,0.76,On Time,Traffic
6627201490,44722,10-12-2023 15:06,10-12-2023 15:17,11,3.58,Slightly Delayed,Traffic
4644950813,44722,21-08-2023 09:22,21-08-2023 09:27,5,1.44,On Time,Traffic
9434934993,44722,09-08-2024 07:26,09-08-2024 07:39,13,3.81,Slightly Delayed,Traffic
2556317798,44722,14-09-2023 04:05,14-09-2023 04:03,-2,4.01,On Time,
2826150539,44722,05-11-2023 10:42,05-11-2023 10:47,5,3.16,On Time,Traffic
4283803308,44722,08-12-2023 04:28,08-12-2023 04:32,4,2.2,On Time,Traffic
6873424093,44722,10-02-2024 23:28,10-02-2024 23:29,1,2.72,On Time,Traffic
4741294126,44722,05-09-2024 08:37,05-09-2024 08:38,1,1.18,On Time,Traffic
4967241271,44722,03-05-2023 22:55,03-05-2023 22:56,1,4.29,On Time,Traffic
9554079946,44722,23-12-2023 10:10,23-12-2023 10:10,0,1.05,On Time,
4601205399,44722,14-07-2023 20:34,14-07-2023 20:39,5,1.75,On Time,Traffic
5633967304,44722,30-01-2024 19:33,30-01-2024 19:48,15,3.63,Slightly Delayed,Traffic
4168163237,44722,06-07-2023 00:44,06-07-2023 00:56,12,2.18,Slightly Delayed,Traffic
5924297360,44722,09-09-2024 22:12,09-09-2024 22:27,15,3.57,Slightly Delayed,Traffic
2120299901,44722,12-06-2024 09:45,12-06-2024 09:41,-4,2.67,On Time,
1070876534,44722,21-02-2024 19:12,21-02-2024 19:08,-4,0.64,On Time,
7032280048,44722,15-09-2023 22:32,15-09-2023 22:35,3,0.5,On Time,Traffic
156346853,44722,30-03-2023 09:13,30-03-2023 09:28,15,1.43,Slightly Delayed,Traffic
6873267326,44722,10-02-2024 08:03,10-02-2024 08:11,8,3.17,Slightly Delayed,Traffic
1370661468,44722,27-09-2023 02:20,27-09-2023 02:24,4,3.11,On Time,Traffic
3612128358,44722,24-04-2024 23:29,24-04-2024 23:28,-1,2.81,On Time,
1736953222,44722,18-02-2024 14:11,18-02-2024 14:21,10,4.92,Slightly Delayed,Traffic
9107923488,44722,20-11-2023 05:07,20-11-2023 05:11,4,4.98,On Time,Traffic
4378877600,44722,27-11-2023 11:29,27-11-2023 11:43,14,0.94,Slightly Delayed,Traffic
3232762361,44722,24-07-2023 15:47,24-07-2023 15:45,-2,3.74,On Time,
1831641377,44722,19-03-2024 04:29,19-03-2024 04:39,10,4.35,Slightly Delayed,Traffic
562428866,44722,17-04-2023 19:46,17-04-2023 20:00,14,3.8,Slightly Delayed,Traffic
4607715908,44722,24-08-2024 23:03,24-08-2024 23:10,7,2.31,Slightly Delayed,Traffic
4804575203,44722,23-05-2023 21:56,23-05-2023 22:19,23,2.47,Significantly Delayed,Traffic
8287234948,44722,07-10-2024 08:01,07-10-2024 08:04,3,1.92,On Time,Traffic
6074452586,44722,01-09-2023 08:46,01-09-2023 08:50,4,2.12,On Time,Traffic
6821790656,44722,03-08-2024 13:22,03-08-2024 13:23,1,3.92,On Time,Traffic
7821942520,44722,13-02-2024 00:12,13-02-2024 00:13,1,2.62,On Time,Traffic
3012496270,44722,06-04-2023 04:04,06-04-2023 04:04,0,4.62,On Time,
8980370750,44722,15-09-2023 15:04,15-09-2023 15:05,1,2.34,On Time,Traffic
6535672015,44722,05-05-2023 08:55,05-05-2023 09:00,5,3.94,On Time,Traffic
6999060704,44722,28-04-2023 16:11,28-04-2023 16:18,7,4.34,Slightly Delayed,Traffic
9403732731,44722,26-05-2024 16:03,26-05-2024 16:07,4,4.7,On Time,Traffic
5649255352,44722,30-10-2024 23:50,30-10-2024 23:52,2,1.79,On Time,Traffic
5034409841,44722,15-08-2023 03:32,15-08-2023 03:50,18,1.76,Significantly Delayed,Traffic
9072111617,44722,15-09-2024 22:30,15-09-2024 22:27,-3,0.69,On Time,
9556880451,44722,08-10-2023 11:39,08-10-2023 11:34,-5,0.88,On Time,
4602796463,44722,12-09-2024 05:39,12-09-2024 05:44,5,4.75,On Time,Traffic
6061353924,44722,03-03-2024 22:26,03-03-2024 22:23,-3,2.47,On Time,
4366519080,44722,29-05-2023 18:10,29-05-2023 18:06,-4,4.15,On Time,
1324817141,44722,17-08-2023 22:14,17-08-2023 22:12,-2,3.53,On Time,
5419080144,44722,01-11-2024 16:59,01-11-2024 16:54,-5,3.05,On Time,
8813470284,44722,04-01-2024 05:35,04-01-2024 05:30,-5,3.15,On Time,
3182992799,44722,18-10-2023 14:12,18-10-2023 14:25,13,4.56,Slightly Delayed,Traffic
7792996715,44722,03-01-2024 15:14,03-01-2024 15:09,-5,4.66,On Time,
6962624734,44722,27-04-2023 09:12,27-04-2023 09:17,5,1.69,On Time,Traffic
5948662456,44722,29-06-2023 18:45,29-06-2023 18:47,2,0.64,On Time,Traffic
3395675979,44722,10-06-2023 16:10,10-06-2023 16:07,-3,2.55,On Time,
7550368787,44722,30-12-2023 18:05,30-12-2023 18:17,12,4.12,Slightly Delayed,Traffic
8357671697,44722,14-04-2024 00:56,14-04-2024 00:55,-1,1.14,On Time,
9600704922,44722,13-11-2023 12:51,13-11-2023 12:50,-1,4.99,On Time,
9915229426,44722,03-02-2024 02:57,03-02-2024 02:57,0,1.69,On Time,
9927474026,44722,28-03-2023 04:20,28-03-2023 04:33,13,0.9,Slightly Delayed,Traffic
6310535397,44722,26-05-2023 18:03,26-05-2023 18:03,0,3.54,On Time,
8045941430,44722,24-05-2023 15:22,24-05-2023 15:22,0,0.64,On Time,
4390394582,44722,02-11-2024 11:38,02-11-2024 11:38,0,4.85,On Time,
5062545226,44722,28-11-2023 04:36,28-11-2023 04:33,-3,1.59,On Time,
2836701831,44722,13-06-2024 14:27,13-06-2024 14:31,4,1.63,On Time,Traffic
4115492281,44722,07-01-2024 01:51,07-01-2024 01:52,1,2.16,On Time,Traffic
3554645781,44722,25-04-2024 15:15,25-04-2024 15:24,9,3.43,Slightly Delayed,Traffic
3983605701,44722,27-01-2024 12:43,27-01-2024 12:52,9,2.75,Slightly Delayed,Traffic
8581516385,44722,14-12-2023 19:49,14-12-2023 19:49,0,2.41,On Time,
8290229112,44722,09-03-2024 05:19,09-03-2024 05:16,-3,2.06,On Time,
1195560119,44722,03-04-2023 17:33,03-04-2023 17:36,3,1.79,On Time,Traffic
5077327994,44722,01-08-2023 20:26,01-08-2023 20:23,-3,4.36,On Time,
2945185661,44722,09-07-2023 12:20,09-07-2023 12:18,-2,2.76,On Time,
3951005873,44722,03-10-2024 15:14,03-10-2024 15:09,-5,4.02,On Time,
3490816523,44722,27-01-2024 20:28,27-01-2024 20:43,15,4.88,Slightly Delayed,Traffic
6739114301,44722,26-03-2023 18:26,26-03-2023 18:28,2,1.42,On Time,Traffic
5728818155,44722,03-11-2023 01:10,03-11-2023 01:18,8,1.82,Slightly Delayed,Traffic
7713651693,44722,07-08-2023 02:11,07-08-2023 02:16,5,4.26,On Time,Traffic
5452048621,44722,22-10-2024 15:28,22-10-2024 15:43,15,1.74,Slightly Delayed,Traffic
2297027645,44722,17-04-2024 21:16,17-04-2024 21:11,-5,2.68,On Time,
2438302298,44722,24-04-2023 00:18,24-04-2023 00:33,15,2.07,Slightly Delayed,Traffic
578811216,44722,18-06-2024 10:37,18-06-2024 10:55,18,0.57,Significantly Delayed,Traffic
8684710720,44722,12-09-2023 02:37,12-09-2023 02:36,-1,3.27,On Time,
1249797614,44722,27-06-2024 18:43,27-06-2024 18:44,1,4.91,On Time,Traffic
8013026217,44722,21-03-2023 12:41,21-03-2023 12:41,0,2.31,On Time,
5421697986,44722,26-05-2023 02:45,26-05-2023 02:49,4,4.2,On Time,Traffic
8922741261,44722,11-08-2024 00:53,11-08-2024 00:54,1,2.01,On Time,Traffic
3441102335,44722,04-11-2023 00:39,04-11-2023 00:39,0,1.66,On Time,
6065607924,44722,08-05-2024 08:33,08-05-2024 08:32,-1,2.71,On Time,
5153395650,44722,23-03-2023 15:34,23-03-2023 15:38,4,4.12,On Time,Traffic
2215235447,44722,16-09-2024 17:25,16-09-2024 17:21,-4,3.74,On Time,
5678676134,44722,21-09-2024 15:50,21-09-2024 15:46,-4,4.35,On Time,
5045588926,44722,04-07-2023 16:23,04-07-2023 16:24,1,2.76,On Time,Traffic
1677502866,44722,18-01-2024 08:46,18-01-2024 08:43,-3,2.08,On Time,
4777610024,44722,25-05-2024 03:47,25-05-2024 03:57,10,1.04,Slightly Delayed,Traffic
477350788,44722,12-10-2023 05:18,12-10-2023 05:13,-5,1.37,On Time,
4616699342,44722,16-04-2023 07:39,16-04-2023 07:35,-4,2.98,On Time,
8849914077,44722,30-01-2024 00:18,30-01-2024 00:17,-1,4.75,On Time,
9183435457,44722,22-10-2024 00:07,22-10-2024 00:03,-4,0.97,On Time,
6922646336,44722,24-06-2023 00:02,24-06-2023 00:05,3,3.81,On Time,Traffic
3228806806,44722,29-06-2023 08:31,29-06-2023 08:54,23,3.64,Significantly Delayed,Traffic
4893095476,44722,04-10-2024 21:24,04-10-2024 21:36,12,0.74,Slightly Delayed,Traffic
7773468233,44722,05-10-2023 08:28,05-10-2023 08:30,2,1.17,On Time,Traffic
5928657526,44722,14-10-2023 12:48,14-10-2023 12:49,1,4.07,On Time,Traffic
4435936422,44722,01-12-2023 19:59,01-12-2023 19:58,-1,4.98,On Time,
6031122324,44722,25-06-2024 15:38,25-06-2024 15:39,1,2,On Time,Traffic
7286969496,44722,21-06-2023 16:03,21-06-2023 16:00,-3,1.03,On Time,
4665508413,44722,02-11-2023 01:48,02-11-2023 01:48,0,4.23,On Time,
9224598372,44722,31-03-2024 13:32,31-03-2024 13:27,-5,3.72,On Time,
842020543,44722,14-08-2024 11:17,14-08-2024 11:21,4,0.67,On Time,Traffic
7237143327,44722,09-06-2023 21:07,09-06-2023 21:07,0,2.12,On Time,
5095141954,44722,05-08-2023 08:37,05-08-2023 08:32,-5,2.62,On Time,
6229535077,44722,01-04-2024 06:07,01-04-2024 06:04,-3,0.57,On Time,
2984879441,44722,22-04-2024 07:57,22-04-2024 08:01,4,4.76,On Time,Traffic
785895477,44722,19-03-2023 19:10,19-03-2023 19:38,28,3.1,Significantly Delayed,Traffic
6220343481,44722,02-06-2023 23:13,02-06-2023 23:17,4,3.67,On Time,Traffic
5897343054,44722,21-03-2023 04:28,21-03-2023 04:50,22,3.75,Significantly Delayed,Traffic
60465,44722,23-10-2024 05:34,23-10-2024 05:39,5,3.97,On Time,Traffic
2245476104,44722,01-06-2023 09:30,01-06-2023 09:33,3,4.97,On Time,Traffic
6347292505,44722,24-06-2024 19:56,24-06-2024 20:02,6,1.12,Slightly Delayed,Traffic
8321900643,44722,31-10-2023 21:49,31-10-2023 21:51,2,3.41,On Time,Traffic
9639033064,44722,15-08-2024 21:22,15-08-2024 21:18,-4,2.6,On Time,
2748368258,44722,04-08-2023 00:07,04-08-2023 00:02,-5,4.85,On Time,
1444371693,44722,06-05-2023 08:37,06-05-2023 08:41,4,4.19,On Time,Traffic
7111342746,44722,19-10-2024 15:48,19-10-2024 15:50,2,2.46,On Time,Traffic
9457576236,44722,29-11-2023 18:28,29-11-2023 18:34,6,1.2,Slightly Delayed,Traffic
4167252733,44722,27-11-2023 17:02,27-11-2023 17:01,-1,4.92,On Time,
4304875010,44722,27-01-2024 05:35,27-01-2024 05:30,-5,3.42,On Time,
4870910859,44722,04-07-2023 05:05,04-07-2023 05:00,-5,2.21,On Time,
3674118222,44722,25-07-2024 07:48,25-07-2024 07:54,6,3.11,Slightly Delayed,Traffic
38408517,44722,26-11-2023 08:58,26-11-2023 09:20,22,4.98,Significantly Delayed,Traffic
3081609596,44722,09-04-2023 04:34,09-04-2023 04:34,0,4.39,On Time,
1390229631,44722,07-08-2023 07:56,07-08-2023 08:06,10,0.65,Slightly Delayed,Traffic
7498092418,44722,12-10-2023 12:10,12-10-2023 12:17,7,0.6,Slightly Delayed,Traffic
3334055527,44722,18-04-2023 12:32,18-04-2023 12:36,4,0.72,On Time,Traffic
8729426842,44722,07-06-2023 03:21,07-06-2023 03:16,-5,2.81,On Time,
1722808791,44722,16-05-2023 12:35,16-05-2023 12:31,-4,1.42,On Time,
9775070757,44722,15-03-2024 07:08,15-03-2024 07:15,7,4.66,Slightly Delayed,Traffic
4737779056,44722,09-08-2024 00:06,09-08-2024 00:01,-5,1.64,On Time,
2047483376,44722,15-10-2023 15:57,15-10-2023 15:59,2,0.53,On Time,Traffic
4758632331,44722,06-09-2023 03:20,06-09-2023 03:47,27,4.89,Significantly Delayed,Traffic
4741574337,44722,09-02-2024 02:04,09-02-2024 02:08,4,4.22,On Time,Traffic
5805120939,44722,10-07-2024 13:06,10-07-2024 13:18,12,2.52,Slightly Delayed,Traffic
7550508,44722,20-10-2023 11:07,20-10-2023 11:06,-1,2.21,On Time,
1966056265,44722,11-08-2024 05:12,11-08-2024 05:17,5,3.87,On Time,Traffic
6363072906,44722,08-07-2024 15:43,08-07-2024 15:40,-3,3.02,On Time,
7389054351,44722,22-12-2023 07:01,22-12-2023 07:00,-1,1.6,On Time,
7146572423,44722,01-06-2023 18:47,01-06-2023 18:50,3,3.16,On Time,Traffic
4590810848,44722,24-05-2023 12:22,24-05-2023 12:20,-2,1.32,On Time,
9226364404,44722,22-11-2023 23:56,23-11-2023 00:26,30,1.45,Significantly Delayed,Traffic
6687792641,44722,20-05-2024 07:10,20-05-2024 07:11,1,1.91,On Time,Traffic
5183577434,44722,03-01-2024 20:12,03-01-2024 20:17,5,3.31,On Time,Traffic
7440785414,44722,01-11-2023 08:43,01-11-2023 08:40,-3,2.09,On Time,
7932057095,44722,20-09-2023 03:22,20-09-2023 03:18,-4,2.07,On Time,
6126906924,44722,01-12-2023 22:36,01-12-2023 22:37,1,3.73,On Time,Traffic
8997788831,44722,23-03-2023 23:42,23-03-2023 23:38,-4,0.77,On Time,
3480516243,44722,06-08-2024 00:07,06-08-2024 00:12,5,3.77,On Time,Traffic
1234692850,44722,19-03-2024 06:09,19-03-2024 06:05,-4,1.94,On Time,
4954911880,44722,09-04-2023 04:14,09-04-2023 04:19,5,1.8,On Time,Traffic
504060154,44722,18-07-2023 20:59,18-07-2023 21:15,16,4.8,Significantly Delayed,Traffic
8723752267,44722,09-07-2024 03:22,09-07-2024 03:24,2,2.82,On Time,Traffic
5724116944,44722,20-06-2024 20:40,20-06-2024 20:50,10,1.74,Slightly Delayed,Traffic
8161349145,44722,12-03-2024 11:15,12-03-2024 11:22,7,1.37,Slightly Delayed,Traffic
2985254380,44722,04-11-2023 05:27,04-11-2023 05:27,0,3.82,On Time,
9837170359,44722,12-04-2023 08:54,12-04-2023 08:55,1,0.59,On Time,Traffic
3915323515,44722,11-09-2024 00:52,11-09-2024 00:50,-2,4.27,On Time,
8829163586,44722,16-01-2024 06:59,16-01-2024 06:58,-1,3.08,On Time,
961526405,44722,10-10-2024 13:46,10-10-2024 13:51,5,1.56,On Time,Traffic
5792721465,44722,18-10-2024 04:47,18-10-2024 04:49,2,0.75,On Time,Traffic
8094117960,44722,04-04-2023 10:19,04-04-2023 10:31,12,0.57,Slightly Delayed,Traffic
9318325652,44722,12-04-2024 11:28,12-04-2024 11:29,1,4.54,On Time,Traffic
852676412,44722,11-08-2024 14:22,11-08-2024 14:29,7,3.17,Slightly Delayed,Traffic
6487883093,44722,19-10-2024 01:42,19-10-2024 01:44,2,0.6,On Time,Traffic
5398965602,44722,09-06-2024 05:31,09-06-2024 05:44,13,1.47,Slightly Delayed,Traffic
6149664144,44722,21-10-2024 02:25,21-10-2024 02:43,18,0.63,Significantly Delayed,Traffic
6231586256,44722,03-05-2023 23:28,03-05-2023 23:27,-1,2.71,On Time,
4598622116,44722,19-03-2024 06:28,19-03-2024 06:48,20,4.18,Significantly Delayed,Traffic
8971796779,44722,03-07-2024 07:37,03-07-2024 07:37,0,4.52,On Time,
2148246883,44722,21-09-2023 08:22,21-09-2023 08:23,1,3.85,On Time,Traffic
4357632507,44722,13-09-2024 02:49,13-09-2024 02:47,-2,4.26,On Time,
3323576462,44722,10-12-2023 23:34,10-12-2023 23:31,-3,1.1,On Time,
4220834107,44722,29-09-2023 22:17,29-09-2023 22:19,2,2,On Time,Traffic
4409513224,44722,26-10-2024 17:24,26-10-2024 17:39,15,4.43,Slightly Delayed,Traffic
5610159677,44722,31-08-2023 12:41,31-08-2023 12:39,-2,2.26,On Time,
6259219127,44722,12-05-2023 21:47,12-05-2023 21:52,5,1.25,On Time,Traffic
5628497118,44722,24-10-2024 08:19,24-10-2024 08:34,15,1.16,Slightly Delayed,Traffic
1508576390,44722,27-07-2023 08:49,27-07-2023 09:13,24,3.05,Significantly Delayed,Traffic
5922953060,44722,13-09-2024 18:23,13-09-2024 18:25,2,3.98,On Time,Traffic
5130838561,44722,26-07-2023 20:06,26-07-2023 20:08,2,2.25,On Time,Traffic
3217749279,44722,29-09-2023 04:36,29-09-2023 04:31,-5,1.71,On Time,
9279422297,44722,07-04-2023 10:55,07-04-2023 10:54,-1,0.89,On Time,
222955546,44722,27-09-2023 19:02,27-09-2023 19:24,22,1.31,Significantly Delayed,Traffic
8290493339,44722,29-01-2024 17:50,29-01-2024 17:49,-1,3.59,On Time,
6418952352,44722,31-08-2023 16:04,31-08-2023 16:02,-2,2.95,On Time,
8978231928,44722,30-10-2024 16:31,30-10-2024 16:39,8,0.51,Slightly Delayed,Traffic
3746306403,44722,03-07-2023 01:59,03-07-2023 02:02,3,4.05,On Time,Traffic
3157198428,44722,30-10-2024 05:15,30-10-2024 05:11,-4,0.51,On Time,
981939883,44722,03-05-2023 16:58,03-05-2023 17:08,10,3.17,Slightly Delayed,Traffic
6569836274,44722,24-06-2024 17:30,24-06-2024 17:41,11,0.84,Slightly Delayed,Traffic
5695124358,44722,16-05-2024 05:22,16-05-2024 05:18,-4,2.51,On Time,
773335066,44722,24-07-2023 22:14,24-07-2023 22:13,-1,4.68,On Time,
3618712852,44722,14-10-2023 05:33,14-10-2023 05:34,1,3.09,On Time,Traffic
6009732867,44722,02-08-2024 07:39,02-08-2024 07:34,-5,3.52,On Time,
7269785858,44722,04-08-2024 04:17,04-08-2024 04:17,0,1.52,On Time,
5798831066,44722,16-04-2024 21:58,16-04-2024 21:54,-4,4.27,On Time,
5330654120,44722,03-11-2024 04:06,03-11-2024 04:01,-5,1.59,On Time,
462189338,44722,04-09-2023 03:51,04-09-2023 03:46,-5,1.26,On Time,
7536187765,44722,15-04-2024 19:50,15-04-2024 19:47,-3,4.69,On Time,
9938820107,44722,07-11-2023 11:02,07-11-2023 11:00,-2,2.65,On Time,
9410751894,44722,25-07-2024 06:30,25-07-2024 06:28,-2,0.89,On Time,
9172888683,44722,18-06-2024 01:21,18-06-2024 01:23,2,3.76,On Time,Traffic
8018695018,44722,04-05-2023 00:29,04-05-2023 00:39,10,0.65,Slightly Delayed,Traffic
7456610316,44722,03-07-2024 06:06,03-07-2024 06:09,3,0.92,On Time,Traffic
5627902734,44722,16-03-2023 19:25,16-03-2023 19:26,1,1.98,On Time,Traffic
5189768940,44722,05-10-2023 08:33,05-10-2023 08:34,1,2.66,On Time,Traffic
173709007,44722,09-10-2023 03:27,09-10-2023 03:48,21,1.02,Significantly Delayed,Traffic
1485229334,44722,19-07-2023 05:36,19-07-2023 05:32,-4,1.95,On Time,
9334479603,44722,16-04-2023 20:27,16-04-2023 20:27,0,4.73,On Time,
8674211510,44722,01-09-2023 11:16,01-09-2023 11:18,2,3.58,On Time,Traffic
390257855,44722,22-04-2023 18:34,22-04-2023 18:38,4,2.42,On Time,Traffic
6642374542,44722,30-08-2024 20:44,30-08-2024 20:44,0,4,On Time,
6585999443,44722,10-06-2023 06:39,10-06-2023 06:39,0,4.01,On Time,
622705569,44722,07-07-2024 09:33,07-07-2024 09:31,-2,4.91,On Time,
1635083835,44722,27-09-2023 09:01,27-09-2023 09:16,15,2.2,Slightly Delayed,Traffic
7359512417,44722,30-08-2024 06:49,30-08-2024 07:03,14,1.12,Slightly Delayed,Traffic
9237698013,44722,15-08-2024 20:55,15-08-2024 20:54,-1,1.08,On Time,
3492935177,44722,24-03-2024 01:11,24-03-2024 01:13,2,2.14,On Time,Traffic
4324086468,44722,25-02-2024 04:43,25-02-2024 04:47,4,3.56,On Time,Traffic
9171218505,44722,31-05-2024 15:19,31-05-2024 15:42,23,1.29,Significantly Delayed,Traffic
5068157547,44722,10-10-2023 13:23,10-10-2023 13:20,-3,4.74,On Time,
8558710948,44722,21-06-2024 18:57,21-06-2024 19:01,4,4.25,On Time,Traffic
3184669775,44722,13-05-2024 02:58,13-05-2024 03:26,28,1.65,Significantly Delayed,Traffic
7079324691,44722,04-04-2023 09:25,04-04-2023 09:23,-2,4.08,On Time,
4210311922,44722,17-05-2023 21:10,17-05-2023 21:12,2,2.81,On Time,Traffic
7660037070,44722,16-02-2024 21:08,16-02-2024 21:04,-4,1.94,On Time,
9410025634,44722,28-01-2024 03:23,28-01-2024 03:26,3,4.12,On Time,Traffic
6798589010,44722,27-09-2023 15:29,27-09-2023 15:38,9,3.82,Slightly Delayed,Traffic
5401466202,44722,26-09-2024 20:01,26-09-2024 20:14,13,1.09,Slightly Delayed,Traffic
9102648124,44722,06-01-2024 15:39,06-01-2024 15:49,10,3.97,Slightly Delayed,Traffic
1969956670,44722,24-10-2024 01:46,24-10-2024 01:54,8,2.05,Slightly Delayed,Traffic
1194228460,44722,11-03-2024 16:26,11-03-2024 16:25,-1,2.61,On Time,
9628463148,44722,25-08-2024 17:14,25-08-2024 17:19,5,1.55,On Time,Traffic
7745364283,44722,18-06-2023 19:08,18-06-2023 19:11,3,2.67,On Time,Traffic
9892343037,44722,31-07-2024 02:54,31-07-2024 03:13,19,1,Significantly Delayed,Traffic
1588828749,44722,17-11-2023 13:53,17-11-2023 13:56,3,4.49,On Time,Traffic
4037647778,44722,17-03-2023 05:49,17-03-2023 05:48,-1,1.84,On Time,
6664301655,44722,31-07-2023 01:50,31-07-2023 01:48,-2,2.45,On Time,
7096225581,44722,27-06-2024 14:05,27-06-2024 14:10,5,2.23,On Time,Traffic
79029185,44722,06-06-2024 14:05,06-06-2024 14:20,15,4.12,Slightly Delayed,Traffic
7831967187,44722,06-06-2023 01:01,06-06-2023 01:01,0,1.18,On Time,
482214790,44722,10-04-2023 05:48,10-04-2023 05:52,4,4.85,On Time,Traffic
5931307224,44722,27-11-2023 08:58,27-11-2023 09:22,24,2.44,Significantly Delayed,Traffic
6410432854,44722,23-11-2023 13:53,23-11-2023 13:59,6,3.43,Slightly Delayed,Traffic
6124624375,44722,12-09-2024 04:26,12-09-2024 04:32,6,4.25,Slightly Delayed,Traffic
8992870838,44722,17-09-2023 06:36,17-09-2023 06:31,-5,4.64,On Time,
8377146126,44722,27-02-2024 17:51,27-02-2024 17:47,-4,1.35,On Time,
7852428533,44722,05-06-2023 06:31,05-06-2023 06:37,6,1.34,Slightly Delayed,Traffic
9258876870,44722,14-03-2024 16:16,14-03-2024 16:13,-3,4.13,On Time,
6810940082,44722,02-11-2023 14:52,02-11-2023 14:55,3,3.66,On Time,Traffic
3330538479,44722,23-01-2024 16:31,23-01-2024 16:30,-1,4.86,On Time,
7270469981,44722,28-07-2023 03:50,28-07-2023 03:47,-3,2,On Time,
5636241570,44722,21-06-2024 20:24,21-06-2024 20:28,4,3.06,On Time,Traffic
4467471002,44722,27-11-2023 13:28,27-11-2023 13:44,16,2.01,Significantly Delayed,Traffic
6201821502,44722,03-05-2024 13:23,03-05-2024 13:30,7,4.2,Slightly Delayed,Traffic
6144140039,44722,22-03-2024 19:18,22-03-2024 19:13,-5,4.66,On Time,
3310749597,44722,05-07-2023 04:30,05-07-2023 04:40,10,1.33,Slightly Delayed,Traffic
5085488484,44722,09-12-2023 11:56,09-12-2023 11:53,-3,2.76,On Time,
587498345,44722,28-06-2024 04:04,28-06-2024 04:18,14,2.64,Slightly Delayed,Traffic
5136205193,44722,22-08-2023 07:18,22-08-2023 07:17,-1,1.22,On Time,
9321319130,44722,31-12-2023 12:01,31-12-2023 12:00,-1,3.69,On Time,
9113393578,44722,09-12-2023 00:15,09-12-2023 00:16,1,2.46,On Time,Traffic
3860678807,44722,19-04-2023 14:27,19-04-2023 14:37,10,4.14,Slightly Delayed,Traffic
3603683788,44722,18-08-2023 09:57,18-08-2023 09:52,-5,4.22,On Time,
4472082279,44722,15-10-2023 04:42,15-10-2023 04:41,-1,1.4,On Time,
4104732514,44722,13-06-2024 20:04,13-06-2024 20:04,0,0.98,On Time,
9050314096,44722,26-05-2023 07:34,26-05-2023 07:31,-3,3.43,On Time,
9296105870,44722,21-02-2024 17:20,21-02-2024 17:22,2,1.28,On Time,Traffic
4678456188,44722,12-12-2023 12:58,12-12-2023 13:26,28,3.44,Significantly Delayed,Traffic
812386333,44722,18-09-2024 10:33,18-09-2024 10:29,-4,3.01,On Time,
8100314462,44722,10-02-2024 14:55,10-02-2024 15:20,25,1.25,Significantly Delayed,Traffic
781509952,44722,02-04-2023 19:14,02-04-2023 19:12,-2,3.64,On Time,
1918416669,44722,08-05-2023 23:14,08-05-2023 23:19,5,1.92,On Time,Traffic
1152165724,44722,04-01-2024 10:35,04-01-2024 11:00,25,3.92,Significantly Delayed,Traffic
9664390656,44722,09-08-2023 09:37,09-08-2023 09:39,2,4.67,On Time,Traffic
2686950796,44722,15-05-2023 08:30,15-05-2023 08:49,19,4.05,Significantly Delayed,Traffic
7332801173,44722,12-06-2023 15:01,12-06-2023 15:02,1,1.01,On Time,Traffic
3503438244,44722,14-02-2024 01:15,14-02-2024 01:13,-2,3.61,On Time,
4044591373,44722,19-04-2024 14:33,19-04-2024 14:38,5,2.21,On Time,Traffic
7817195618,44722,17-05-2023 00:09,17-05-2023 00:11,2,2.89,On Time,Traffic
8974710941,44722,03-09-2024 04:58,03-09-2024 05:13,15,1.07,Slightly Delayed,Traffic
2811268404,44722,21-07-2023 16:57,21-07-2023 17:27,30,4.68,Significantly Delayed,Traffic
7251548462,44722,07-07-2024 17:43,07-07-2024 17:46,3,1.49,On Time,Traffic
352037003,44722,28-01-2024 04:04,28-01-2024 04:00,-4,3.64,On Time,
8510312737,44722,06-03-2024 15:13,06-03-2024 15:09,-4,2.81,On Time,
3242700095,44722,14-10-2024 01:26,14-10-2024 01:21,-5,4.34,On Time,
5833898647,44722,09-10-2023 08:59,09-10-2023 09:04,5,2.45,On Time,Traffic
7212771842,44722,29-04-2023 22:13,29-04-2023 22:09,-4,1.5,On Time,
7799757050,44722,31-05-2024 20:33,31-05-2024 20:33,0,1.63,On Time,
9593303695,44722,05-07-2023 11:26,05-07-2023 11:34,8,1.54,Slightly Delayed,Traffic
7709693536,44722,05-09-2023 19:56,05-09-2023 20:04,8,3.89,Slightly Delayed,Traffic
5092922964,44722,22-11-2023 14:26,22-11-2023 14:21,-5,2.13,On Time,
8318806722,44722,25-07-2024 12:41,25-07-2024 13:08,27,2.01,Significantly Delayed,Traffic
4352870279,44722,23-07-2024 14:18,23-07-2024 14:47,29,3.18,Significantly Delayed,Traffic
6722040962,44722,14-11-2023 02:40,14-11-2023 02:38,-2,1.47,On Time,
1690831615,44722,25-05-2023 18:04,25-05-2023 17:59,-5,1.77,On Time,
6475689021,44722,20-05-2023 21:10,20-05-2023 21:13,3,3.76,On Time,Traffic
8361280131,44722,21-09-2024 00:21,21-09-2024 00:32,11,4.57,Slightly Delayed,Traffic
2664549359,44722,17-06-2024 09:19,17-06-2024 09:25,6,2.72,Slightly Delayed,Traffic
9510912773,44722,07-05-2023 10:15,07-05-2023 10:15,0,2.71,On Time,
3654462337,44722,23-09-2023 03:27,23-09-2023 03:36,9,1.46,Slightly Delayed,Traffic
2308652017,44722,08-08-2023 15:21,08-08-2023 15:24,3,2.4,On Time,Traffic
8300200841,44722,15-03-2024 15:50,15-03-2024 15:46,-4,2.37,On Time,
5027243163,44722,19-03-2024 13:11,19-03-2024 13:16,5,3.13,On Time,Traffic
713290065,44722,05-11-2023 11:24,05-11-2023 11:28,4,2.53,On Time,Traffic
2006434350,44722,24-06-2023 15:53,24-06-2023 15:58,5,1.71,On Time,Traffic
6587221270,44722,23-12-2023 01:18,23-12-2023 01:21,3,3.78,On Time,Traffic
969705468,44722,06-01-2024 20:31,06-01-2024 20:34,3,2.3,On Time,Traffic
4492000627,44722,30-05-2023 11:03,30-05-2023 10:59,-4,1.48,On Time,
977290328,44722,14-12-2023 10:41,14-12-2023 11:06,25,1.93,Significantly Delayed,Traffic
8735245723,44722,04-07-2023 16:05,04-07-2023 16:00,-5,2.09,On Time,
6299539090,44722,30-08-2024 01:13,30-08-2024 01:14,1,3.6,On Time,Traffic
2177211652,44722,29-06-2023 22:44,29-06-2023 23:08,24,2.31,Significantly Delayed,Traffic
8972569491,44722,26-11-2023 12:53,26-11-2023 13:23,30,1.91,Significantly Delayed,Traffic
7658414712,44722,14-09-2023 18:08,14-09-2023 18:05,-3,0.69,On Time,
2069355540,44722,27-07-2024 16:38,27-07-2024 16:40,2,2.68,On Time,Traffic
4084790776,44722,09-09-2024 14:25,09-09-2024 14:30,5,4.27,On Time,Traffic
8716008121,44722,21-12-2023 14:14,21-12-2023 14:09,-5,1.07,On Time,
9781965606,44722,12-07-2023 16:56,12-07-2023 16:54,-2,4.27,On Time,
8380133046,44722,05-02-2024 17:45,05-02-2024 17:47,2,4.5,On Time,Traffic
691827543,44722,15-04-2023 13:33,15-04-2023 13:31,-2,2.76,On Time,
5750245858,44722,07-04-2023 01:01,07-04-2023 01:11,10,2.98,Slightly Delayed,Traffic
1578150657,44722,16-10-2024 06:25,16-10-2024 06:41,16,0.97,Significantly Delayed,Traffic
9069556587,44722,29-02-2024 12:16,29-02-2024 12:31,15,1.42,Slightly Delayed,Traffic
8396347551,44722,30-09-2023 19:26,30-09-2023 19:23,-3,1.44,On Time,
6083487488,44722,11-03-2024 03:39,11-03-2024 03:46,7,2.4,Slightly Delayed,Traffic
3191281184,44722,01-07-2023 16:27,01-07-2023 16:26,-1,3,On Time,
6397409024,44722,03-01-2024 08:35,03-01-2024 08:48,13,3.59,Slightly Delayed,Traffic
9021529086,44722,16-03-2024 19:10,16-03-2024 19:09,-1,1.85,On Time,
8214544415,44722,28-12-2023 17:48,28-12-2023 17:48,0,3.52,On Time,
8569302709,44722,07-10-2023 19:42,07-10-2023 19:41,-1,2.25,On Time,
2219192870,44722,18-01-2024 01:50,18-01-2024 02:04,14,4.83,Slightly Delayed,Traffic
8537081061,44722,16-08-2023 01:19,16-08-2023 01:28,9,1.22,Slightly Delayed,Traffic
9284683425,44722,16-05-2024 06:50,16-05-2024 06:53,3,2.84,On Time,Traffic
9774193601,44722,30-05-2023 11:17,30-05-2023 11:43,26,3.18,Significantly Delayed,Traffic
7496826261,44722,17-11-2023 05:40,17-11-2023 05:44,4,2.98,On Time,Traffic
1058749075,44722,26-08-2023 23:24,26-08-2023 23:25,1,4.26,On Time,Traffic
7128038799,44722,10-03-2024 18:42,10-03-2024 18:47,5,4.31,On Time,Traffic
3596318350,44722,13-10-2024 09:52,13-10-2024 09:55,3,1.85,On Time,Traffic
3187042843,44722,01-01-2024 21:09,01-01-2024 21:19,10,4.12,Slightly Delayed,Traffic
4673500573,44722,15-10-2023 15:02,15-10-2023 14:59,-3,4.03,On Time,
881900445,44722,06-08-2024 02:26,06-08-2024 02:28,2,0.96,On Time,Traffic
9874112459,44722,26-09-2024 23:38,26-09-2024 23:39,1,2.04,On Time,Traffic
4531430634,44722,17-05-2023 06:25,17-05-2023 06:23,-2,1.75,On Time,
6715699166,44722,01-08-2023 19:20,01-08-2023 19:15,-5,0.84,On Time,
4171748538,44722,06-07-2023 23:05,06-07-2023 23:05,0,2.39,On Time,
4093115982,44722,24-05-2023 17:21,24-05-2023 17:16,-5,1.77,On Time,
2515279840,44722,24-12-2023 01:51,24-12-2023 01:53,2,4.6,On Time,Traffic
4981424948,44722,13-10-2024 22:42,13-10-2024 22:41,-1,2.71,On Time,
1911064507,44722,27-02-2024 18:16,27-02-2024 18:17,1,2.83,On Time,Traffic
6438392384,44722,14-09-2024 20:18,14-09-2024 20:21,3,3.53,On Time,Traffic
5859840400,44722,21-10-2023 23:59,21-10-2023 23:59,0,4.78,On Time,
7640576778,44722,13-02-2024 17:53,13-02-2024 18:00,7,3.4,Slightly Delayed,Traffic
5453475937,44722,18-09-2023 12:24,18-09-2023 12:23,-1,4.01,On Time,
653610300,44722,24-04-2023 03:50,24-04-2023 03:53,3,1.98,On Time,Traffic
730299055,44722,21-10-2024 18:26,21-10-2024 18:21,-5,0.6,On Time,
8396250231,44722,26-02-2024 03:27,26-02-2024 03:51,24,1.47,Significantly Delayed,Traffic
8556969682,44722,21-05-2023 06:18,21-05-2023 06:16,-2,4.62,On Time,
7159670875,44722,22-06-2024 09:34,22-06-2024 09:59,25,2.68,Significantly Delayed,Traffic
4922278509,44722,31-05-2023 07:15,31-05-2023 07:19,4,0.58,On Time,Traffic
8151274002,44722,15-06-2024 16:09,15-06-2024 16:13,4,1.58,On Time,Traffic
5373978100,44722,16-01-2024 16:52,16-01-2024 16:56,4,3.66,On Time,Traffic
6210207010,44722,27-06-2023 08:37,27-06-2023 08:36,-1,3.89,On Time,
1837403174,44722,03-05-2023 21:48,03-05-2023 21:51,3,3.73,On Time,Traffic
1148265823,44722,29-10-2024 08:42,29-10-2024 08:47,5,4.48,On Time,Traffic
8472487149,44722,12-02-2024 05:49,12-02-2024 06:10,21,3.43,Significantly Delayed,Traffic
9111535172,44722,08-05-2024 17:57,08-05-2024 17:57,0,4.93,On Time,
6558001978,44722,19-02-2024 15:17,19-02-2024 15:18,1,3.47,On Time,Traffic
2762095386,44722,11-08-2024 16:46,11-08-2024 16:49,3,4.68,On Time,Traffic
2406325099,44722,13-11-2023 22:55,13-11-2023 23:21,26,1.81,Significantly Delayed,Traffic
4274182127,44722,26-09-2024 17:03,26-09-2024 17:07,4,3.32,On Time,Traffic
7271609994,44722,25-04-2023 21:08,25-04-2023 21:03,-5,0.95,On Time,
9182539734,44722,06-07-2023 15:52,06-07-2023 15:54,2,1.95,On Time,Traffic
7891517071,44722,31-01-2024 17:30,31-01-2024 17:55,25,2.08,Significantly Delayed,Traffic
3666182849,44722,03-11-2024 11:51,03-11-2024 11:55,4,2.03,On Time,Traffic
8724590445,44722,02-06-2023 16:10,02-06-2023 16:14,4,1.18,On Time,Traffic
7919863938,44722,29-08-2024 23:53,29-08-2024 23:51,-2,3.38,On Time,
3545539999,44722,08-01-2024 16:10,08-01-2024 16:25,15,1.83,Slightly Delayed,Traffic
7463392603,44722,11-02-2024 09:39,11-02-2024 10:02,23,2.37,Significantly Delayed,Traffic
7296733293,44722,09-02-2024 04:02,09-02-2024 04:19,17,4.5,Significantly Delayed,Traffic
7118924734,44722,10-10-2023 05:41,10-10-2023 05:42,1,3.94,On Time,Traffic
2529809156,44722,21-05-2024 14:56,21-05-2024 15:18,22,1.81,Significantly Delayed,Traffic
2216699744,44722,14-06-2024 02:52,14-06-2024 02:56,4,0.54,On Time,Traffic
8257221712,44722,07-10-2023 04:23,07-10-2023 04:52,29,2.3,Significantly Delayed,Traffic
1357352531,44722,07-06-2023 13:59,07-06-2023 13:58,-1,2.03,On Time,
2108138590,44722,08-11-2023 13:09,08-11-2023 13:39,30,2.89,Significantly Delayed,Traffic
5648212121,44722,28-12-2023 00:19,28-12-2023 00:17,-2,3.15,On Time,
3951878528,44722,23-12-2023 01:12,23-12-2023 01:33,21,1.68,Significantly Delayed,Traffic
8310385249,44722,29-07-2023 19:20,29-07-2023 19:21,1,1.68,On Time,Traffic
7513562596,44722,05-07-2024 09:23,05-07-2024 09:22,-1,1.73,On Time,
6304586678,44722,25-09-2023 15:25,25-09-2023 15:24,-1,4.28,On Time,
5222812863,44722,11-04-2024 02:34,11-04-2024 02:33,-1,4.12,On Time,
5393039591,44722,04-10-2024 08:00,04-10-2024 08:00,0,3.92,On Time,
6708586922,44722,23-05-2024 17:11,23-05-2024 17:33,22,1.99,Significantly Delayed,Traffic
3177552965,44722,17-05-2024 13:38,17-05-2024 13:39,1,3.46,On Time,Traffic
607125614,44722,06-05-2024 11:18,06-05-2024 11:31,13,1.86,Slightly Delayed,Traffic
139417019,44722,09-07-2023 20:18,09-07-2023 20:23,5,2.1,On Time,Traffic
1893231742,44722,19-10-2024 04:34,19-10-2024 04:39,5,3.67,On Time,Traffic
3580010065,44722,09-05-2023 03:07,09-05-2023 03:12,5,2.51,On Time,Traffic
962319394,44722,22-08-2023 00:20,22-08-2023 00:34,14,3.77,Slightly Delayed,Traffic
8321726382,44722,15-04-2023 13:42,15-04-2023 13:37,-5,3.57,On Time,
1485682761,44722,03-10-2023 19:26,03-10-2023 19:29,3,4.92,On Time,Traffic
5008756947,44722,26-08-2023 16:25,26-08-2023 16:23,-2,0.73,On Time,
1334996274,44722,10-07-2023 16:19,10-07-2023 16:18,-1,2.16,On Time,
2914506024,44722,27-02-2024 16:23,27-02-2024 16:20,-3,4.82,On Time,
8811831663,44722,11-04-2023 01:33,11-04-2023 01:36,3,2.57,On Time,Traffic
875427533,44722,27-03-2024 12:09,27-03-2024 12:24,15,4.89,Slightly Delayed,Traffic
5865390748,44722,01-10-2024 03:41,01-10-2024 03:45,4,1.86,On Time,Traffic
4054828941,44722,15-12-2023 22:09,15-12-2023 22:28,19,1.48,Significantly Delayed,Traffic
1257568604,44722,28-09-2023 17:35,28-09-2023 17:36,1,2.41,On Time,Traffic
2738862626,44722,21-01-2024 04:41,21-01-2024 04:51,10,1.83,Slightly Delayed,Traffic
7352532839,44722,28-02-2024 19:17,28-02-2024 19:14,-3,2.79,On Time,
520221662,44722,20-07-2023 19:35,20-07-2023 19:34,-1,2.16,On Time,
7818925535,44722,02-11-2023 10:11,02-11-2023 10:14,3,2.24,On Time,Traffic
3476023750,44722,02-06-2023 21:03,02-06-2023 21:01,-2,4.5,On Time,
8945838922,44722,22-05-2023 09:54,22-05-2023 09:52,-2,2.96,On Time,
2233053313,44722,14-10-2023 20:40,14-10-2023 20:43,3,2.81,On Time,Traffic
1844073851,44722,06-02-2024 09:02,06-02-2024 08:58,-4,3.04,On Time,
8348125769,44722,08-12-2023 18:27,08-12-2023 18:37,10,4.4,Slightly Delayed,Traffic
8475818223,44722,16-11-2023 04:21,16-11-2023 04:41,20,1.72,Significantly Delayed,Traffic
4270941188,44722,13-01-2024 09:37,13-01-2024 09:39,2,1.38,On Time,Traffic
2611200126,44722,12-05-2024 03:11,12-05-2024 03:16,5,1.86,On Time,Traffic
8573833987,44722,11-02-2024 13:47,11-02-2024 13:42,-5,1.44,On Time,
2979246068,44722,23-02-2024 02:57,23-02-2024 03:22,25,0.69,Significantly Delayed,Traffic
6779895105,44722,10-09-2024 13:02,10-09-2024 13:05,3,1.69,On Time,Traffic
1731478314,44722,30-07-2024 05:33,30-07-2024 05:41,8,4.16,Slightly Delayed,Traffic
3692405872,44722,31-07-2023 12:27,31-07-2023 12:28,1,4.61,On Time,Traffic
8853713324,44722,07-08-2023 02:11,07-08-2023 02:06,-5,4.76,On Time,
979766779,44722,23-04-2024 22:17,23-04-2024 22:18,1,1.15,On Time,Traffic
5709672475,44722,14-08-2023 02:48,14-08-2023 02:43,-5,1.7,On Time,
3855709201,44722,23-04-2024 22:36,23-04-2024 22:51,15,4.71,Slightly Delayed,Traffic
6861065282,44722,18-08-2023 18:54,18-08-2023 19:08,14,4.02,Slightly Delayed,Traffic
7919724613,44722,21-03-2023 15:44,21-03-2023 15:54,10,0.94,Slightly Delayed,Traffic
7882742057,44722,26-07-2024 15:51,26-07-2024 15:46,-5,2.57,On Time,
1929002406,44722,25-12-2023 21:49,25-12-2023 21:46,-3,1.1,On Time,
2458349464,44722,06-04-2023 12:50,06-04-2023 12:50,0,2.94,On Time,
6608328221,44722,04-07-2023 15:47,04-07-2023 15:50,3,1.44,On Time,Traffic
7736615348,44722,06-12-2023 21:15,06-12-2023 21:13,-2,3.03,On Time,
2591738507,44722,31-10-2024 07:50,31-10-2024 07:48,-2,2.65,On Time,
6751537971,44722,19-07-2024 06:23,19-07-2024 06:24,1,3.35,On Time,Traffic
9768154003,44722,23-01-2024 04:10,23-01-2024 04:38,28,1.43,Significantly Delayed,Traffic
5887288860,44722,01-03-2024 21:35,01-03-2024 21:32,-3,4.07,On Time,
3559865135,44722,07-01-2024 15:21,07-01-2024 15:31,10,0.8,Slightly Delayed,Traffic
209044447,44722,05-10-2024 00:22,05-10-2024 00:24,2,1.28,On Time,Traffic
9643668734,44722,18-05-2024 13:17,18-05-2024 13:38,21,4.91,Significantly Delayed,Traffic
6115465612,44722,28-09-2023 12:57,28-09-2023 12:55,-2,0.93,On Time,
8493723088,44722,30-12-2023 06:36,30-12-2023 06:35,-1,4.04,On Time,
6392024503,44722,05-09-2023 03:05,05-09-2023 03:05,0,3.61,On Time,
9863468109,44722,28-01-2024 04:29,28-01-2024 04:33,4,1.29,On Time,Traffic
5448628635,44722,07-05-2023 13:31,07-05-2023 13:35,4,2.27,On Time,Traffic
3329455953,44722,01-03-2024 05:59,01-03-2024 06:02,3,3.85,On Time,Traffic
3584190892,44722,17-10-2023 04:41,17-10-2023 04:46,5,4.28,On Time,Traffic
9097056321,44722,08-04-2024 08:07,08-04-2024 08:05,-2,3.53,On Time,
525741957,44722,03-05-2023 06:28,03-05-2023 06:28,0,3.07,On Time,
5387395051,44722,18-09-2024 08:05,18-09-2024 08:18,13,3.76,Slightly Delayed,Traffic
6799246060,44722,06-11-2023 06:25,06-11-2023 06:21,-4,2.09,On Time,
8986314607,44722,30-08-2024 07:05,30-08-2024 07:07,2,2.89,On Time,Traffic
1085912198,44722,21-03-2023 23:05,21-03-2023 23:00,-5,3.36,On Time,
3423328091,44722,24-09-2023 21:54,24-09-2023 21:52,-2,3.65,On Time,
9848366909,44722,06-11-2023 02:58,06-11-2023 03:07,9,1.33,Slightly Delayed,Traffic
936021770,44722,02-02-2024 05:12,02-02-2024 05:15,3,0.98,On Time,Traffic
8916215165,44722,08-08-2023 02:45,08-08-2023 02:44,-1,0.56,On Time,
389558867,44722,12-09-2023 00:23,12-09-2023 00:24,1,2.8,On Time,Traffic
7616883530,44722,05-09-2023 02:03,05-09-2023 02:03,0,1.61,On Time,
3851744248,44722,30-04-2023 08:37,30-04-2023 08:42,5,1.07,On Time,Traffic
4953665655,44722,16-01-2024 22:36,16-01-2024 23:01,25,1.54,Significantly Delayed,Traffic
962864152,44722,19-07-2024 06:55,19-07-2024 06:50,-5,3.81,On Time,
923668833,44722,12-05-2023 22:26,12-05-2023 22:25,-1,3.21,On Time,
4022122330,44722,04-12-2023 19:42,04-12-2023 19:57,15,3.26,Slightly Delayed,Traffic
4564846800,44722,10-08-2023 01:12,10-08-2023 01:26,14,3.51,Slightly Delayed,Traffic
690652905,44722,24-04-2024 17:24,24-04-2024 17:25,1,1.86,On Time,Traffic
716741661,44722,15-10-2024 06:44,15-10-2024 06:46,2,1.69,On Time,Traffic
6575532281,44722,25-03-2024 01:15,25-03-2024 01:39,24,2.84,Significantly Delayed,Traffic
7486807731,44722,13-12-2023 13:40,13-12-2023 13:58,18,3.87,Significantly Delayed,Traffic
9721870982,44722,12-11-2023 10:24,12-11-2023 10:20,-4,3.31,On Time,
8105823343,44722,15-10-2023 09:10,15-10-2023 09:28,18,4.74,Significantly Delayed,Traffic
7113554979,44722,27-11-2023 04:21,27-11-2023 04:22,1,2.81,On Time,Traffic
507373134,44722,23-10-2024 15:07,23-10-2024 15:21,14,1.25,Slightly Delayed,Traffic
4674132573,44722,21-10-2024 20:27,21-10-2024 20:51,24,4.18,Significantly Delayed,Traffic
487395969,44722,13-12-2023 17:45,13-12-2023 17:43,-2,1.18,On Time,
3962007460,44722,31-07-2024 07:47,31-07-2024 08:06,19,4.39,Significantly Delayed,Traffic
2272882287,44722,12-07-2024 23:21,12-07-2024 23:30,9,2.72,Slightly Delayed,Traffic
4426246696,44722,22-11-2023 22:51,22-11-2023 22:56,5,3.28,On Time,Traffic
1714709914,44722,10-09-2024 12:54,10-09-2024 12:54,0,3.16,On Time,
3159133564,44722,05-08-2023 08:56,05-08-2023 09:01,5,2.57,On Time,Traffic
4531739740,44722,24-06-2024 04:28,24-06-2024 04:27,-1,0.75,On Time,
3158981349,44722,25-10-2023 09:02,25-10-2023 08:58,-4,0.81,On Time,
1789010378,44722,28-07-2023 05:27,28-07-2023 05:23,-4,4.45,On Time,
705203916,44722,04-08-2024 21:07,04-08-2024 21:17,10,3.18,Slightly Delayed,Traffic
7255510932,44722,06-08-2024 11:40,06-08-2024 11:43,3,1.88,On Time,Traffic
1991167685,44722,02-03-2024 13:42,02-03-2024 13:42,0,3,On Time,
5103721089,44722,21-08-2023 00:44,21-08-2023 00:51,7,3.14,Slightly Delayed,Traffic
9674006557,44722,02-05-2023 13:24,02-05-2023 13:20,-4,0.79,On Time,
1073466441,44722,30-05-2023 09:23,30-05-2023 09:34,11,4,Slightly Delayed,Traffic
5407006470,44722,24-05-2024 15:08,24-05-2024 15:12,4,2.14,On Time,Traffic
747347782,44722,25-04-2023 06:56,25-04-2023 06:58,2,1.68,On Time,Traffic
8554063149,44722,09-06-2024 04:37,09-06-2024 04:53,16,1.63,Significantly Delayed,Traffic
4855215470,44722,31-03-2024 08:03,31-03-2024 08:02,-1,2.99,On Time,
5008998072,44722,05-01-2024 09:30,05-01-2024 09:26,-4,4.78,On Time,
9696466906,44722,01-05-2024 21:46,01-05-2024 21:51,5,2.71,On Time,Traffic
7189534591,44722,18-08-2023 15:27,18-08-2023 15:23,-4,4.46,On Time,
9965941354,44722,13-11-2023 20:13,13-11-2023 20:29,16,4.93,Significantly Delayed,Traffic
1275232752,44722,24-08-2023 07:46,24-08-2023 07:50,4,0.93,On Time,Traffic
343479370,44722,03-05-2024 12:55,03-05-2024 12:59,4,4.96,On Time,Traffic
2485933387,44722,10-07-2024 17:45,10-07-2024 17:46,1,4.21,On Time,Traffic
6735843326,44722,24-10-2024 05:53,24-10-2024 06:00,7,3.25,Slightly Delayed,Traffic
6384313098,44722,07-12-2023 02:43,07-12-2023 02:51,8,3.43,Slightly Delayed,Traffic
1022032613,44722,10-12-2023 08:35,10-12-2023 08:34,-1,3.86,On Time,
8026892264,44722,24-09-2023 14:25,24-09-2023 14:29,4,2.11,On Time,Traffic
7158825499,44722,14-04-2024 21:47,14-04-2024 21:47,0,2.49,On Time,
5327013494,44722,18-04-2024 08:29,18-04-2024 08:37,8,2.61,Slightly Delayed,Traffic
1002526452,44722,31-07-2023 23:29,31-07-2023 23:33,4,0.68,On Time,Traffic
4650525854,44722,17-01-2024 11:12,17-01-2024 11:39,27,3.32,Significantly Delayed,Traffic
6260291784,44722,08-07-2024 19:40,08-07-2024 19:44,4,4.54,On Time,Traffic
1884314278,44722,15-09-2023 23:57,16-09-2023 00:01,4,1.27,On Time,Traffic
7074219396,44722,04-05-2024 13:28,04-05-2024 13:39,11,3.56,Slightly Delayed,Traffic
807183459,44722,05-09-2023 12:12,05-09-2023 12:18,6,1.27,Slightly Delayed,Traffic
598539940,44722,28-07-2023 17:45,28-07-2023 17:41,-4,3.24,On Time,
427702490,44722,20-01-2024 21:44,20-01-2024 21:43,-1,1.08,On Time,
955844536,44722,29-03-2023 12:19,29-03-2023 12:22,3,2.61,On Time,Traffic
5397640599,44722,24-05-2024 20:13,24-05-2024 20:16,3,1.21,On Time,Traffic
3451246886,44722,22-05-2024 09:42,22-05-2024 09:38,-4,0.75,On Time,
8487733248,44722,26-04-2023 12:50,26-04-2023 13:19,29,1.34,Significantly Delayed,Traffic
2921621434,44722,17-08-2023 21:10,17-08-2023 21:15,5,1.47,On Time,Traffic
4757133884,44722,03-08-2024 14:11,03-08-2024 14:15,4,2.19,On Time,Traffic
1793847102,44722,09-09-2024 02:12,09-09-2024 02:10,-2,2.63,On Time,
6197760573,44722,27-03-2023 08:06,27-03-2023 08:04,-2,3.59,On Time,
6818660907,44722,10-07-2024 08:15,10-07-2024 08:11,-4,0.98,On Time,
7807587130,44722,11-12-2023 13:34,11-12-2023 13:32,-2,2.3,On Time,
4540563647,44722,14-05-2023 22:19,14-05-2023 22:22,3,0.88,On Time,Traffic
2480913332,44722,16-10-2023 13:30,16-10-2023 14:00,30,4.13,Significantly Delayed,Traffic
5735481292,44722,18-06-2024 00:00,18-06-2024 00:17,17,2.09,Significantly Delayed,Traffic
7112326373,44722,13-05-2023 11:34,13-05-2023 11:30,-4,3.01,On Time,
614274161,44722,27-09-2023 09:22,27-09-2023 09:25,3,2.57,On Time,Traffic
5512258335,44722,23-03-2024 00:30,23-03-2024 00:30,0,3.82,On Time,
1214757247,44722,06-09-2023 18:01,06-09-2023 17:58,-3,4.08,On Time,
4211686231,44722,09-06-2023 05:10,09-06-2023 05:08,-2,1.43,On Time,
5288088590,44722,22-12-2023 08:16,22-12-2023 08:17,1,2.73,On Time,Traffic
1193525681,44722,17-09-2024 00:28,17-09-2024 00:29,1,1.02,On Time,Traffic
5132095929,44722,29-06-2024 21:21,29-06-2024 21:30,9,4.42,Slightly Delayed,Traffic
7703144556,44722,21-12-2023 06:07,21-12-2023 06:28,21,3.12,Significantly Delayed,Traffic
6786199145,44722,04-09-2024 08:17,04-09-2024 08:13,-4,1.32,On Time,
2463627380,44722,03-08-2024 01:15,03-08-2024 01:15,0,2.08,On Time,
6331115638,44722,15-07-2023 22:18,15-07-2023 22:13,-5,2.75,On Time,
9212312136,44722,06-12-2023 02:44,06-12-2023 02:56,12,2.94,Slightly Delayed,Traffic
6788500162,44722,10-07-2024 01:42,10-07-2024 01:55,13,3.47,Slightly Delayed,Traffic
2166421384,44722,18-05-2024 15:55,18-05-2024 16:03,8,4.4,Slightly Delayed,Traffic
2744509800,44722,31-08-2023 10:21,31-08-2023 10:22,1,0.78,On Time,Traffic
8806260669,44722,17-10-2023 13:19,17-10-2023 13:46,27,1.2,Significantly Delayed,Traffic
7773287963,44722,22-03-2023 02:29,22-03-2023 02:34,5,2.86,On Time,Traffic
8153845667,44722,09-08-2024 08:58,09-08-2024 08:55,-3,1.03,On Time,
8345887091,44722,13-10-2024 15:40,13-10-2024 15:44,4,2.54,On Time,Traffic
6638429050,44722,18-09-2024 07:48,18-09-2024 07:52,4,2.71,On Time,Traffic
4132900691,44722,11-09-2024 01:04,11-09-2024 01:11,7,1.32,Slightly Delayed,Traffic
2119346062,44722,03-07-2023 12:58,03-07-2023 12:54,-4,4.14,On Time,
689310626,44722,01-10-2024 13:23,01-10-2024 13:37,14,2.08,Slightly Delayed,Traffic
9246993674,44722,10-11-2023 03:53,10-11-2023 04:06,13,2.21,Slightly Delayed,Traffic
2282234185,44722,14-07-2024 05:55,14-07-2024 05:52,-3,3.74,On Time,
9697170386,44722,07-10-2024 10:42,07-10-2024 10:37,-5,1.72,On Time,
6376147802,44722,16-07-2024 21:37,16-07-2024 21:51,14,4.03,Slightly Delayed,Traffic
7415158732,44722,05-01-2024 20:15,05-01-2024 20:32,17,1.24,Significantly Delayed,Traffic
343300311,44722,04-08-2024 01:37,04-08-2024 01:43,6,1.36,Slightly Delayed,Traffic
3922539531,44722,24-09-2024 15:54,24-09-2024 15:54,0,4.28,On Time,
7634516705,44722,15-10-2023 14:56,15-10-2023 15:01,5,2.98,On Time,Traffic
8731122718,44722,23-04-2023 05:56,23-04-2023 06:09,13,2.48,Slightly Delayed,Traffic
9471236505,44722,05-10-2024 11:12,05-10-2024 11:35,23,2.33,Significantly Delayed,Traffic
9497014025,44722,03-11-2024 05:01,03-11-2024 05:14,13,3.85,Slightly Delayed,Traffic
592358946,44722,22-08-2024 02:14,22-08-2024 02:17,3,1.19,On Time,Traffic
9680783354,44722,09-04-2023 02:11,09-04-2023 02:11,0,4.59,On Time,
6109792602,44722,13-09-2023 02:16,13-09-2023 02:19,3,4.67,On Time,Traffic
2734817654,44722,12-04-2023 09:51,12-04-2023 09:48,-3,4.64,On Time,
6380542008,77591,08-06-2023 17:49,08-06-2023 17:48,-1,0.77,On Time,
4784760589,86412,21-03-2024 04:17,21-03-2024 04:14,-3,1.71,On Time,
1577703194,52523,28-04-2024 02:48,28-04-2024 02:46,-2,1.23,On Time,
6758737749,51417,26-10-2023 02:05,26-10-2023 02:08,3,1.95,On Time,Traffic
4081640450,87928,16-03-2024 17:16,16-03-2024 17:20,4,1.33,On Time,Traffic
9258266990,96885,31-03-2024 08:05,31-03-2024 08:05,0,1.45,On Time,
2109410707,13085,07-08-2024 20:27,07-08-2024 20:27,0,2.08,On Time,
576022547,66178,07-04-2024 06:09,07-04-2024 06:05,-4,1.09,On Time,
2106943908,33162,28-01-2024 17:03,28-01-2024 17:00,-3,0.78,On Time,
6541281594,45396,18-11-2023 10:43,18-11-2023 10:53,10,1.75,Slightly Delayed,Traffic
2664220988,78144,05-05-2023 20:38,05-05-2023 20:39,1,3.01,On Time,Traffic
493514666,5754,20-11-2023 23:17,20-11-2023 23:23,6,2.94,Slightly Delayed,Traffic
9658669384,38162,06-09-2023 21:41,06-09-2023 21:37,-4,2.18,On Time,
8765283513,3995,23-02-2024 20:18,23-02-2024 20:42,24,1.96,Significantly Delayed,Traffic
6421427812,72973,05-10-2023 01:33,05-10-2023 01:36,3,2.27,On Time,Traffic
4467093205,61809,24-10-2023 12:49,24-10-2023 12:50,1,3.55,On Time,Traffic
7560862152,91464,15-04-2023 09:05,15-04-2023 09:07,2,4.12,On Time,Traffic
8218080678,47082,04-05-2024 19:10,04-05-2024 19:40,30,3.39,Significantly Delayed,Traffic
8196173573,50964,17-07-2024 18:36,17-07-2024 18:53,17,4.9,Significantly Delayed,Traffic
1174856327,32165,16-06-2024 21:39,16-06-2024 21:49,10,2.72,Slightly Delayed,Traffic
9754365788,65577,02-12-2023 21:45,02-12-2023 21:49,4,2.02,On Time,Traffic
8398774908,61857,26-02-2024 19:54,26-02-2024 19:58,4,2.08,On Time,Traffic
626433439,35365,17-02-2024 23:47,17-02-2024 23:45,-2,2.41,On Time,
3097299525,3839,12-10-2023 15:41,12-10-2023 15:42,1,2.93,On Time,Traffic
5367488413,40803,12-12-2023 05:08,12-12-2023 05:09,1,2.75,On Time,Traffic
3700795655,72145,10-06-2023 18:47,10-06-2023 18:46,-1,4.27,On Time,
3161904185,8553,13-01-2024 14:36,13-01-2024 14:37,1,3.18,On Time,Traffic
8149944548,18686,24-07-2024 23:24,24-07-2024 23:29,5,0.86,On Time,Traffic
4961830447,18510,06-09-2024 01:50,06-09-2024 01:55,5,4.91,On Time,Traffic
613578154,76149,03-08-2024 05:02,03-08-2024 05:15,13,1.45,Slightly Delayed,Traffic
2582466700,73868,10-09-2024 16:25,10-09-2024 16:32,7,1.43,Slightly Delayed,Traffic
3840910839,90827,10-09-2023 20:11,10-09-2023 20:24,13,0.84,Slightly Delayed,Traffic
399559401,90827,01-11-2023 19:35,01-11-2023 20:02,27,1.28,Significantly Delayed,Traffic
4037817241,90827,19-12-2023 14:00,19-12-2023 14:09,9,0.67,Slightly Delayed,Traffic
582598096,90827,27-10-2023 23:25,27-10-2023 23:26,1,1.81,On Time,Traffic
9218060399,90827,25-10-2024 08:46,25-10-2024 08:45,-1,2.45,On Time,
6650174202,90827,10-07-2023 03:41,10-07-2023 03:38,-3,3.13,On Time,
2715902884,90827,27-08-2024 03:46,27-08-2024 03:41,-5,4.67,On Time,
7957986242,90827,10-12-2023 10:58,10-12-2023 10:59,1,1.85,On Time,Traffic
7148568995,90827,06-04-2023 07:55,06-04-2023 08:15,20,2.26,Significantly Delayed,Traffic
670358911,90827,21-12-2023 10:20,21-12-2023 10:16,-4,4.97,On Time,
6098277214,90827,22-03-2023 13:53,22-03-2023 13:51,-2,2.7,On Time,
4621664126,90827,17-07-2024 12:25,17-07-2024 12:37,12,1.77,Slightly Delayed,Traffic
6336460663,90827,28-08-2023 07:00,28-08-2023 07:10,10,1.81,Slightly Delayed,Traffic
909027635,90827,24-06-2023 20:53,24-06-2023 21:12,19,1,Significantly Delayed,Traffic
2854202683,90827,18-10-2023 18:19,18-10-2023 18:27,8,1.33,Slightly Delayed,Traffic
7936387697,90827,29-03-2023 00:44,29-03-2023 00:46,2,4.8,On Time,Traffic
8337736091,90827,04-04-2024 00:52,04-04-2024 00:56,4,1.67,On Time,Traffic
4404350734,90827,16-01-2024 17:03,16-01-2024 17:27,24,2.04,Significantly Delayed,Traffic
6565246127,90827,18-05-2024 16:17,18-05-2024 16:14,-3,3.42,On Time,
3494650073,90827,03-03-2024 22:21,03-03-2024 22:20,-1,3.6,On Time,
1920923798,90827,01-05-2024 07:58,01-05-2024 07:53,-5,1.59,On Time,
5069524975,90827,24-07-2024 01:31,24-07-2024 01:36,5,3.11,On Time,Traffic
3873368520,90827,04-10-2023 08:34,04-10-2023 08:32,-2,3.89,On Time,
3111414152,90827,01-08-2024 07:29,01-08-2024 07:27,-2,1.11,On Time,
7104489974,90827,28-06-2023 22:12,28-06-2023 22:10,-2,2.74,On Time,
3211566084,90827,24-02-2024 14:21,24-02-2024 14:18,-3,4.68,On Time,
2416717644,90827,12-09-2023 18:41,12-09-2023 18:47,6,0.62,Slightly Delayed,Traffic
4535670244,90827,17-05-2024 08:20,17-05-2024 08:15,-5,3.4,On Time,
7309958460,90827,20-01-2024 03:08,20-01-2024 03:22,14,2.26,Slightly Delayed,Traffic
9996182478,90827,18-04-2023 13:30,18-04-2023 13:30,0,2.97,On Time,
2231942521,90827,24-12-2023 02:43,24-12-2023 03:09,26,3.8,Significantly Delayed,Traffic
554028972,90827,26-09-2023 08:00,26-09-2023 08:04,4,1.92,On Time,Traffic
8756001290,90827,06-05-2023 17:54,06-05-2023 17:49,-5,2.89,On Time,
8047899303,90827,28-09-2023 02:00,28-09-2023 02:00,0,0.93,On Time,
9720683332,90827,23-06-2024 20:36,23-06-2024 20:33,-3,3.3,On Time,
218670241,90827,07-06-2023 03:38,07-06-2023 03:54,16,2.41,Significantly Delayed,Traffic
1382880255,90827,11-08-2024 13:43,11-08-2024 13:48,5,1.55,On Time,Traffic
332975964,90827,21-09-2023 01:52,21-09-2023 02:11,19,1.97,Significantly Delayed,Traffic
2638683222,90827,30-10-2024 05:38,30-10-2024 05:43,5,2.25,On Time,Traffic
9150146711,90827,29-04-2024 18:35,29-04-2024 18:40,5,3.51,On Time,Traffic
1553626879,90827,26-10-2024 14:49,26-10-2024 14:54,5,3.17,On Time,Traffic
9271384187,90827,28-11-2023 03:42,28-11-2023 03:47,5,0.94,On Time,Traffic
1409544327,90827,13-07-2024 16:34,13-07-2024 16:39,5,1.17,On Time,Traffic
637100019,90827,23-10-2023 18:34,23-10-2023 18:36,2,3.09,On Time,Traffic
186083059,90827,01-07-2024 20:32,01-07-2024 20:36,4,0.69,On Time,Traffic
1804073530,90827,19-06-2024 17:43,19-06-2024 17:41,-2,1.8,On Time,
5291430311,90827,19-10-2023 19:14,19-10-2023 19:41,27,4.04,Significantly Delayed,Traffic
6947225582,90827,03-04-2024 08:58,03-04-2024 08:55,-3,3.75,On Time,
5710643134,90827,16-04-2023 17:16,16-04-2023 17:44,28,1.71,Significantly Delayed,Traffic
8329733630,90827,04-03-2024 04:04,04-03-2024 04:11,7,1.17,Slightly Delayed,Traffic
6772651293,90827,15-12-2023 18:50,15-12-2023 18:51,1,0.79,On Time,Traffic
581212790,90827,29-06-2024 09:03,29-06-2024 09:11,8,1.5,Slightly Delayed,Traffic
4766571706,90827,05-05-2023 18:00,05-05-2023 18:11,11,4.87,Slightly Delayed,Traffic
9961298199,90827,27-11-2023 06:33,27-11-2023 06:29,-4,3.91,On Time,
8102675591,90827,03-02-2024 23:00,03-02-2024 23:13,13,2.96,Slightly Delayed,Traffic
604050223,90827,18-04-2024 08:23,18-04-2024 08:22,-1,3.69,On Time,
782327552,90827,07-07-2023 20:10,07-07-2023 20:12,2,4.95,On Time,Traffic
6156638188,90827,17-03-2023 05:15,17-03-2023 05:22,7,1.47,Slightly Delayed,Traffic
6475299855,90827,13-10-2023 22:19,13-10-2023 22:24,5,3.43,On Time,Traffic
689110145,90827,03-05-2023 06:56,03-05-2023 07:17,21,1.81,Significantly Delayed,Traffic
2785467351,90827,12-05-2024 13:36,12-05-2024 13:51,15,1.46,Slightly Delayed,Traffic
7188270379,90827,15-04-2024 06:30,15-04-2024 06:36,6,1.56,Slightly Delayed,Traffic
9209192342,90827,05-03-2024 07:06,05-03-2024 07:16,10,3.05,Slightly Delayed,Traffic
3193016310,90827,02-12-2023 05:29,02-12-2023 05:50,21,1.65,Significantly Delayed,Traffic
9743228131,90827,09-07-2024 08:58,09-07-2024 08:59,1,1.98,On Time,Traffic
4417542973,90827,23-08-2024 12:11,23-08-2024 12:11,0,2.35,On Time,
3065857200,90827,26-06-2024 02:54,26-06-2024 02:57,3,3.64,On Time,Traffic
6994732191,90827,24-07-2023 11:37,24-07-2023 11:47,10,3.02,Slightly Delayed,Traffic
7663189769,90827,01-08-2023 12:55,01-08-2023 13:18,23,1.4,Significantly Delayed,Traffic
5012619147,90827,03-05-2023 10:21,03-05-2023 10:50,29,1.55,Significantly Delayed,Traffic
7456088789,90827,09-04-2023 00:16,09-04-2023 00:21,5,2.87,On Time,Traffic
3270559373,90827,19-03-2023 13:45,19-03-2023 13:51,6,1.43,Slightly Delayed,Traffic
4703798183,90827,23-12-2023 07:05,23-12-2023 07:15,10,0.96,Slightly Delayed,Traffic
3968840556,90827,09-09-2024 22:22,09-09-2024 22:27,5,4.67,On Time,Traffic
2331647373,90827,11-08-2023 06:41,11-08-2023 06:46,5,1.58,On Time,Traffic
6683347454,90827,25-05-2023 15:38,25-05-2023 15:48,10,4.09,Slightly Delayed,Traffic
5710259220,90827,15-04-2023 15:46,15-04-2023 15:50,4,1.2,On Time,Traffic
9871546057,90827,12-05-2024 03:54,12-05-2024 03:50,-4,4.12,On Time,
5459704311,90827,01-12-2023 10:50,01-12-2023 10:53,3,1.83,On Time,Traffic
3426702134,90827,23-08-2024 09:12,23-08-2024 09:22,10,3.18,Slightly Delayed,Traffic
7671357353,90827,18-02-2024 16:52,18-02-2024 16:49,-3,2.85,On Time,
9656230693,90827,16-04-2023 08:35,16-04-2023 08:47,12,1.51,Slightly Delayed,Traffic
3315369956,90827,21-04-2023 08:02,21-04-2023 08:09,7,4.85,Slightly Delayed,Traffic
1762287720,90827,30-08-2024 07:27,30-08-2024 07:28,1,3.28,On Time,Traffic
4816206081,90827,12-05-2023 14:27,12-05-2023 14:32,5,3.41,On Time,Traffic
2808133351,90827,03-12-2023 11:27,03-12-2023 11:27,0,4.26,On Time,
3444569396,90827,25-09-2024 19:31,25-09-2024 19:27,-4,1.28,On Time,
9704671447,90827,05-12-2023 22:56,05-12-2023 22:57,1,1.25,On Time,Traffic
6454001692,90827,09-09-2023 17:30,09-09-2023 17:42,12,1.8,Slightly Delayed,Traffic
2624508626,90827,28-02-2024 00:27,28-02-2024 00:24,-3,3,On Time,
932273820,90827,06-05-2024 02:16,06-05-2024 02:21,5,4.92,On Time,Traffic
7908614088,90827,14-05-2023 16:02,14-05-2023 16:16,14,2.89,Slightly Delayed,Traffic
9730765358,90827,20-08-2023 21:58,20-08-2023 21:57,-1,0.52,On Time,
4748284156,90827,18-09-2023 20:27,18-09-2023 20:25,-2,2.88,On Time,
1829286278,90827,27-09-2023 17:32,27-09-2023 17:34,2,1.89,On Time,Traffic
3180415318,90827,07-07-2024 05:16,07-07-2024 05:43,27,4.65,Significantly Delayed,Traffic
1008158736,90827,10-06-2024 15:14,10-06-2024 15:23,9,3.48,Slightly Delayed,Traffic
5092816701,90827,03-06-2024 19:22,03-06-2024 19:52,30,3.66,Significantly Delayed,Traffic
4339850858,90827,25-10-2023 22:34,25-10-2023 22:50,16,2.16,Significantly Delayed,Traffic
1564040362,90827,01-08-2023 12:08,01-08-2023 12:05,-3,1.46,On Time,
4856827800,90827,20-08-2024 03:33,20-08-2024 03:30,-3,4.24,On Time,
2465711187,90827,30-03-2023 11:08,30-03-2023 11:03,-5,3.36,On Time,
7741314063,90827,13-09-2024 19:34,13-09-2024 19:36,2,1.53,On Time,Traffic
6973696848,90827,23-04-2023 16:07,23-04-2023 16:16,9,4.18,Slightly Delayed,Traffic
443178123,90827,29-08-2024 01:09,29-08-2024 01:15,6,2.37,Slightly Delayed,Traffic
2155491764,90827,29-08-2024 01:31,29-08-2024 01:26,-5,0.85,On Time,
282887897,90827,19-09-2023 23:36,19-09-2023 23:32,-4,4.01,On Time,
1014190951,90827,25-04-2023 16:19,25-04-2023 16:14,-5,1.47,On Time,
4632027192,90827,09-07-2024 02:59,09-07-2024 02:58,-1,1.36,On Time,
9196809062,90827,19-05-2024 03:16,19-05-2024 03:31,15,3.59,Slightly Delayed,Traffic
3802671506,90827,30-07-2023 08:04,30-07-2023 08:04,0,4.5,On Time,
931138604,90827,24-08-2023 16:28,24-08-2023 16:24,-4,2.66,On Time,
6507222211,90827,15-01-2024 07:14,15-01-2024 07:25,11,2.42,Slightly Delayed,Traffic
9091185978,90827,22-07-2023 09:08,22-07-2023 09:08,0,2.2,On Time,
6314310505,90827,16-02-2024 04:46,16-02-2024 04:47,1,1.39,On Time,Traffic
2711467206,90827,07-04-2023 01:03,07-04-2023 00:58,-5,1.81,On Time,
1359318731,90827,27-08-2024 22:52,27-08-2024 22:47,-5,3.4,On Time,
4521042050,90827,25-04-2024 08:14,25-04-2024 08:17,3,0.6,On Time,Traffic
1317016672,90827,21-09-2024 00:03,21-09-2024 00:07,4,1.51,On Time,Traffic
7624598493,90827,18-04-2024 07:02,18-04-2024 07:09,7,0.6,Slightly Delayed,Traffic
1753431230,90827,24-03-2024 13:56,24-03-2024 13:51,-5,1.3,On Time,
8650539199,90827,04-12-2023 05:25,04-12-2023 05:37,12,3.16,Slightly Delayed,Traffic
3276478503,90827,03-04-2024 14:39,03-04-2024 14:36,-3,2.75,On Time,
5080943123,90827,21-09-2023 14:01,21-09-2023 14:22,21,0.6,Significantly Delayed,Traffic
6158083683,90827,08-03-2024 17:37,08-03-2024 17:42,5,0.51,On Time,Traffic
9228072842,90827,25-07-2023 06:21,25-07-2023 06:26,5,4.76,On Time,Traffic
4028432722,90827,21-05-2024 18:01,21-05-2024 18:06,5,1.91,On Time,Traffic
3679730192,90827,05-07-2023 14:40,05-07-2023 14:35,-5,1.93,On Time,
71793937,90827,21-04-2024 00:02,21-04-2024 00:00,-2,4.33,On Time,
47467466,90827,05-09-2023 17:04,05-09-2023 17:02,-2,3.41,On Time,
4538136436,90827,23-05-2023 03:40,23-05-2023 03:45,5,2.61,On Time,Traffic
8750169461,90827,07-09-2024 06:54,07-09-2024 06:55,1,2.69,On Time,Traffic
9371021811,90827,24-10-2024 11:57,24-10-2024 11:55,-2,4.52,On Time,
679274212,90827,19-10-2024 19:26,19-10-2024 19:21,-5,0.52,On Time,
6601671674,90827,09-07-2023 06:35,09-07-2023 06:48,13,4.33,Slightly Delayed,Traffic
2708441500,90827,12-01-2024 21:21,12-01-2024 21:17,-4,3.47,On Time,
9548480220,90827,08-09-2023 12:30,08-09-2023 12:33,3,4.19,On Time,Traffic
5440864021,90827,15-09-2023 07:52,15-09-2023 07:51,-1,3.98,On Time,
5705224767,90827,02-06-2023 17:52,02-06-2023 17:48,-4,4.49,On Time,
9945458771,90827,27-08-2024 15:16,27-08-2024 15:26,10,4.17,Slightly Delayed,Traffic
336832815,90827,09-12-2023 04:27,09-12-2023 04:38,11,0.86,Slightly Delayed,Traffic
9543126726,90827,01-05-2024 12:22,01-05-2024 12:34,12,2.35,Slightly Delayed,Traffic
5134666123,90827,02-05-2024 13:48,02-05-2024 13:49,1,3.83,On Time,Traffic
5663657880,90827,06-05-2024 11:35,06-05-2024 11:59,24,0.55,Significantly Delayed,Traffic
5352647396,90827,11-10-2023 21:02,11-10-2023 21:00,-2,2.2,On Time,
7995172779,90827,15-06-2023 14:02,15-06-2023 14:15,13,3.36,Slightly Delayed,Traffic
605779703,90827,07-03-2024 23:19,07-03-2024 23:16,-3,4.55,On Time,
685688121,90827,27-10-2023 01:17,27-10-2023 01:34,17,3.89,Significantly Delayed,Traffic
5966726971,90827,06-09-2023 18:16,06-09-2023 18:21,5,0.96,On Time,Traffic
6763510083,90827,07-06-2023 10:41,07-06-2023 10:36,-5,2.49,On Time,
6735813139,90827,04-04-2023 01:25,04-04-2023 01:21,-4,3.18,On Time,
8361205778,90827,20-06-2023 08:52,20-06-2023 08:50,-2,2.81,On Time,
3640952655,90827,01-06-2023 16:48,01-06-2023 17:02,14,1.05,Slightly Delayed,Traffic
6395279829,90827,26-10-2023 05:09,26-10-2023 05:08,-1,2.65,On Time,
339410846,90827,06-05-2023 15:50,06-05-2023 15:45,-5,3.55,On Time,
8924056486,90827,08-04-2024 00:59,08-04-2024 01:24,25,1.23,Significantly Delayed,Traffic
6616322616,90827,03-12-2023 11:05,03-12-2023 11:09,4,3.33,On Time,Traffic
4178578583,90827,29-09-2024 05:39,29-09-2024 05:39,0,1.37,On Time,
7558107764,90827,13-03-2024 22:16,13-03-2024 22:14,-2,3.73,On Time,
7894708851,90827,12-04-2024 01:49,12-04-2024 01:47,-2,1.18,On Time,
1916638346,90827,28-06-2023 17:40,28-06-2023 17:52,12,1.96,Slightly Delayed,Traffic
4973943462,90827,29-10-2024 18:36,29-10-2024 18:56,20,1.7,Significantly Delayed,Traffic
6567129123,90827,09-09-2023 12:54,09-09-2023 12:59,5,4.66,On Time,Traffic
8702642032,90827,22-08-2023 20:31,22-08-2023 20:34,3,4.57,On Time,Traffic
7857954356,90827,20-01-2024 19:08,20-01-2024 19:04,-4,1.51,On Time,
5376218500,90827,16-11-2023 16:00,16-11-2023 16:09,9,3.84,Slightly Delayed,Traffic
3452449295,90827,09-10-2023 06:54,09-10-2023 06:55,1,3.74,On Time,Traffic
1694826296,90827,09-05-2023 19:49,09-05-2023 19:47,-2,1.67,On Time,
9449954611,90827,12-08-2023 07:34,12-08-2023 07:41,7,3.51,Slightly Delayed,Traffic
7722059222,90827,16-11-2023 23:21,16-11-2023 23:36,15,3.4,Slightly Delayed,Traffic
2871448124,90827,28-05-2024 06:00,28-05-2024 06:04,4,1.16,On Time,Traffic
4158839033,90827,22-09-2024 12:29,22-09-2024 12:30,1,2.28,On Time,Traffic
9936118648,90827,04-03-2024 18:58,04-03-2024 19:07,9,1.69,Slightly Delayed,Traffic
6804747901,90827,31-01-2024 03:01,31-01-2024 03:04,3,1.43,On Time,Traffic
7579444448,90827,06-06-2024 16:20,06-06-2024 16:22,2,1.09,On Time,Traffic
4379043082,90827,12-05-2023 04:45,12-05-2023 04:45,0,4.05,On Time,
4212894712,90827,09-06-2024 15:04,09-06-2024 15:06,2,2.25,On Time,Traffic
7962511808,90827,11-02-2024 10:32,11-02-2024 10:35,3,2.74,On Time,Traffic
6478815087,90827,18-07-2024 08:13,18-07-2024 08:10,-3,4.68,On Time,
6239166986,90827,23-05-2024 06:41,23-05-2024 06:49,8,4.44,Slightly Delayed,Traffic
9894863460,90827,25-03-2023 08:51,25-03-2023 08:48,-3,1.31,On Time,
2982638677,90827,13-01-2024 17:36,13-01-2024 17:34,-2,2.75,On Time,
3284797515,90827,10-09-2024 04:07,10-09-2024 04:20,13,1.32,Slightly Delayed,Traffic
8895501673,90827,11-07-2023 17:19,11-07-2023 17:20,1,0.95,On Time,Traffic
914992221,90827,27-07-2023 04:37,27-07-2023 04:41,4,2.53,On Time,Traffic
2067729457,90827,23-09-2023 01:48,23-09-2023 01:47,-1,4.67,On Time,
5389250154,90827,15-09-2024 02:55,15-09-2024 02:51,-4,4.04,On Time,
4352973016,90827,07-10-2024 09:07,07-10-2024 09:36,29,4.36,Significantly Delayed,Traffic
7667555396,90827,03-02-2024 11:54,03-02-2024 12:09,15,4.42,Slightly Delayed,Traffic
168804744,90827,28-10-2023 07:34,28-10-2023 07:34,0,1.5,On Time,
854218304,90827,04-11-2023 06:40,04-11-2023 06:37,-3,0.86,On Time,
2616618240,90827,14-03-2024 00:56,14-03-2024 00:57,1,1.43,On Time,Traffic
8891144024,90827,06-04-2023 20:53,06-04-2023 20:57,4,4.79,On Time,Traffic
4606856320,90827,03-08-2024 07:33,03-08-2024 07:35,2,0.74,On Time,Traffic
1876194333,90827,27-03-2024 08:49,27-03-2024 08:51,2,1.2,On Time,Traffic
1471186096,90827,21-11-2023 02:24,21-11-2023 02:39,15,3.78,Slightly Delayed,Traffic
4763556417,90827,01-04-2023 00:54,01-04-2023 00:52,-2,3.35,On Time,
5961097387,90827,27-08-2023 04:53,27-08-2023 04:53,0,2.67,On Time,
1509646137,90827,12-04-2024 17:21,12-04-2024 17:30,9,1.71,Slightly Delayed,Traffic
7533431274,90827,11-08-2023 15:52,11-08-2023 15:52,0,1.85,On Time,
3598818329,90827,29-07-2023 03:33,29-07-2023 03:34,1,2.85,On Time,Traffic
2561337790,90827,09-10-2024 07:13,09-10-2024 07:09,-4,1,On Time,
2359692348,90827,31-08-2024 00:47,31-08-2024 00:51,4,0.66,On Time,Traffic
3146098826,90827,20-06-2024 23:21,20-06-2024 23:24,3,3.16,On Time,Traffic
8638050442,90827,16-11-2023 23:46,16-11-2023 23:50,4,1.43,On Time,Traffic
1833854180,90827,23-03-2023 07:31,23-03-2023 07:56,25,1.13,Significantly Delayed,Traffic
5687148136,90827,24-06-2023 00:56,24-06-2023 00:57,1,3.98,On Time,Traffic
7133253616,90827,14-08-2024 08:26,14-08-2024 08:37,11,2.39,Slightly Delayed,Traffic
7899569162,90827,15-08-2023 09:06,15-08-2023 09:13,7,1.06,Slightly Delayed,Traffic
6119637917,90827,28-06-2024 20:59,28-06-2024 21:04,5,3.86,On Time,Traffic
4924477011,90827,13-01-2024 19:32,13-01-2024 19:33,1,2.57,On Time,Traffic
577458306,90827,03-10-2023 07:23,03-10-2023 07:18,-5,3.65,On Time,
1605287230,90827,08-08-2023 06:52,08-08-2023 06:52,0,1.98,On Time,
5743074720,90827,08-02-2024 03:26,08-02-2024 03:22,-4,1.24,On Time,
1645477578,90827,20-07-2023 08:10,20-07-2023 08:05,-5,0.71,On Time,
6231311270,90827,07-12-2023 18:51,07-12-2023 19:06,15,2.36,Slightly Delayed,Traffic
4629648516,90827,21-08-2023 22:41,21-08-2023 22:42,1,3.88,On Time,Traffic
2706229594,90827,04-10-2024 08:04,04-10-2024 08:01,-3,2.68,On Time,
6814009039,90827,03-11-2023 13:17,03-11-2023 13:13,-4,2.81,On Time,
5604135912,90827,19-08-2024 16:31,19-08-2024 16:33,2,4.07,On Time,Traffic
766789724,90827,20-08-2024 23:47,20-08-2024 23:49,2,4.78,On Time,Traffic
2727595593,90827,17-11-2023 01:21,17-11-2023 01:18,-3,2.12,On Time,
9887978407,90827,16-07-2023 13:15,16-07-2023 13:17,2,3.41,On Time,Traffic
6825742544,90827,04-02-2024 18:52,04-02-2024 18:54,2,2.29,On Time,Traffic
7081192087,90827,29-07-2023 10:12,29-07-2023 10:20,8,3.33,Slightly Delayed,Traffic
3185620074,90827,14-08-2023 15:47,14-08-2023 16:02,15,0.78,Slightly Delayed,Traffic
7162086351,90827,15-11-2023 01:13,15-11-2023 01:09,-4,4.8,On Time,
5504768409,90827,07-08-2023 22:50,07-08-2023 23:03,13,2.52,Slightly Delayed,Traffic
6721093047,90827,10-03-2024 14:38,10-03-2024 14:38,0,3.41,On Time,
1134990529,90827,24-07-2024 19:18,24-07-2024 19:23,5,1.03,On Time,Traffic
4632975114,90827,15-05-2023 17:27,15-05-2023 17:32,5,2.98,On Time,Traffic
1471897083,90827,06-12-2023 22:08,06-12-2023 22:04,-4,1.87,On Time,
6081974624,90827,19-03-2024 20:41,19-03-2024 20:39,-2,3.24,On Time,
806680874,90827,15-11-2023 17:16,15-11-2023 17:17,1,4.24,On Time,Traffic
8213018419,90827,10-04-2023 20:49,10-04-2023 21:10,21,3.04,Significantly Delayed,Traffic
4610876894,90827,14-08-2023 21:58,14-08-2023 21:58,0,3.28,On Time,
9116180240,90827,23-05-2023 18:34,23-05-2023 18:36,2,0.76,On Time,Traffic
8916648395,90827,15-07-2023 16:56,15-07-2023 16:55,-1,0.83,On Time,
3626990751,90827,10-05-2023 19:28,10-05-2023 19:43,15,4.28,Slightly Delayed,Traffic
2544173358,90827,03-11-2024 16:51,03-11-2024 16:51,0,2.73,On Time,
3654075570,90827,25-06-2023 00:42,25-06-2023 00:40,-2,0.87,On Time,
9846277624,90827,17-09-2024 13:21,17-09-2024 13:21,0,1.77,On Time,
8600159148,90827,15-08-2023 05:47,15-08-2023 06:00,13,4.14,Slightly Delayed,Traffic
9184012674,90827,20-07-2024 23:32,20-07-2024 23:31,-1,4.54,On Time,
5842678913,90827,02-06-2024 11:16,02-06-2024 11:15,-1,0.96,On Time,
6284066457,90827,19-03-2023 04:42,19-03-2023 04:43,1,3.83,On Time,Traffic
957188879,90827,12-01-2024 22:01,12-01-2024 21:58,-3,3.09,On Time,
2027766693,90827,17-07-2023 21:38,17-07-2023 21:35,-3,3.14,On Time,
5201172375,90827,07-01-2024 13:46,07-01-2024 14:16,30,4.14,Significantly Delayed,Traffic
5211206337,90827,04-03-2024 19:35,04-03-2024 19:38,3,0.57,On Time,Traffic
519985157,90827,07-06-2023 03:34,07-06-2023 03:31,-3,1.66,On Time,
2599819074,90827,08-05-2023 06:02,08-05-2023 05:59,-3,1.73,On Time,
6564176767,90827,11-04-2024 11:18,11-04-2024 11:42,24,2.44,Significantly Delayed,Traffic
5969684091,90827,02-12-2023 15:56,02-12-2023 15:53,-3,2.85,On Time,
8152246475,90827,07-04-2023 22:47,07-04-2023 22:45,-2,3.93,On Time,
1954493018,90827,25-08-2024 16:25,25-08-2024 16:27,2,3.59,On Time,Traffic
3695589383,90827,13-01-2024 01:33,13-01-2024 01:28,-5,3.03,On Time,
6340807810,90827,12-07-2024 00:51,12-07-2024 00:47,-4,3.6,On Time,
8029845822,90827,06-07-2023 00:13,06-07-2023 00:18,5,1.39,On Time,Traffic
8208755570,90827,12-12-2023 21:38,12-12-2023 21:35,-3,1.96,On Time,
9622488249,90827,26-06-2024 09:38,26-06-2024 09:42,4,2.03,On Time,Traffic
5410788959,90827,12-06-2024 10:40,12-06-2024 10:45,5,4.98,On Time,Traffic
7087374685,90827,21-09-2024 17:54,21-09-2024 17:59,5,1.4,On Time,Traffic
1469556300,90827,26-09-2023 23:55,26-09-2023 23:52,-3,3.95,On Time,
864290652,90827,30-10-2023 02:19,30-10-2023 02:15,-4,3.72,On Time,
3052167498,90827,24-07-2023 17:25,24-07-2023 17:23,-2,2.7,On Time,
8370088792,90827,16-05-2023 19:40,16-05-2023 19:39,-1,3.75,On Time,
8955500595,90827,07-05-2023 18:23,07-05-2023 18:33,10,1.61,Slightly Delayed,Traffic
6946637946,90827,18-02-2024 04:17,18-02-2024 04:29,12,3.18,Slightly Delayed,Traffic
5461546808,90827,21-12-2023 13:56,21-12-2023 14:20,24,3.96,Significantly Delayed,Traffic
9921425481,90827,17-05-2023 05:24,17-05-2023 05:53,29,1.61,Significantly Delayed,Traffic
3583323379,90827,03-04-2024 07:45,03-04-2024 07:45,0,3.22,On Time,
3427534518,90827,12-10-2024 13:36,12-10-2024 13:57,21,2.85,Significantly Delayed,Traffic
9997994965,90827,27-12-2023 14:20,27-12-2023 14:17,-3,0.99,On Time,
5015358514,90827,12-08-2024 20:59,12-08-2024 21:00,1,2.09,On Time,Traffic
5769065545,90827,28-01-2024 21:01,28-01-2024 21:04,3,1.96,On Time,Traffic
4062815570,90827,24-02-2024 05:06,24-02-2024 05:08,2,0.65,On Time,Traffic
39405769,90827,07-04-2023 12:56,07-04-2023 13:11,15,1.11,Slightly Delayed,Traffic
9553518696,90827,11-07-2023 11:21,11-07-2023 11:20,-1,2.27,On Time,
8023712979,90827,12-05-2023 17:44,12-05-2023 17:42,-2,4.56,On Time,
1111747100,90827,19-07-2023 06:40,19-07-2023 06:43,3,3.55,On Time,Traffic
3598180305,90827,31-08-2023 08:58,31-08-2023 08:56,-2,2.58,On Time,
8171660349,90827,09-05-2024 18:48,09-05-2024 18:43,-5,4.39,On Time,
3644704128,90827,01-06-2024 10:11,01-06-2024 10:07,-4,3.11,On Time,
1254907139,90827,13-07-2023 05:01,13-07-2023 05:05,4,2.51,On Time,Traffic
9810593187,90827,19-05-2023 00:13,19-05-2023 00:23,10,3.03,Slightly Delayed,Traffic
3205629870,90827,27-05-2024 18:50,27-05-2024 18:46,-4,4.07,On Time,
8608459871,90827,21-09-2023 17:56,21-09-2023 17:58,2,1.29,On Time,Traffic
2730458449,90827,10-02-2024 06:48,10-02-2024 06:58,10,3.83,Slightly Delayed,Traffic
2807397566,90827,19-05-2024 10:12,19-05-2024 10:16,4,1.89,On Time,Traffic
7217535512,90827,11-11-2023 22:39,11-11-2023 22:35,-4,3.07,On Time,
3321951407,90827,13-09-2023 12:32,13-09-2023 12:29,-3,1.88,On Time,
7189146676,90827,20-05-2024 18:49,20-05-2024 18:52,3,3.05,On Time,Traffic
5601251774,90827,10-10-2024 08:31,10-10-2024 08:52,21,2.84,Significantly Delayed,Traffic
8884350133,90827,22-09-2024 20:16,22-09-2024 20:18,2,1.92,On Time,Traffic
8168306307,90827,17-12-2023 21:18,17-12-2023 21:19,1,1.74,On Time,Traffic
7689275881,90827,03-02-2024 05:49,03-02-2024 05:48,-1,3.23,On Time,
6593510732,90827,10-09-2023 14:05,10-09-2023 14:16,11,2.46,Slightly Delayed,Traffic
3066405445,90827,14-06-2023 09:06,14-06-2023 09:10,4,0.84,On Time,Traffic
5319633841,90827,05-05-2024 14:44,05-05-2024 14:47,3,4.16,On Time,Traffic
1113665104,90827,11-06-2024 23:13,11-06-2024 23:09,-4,4.89,On Time,
8436983782,90827,22-10-2024 02:15,22-10-2024 02:11,-4,3.44,On Time,
1958942711,90827,12-05-2024 09:03,12-05-2024 09:03,0,1.78,On Time,
6485627928,90827,13-09-2024 05:49,13-09-2024 05:48,-1,3.92,On Time,
8147959428,90827,23-07-2024 13:53,23-07-2024 13:56,3,3.8,On Time,Traffic
3697060283,90827,25-08-2024 01:21,25-08-2024 01:26,5,4.58,On Time,Traffic
2039437258,90827,12-12-2023 06:14,12-12-2023 06:16,2,0.88,On Time,Traffic
7655293952,90827,16-02-2024 08:03,16-02-2024 08:07,4,3.51,On Time,Traffic
39791095,90827,06-04-2024 11:17,06-04-2024 11:22,5,2.49,On Time,Traffic
8071046067,90827,28-09-2024 16:48,28-09-2024 16:47,-1,1.4,On Time,
2656326203,90827,16-11-2023 18:47,16-11-2023 18:52,5,0.79,On Time,Traffic
2366866840,90827,22-04-2023 03:27,22-04-2023 03:27,0,4.8,On Time,
8227348656,90827,01-12-2023 17:59,01-12-2023 17:56,-3,3.75,On Time,
3917024194,90827,30-09-2024 21:05,30-09-2024 21:07,2,1.01,On Time,Traffic
3101265,90827,23-05-2024 03:37,23-05-2024 03:40,3,2.45,On Time,Traffic
9907835880,90827,15-10-2024 16:09,15-10-2024 16:07,-2,4.11,On Time,
3396210655,90827,24-10-2023 02:28,24-10-2023 02:25,-3,1.68,On Time,
3000018472,90827,18-08-2024 05:48,18-08-2024 05:49,1,1.01,On Time,Traffic
7166339556,90827,22-06-2024 08:08,22-06-2024 08:06,-2,2.77,On Time,
2194351161,90827,09-05-2023 11:53,09-05-2023 11:51,-2,1.37,On Time,
3224986973,90827,16-02-2024 07:57,16-02-2024 07:58,1,4.65,On Time,Traffic
6882280967,90827,15-09-2023 16:09,15-09-2023 16:11,2,1.14,On Time,Traffic
8556188247,90827,05-10-2023 18:23,05-10-2023 18:21,-2,1.67,On Time,
5236345617,90827,28-09-2023 01:57,28-09-2023 01:57,0,2.36,On Time,
5153146875,90827,06-06-2023 08:48,06-06-2023 08:57,9,1.68,Slightly Delayed,Traffic
2011151353,90827,15-05-2024 03:54,15-05-2024 03:51,-3,0.68,On Time,
9880145668,90827,28-02-2024 17:08,28-02-2024 17:21,13,1.06,Slightly Delayed,Traffic
2724264210,90827,24-10-2024 16:35,24-10-2024 16:48,13,0.99,Slightly Delayed,Traffic
871734663,90827,03-06-2024 02:10,03-06-2024 02:22,12,2.48,Slightly Delayed,Traffic
3883638432,90827,26-07-2023 03:54,26-07-2023 04:20,26,4.79,Significantly Delayed,Traffic
1282422181,90827,19-02-2024 14:52,19-02-2024 14:59,7,5,Slightly Delayed,Traffic
4500802008,90827,17-06-2024 06:03,17-06-2024 06:06,3,3.62,On Time,Traffic
8209715885,90827,25-05-2023 15:40,25-05-2023 15:41,1,0.92,On Time,Traffic
9391482926,90827,12-09-2023 03:18,12-09-2023 03:27,9,3.18,Slightly Delayed,Traffic
7217765772,90827,05-07-2024 14:22,05-07-2024 14:25,3,2.28,On Time,Traffic
7848556658,90827,27-04-2024 11:41,27-04-2024 11:38,-3,1.08,On Time,
9000851345,90827,10-03-2024 17:11,10-03-2024 17:16,5,0.99,On Time,Traffic
3019634875,90827,29-10-2024 19:54,29-10-2024 19:53,-1,2.89,On Time,
7013612817,90827,09-09-2023 08:28,09-09-2023 08:54,26,1.84,Significantly Delayed,Traffic
59461109,90827,06-05-2023 13:55,06-05-2023 13:55,0,2.72,On Time,
740245864,90827,18-05-2023 11:12,18-05-2023 11:11,-1,4.55,On Time,
8432648823,90827,19-05-2023 07:42,19-05-2023 07:45,3,2.06,On Time,Traffic
5863164527,90827,13-11-2023 18:08,13-11-2023 18:16,8,2.68,Slightly Delayed,Traffic
8615999186,90827,08-09-2024 20:34,08-09-2024 20:35,1,3.65,On Time,Traffic
1743268828,90827,02-05-2024 18:24,02-05-2024 18:29,5,2.31,On Time,Traffic
5475369740,90827,12-05-2024 06:03,12-05-2024 06:04,1,1.31,On Time,Traffic
6520584496,90827,24-10-2023 05:46,24-10-2023 06:03,17,1.73,Significantly Delayed,Traffic
3854394048,90827,15-10-2023 20:44,15-10-2023 20:40,-4,3.36,On Time,
4105779656,90827,02-04-2024 17:24,02-04-2024 17:28,4,2.08,On Time,Traffic
5960266785,90827,21-11-2023 06:18,21-11-2023 06:15,-3,1.36,On Time,
7380998329,90827,29-07-2023 21:16,29-07-2023 21:16,0,0.83,On Time,
460625201,90827,17-05-2024 02:46,17-05-2024 02:44,-2,1.35,On Time,
5442705208,90827,27-08-2024 03:32,27-08-2024 03:27,-5,1.6,On Time,
643302284,90827,30-05-2024 23:14,30-05-2024 23:25,11,3.99,Slightly Delayed,Traffic
6141016209,90827,13-04-2024 18:25,13-04-2024 18:25,0,2.59,On Time,
4058658914,90827,09-02-2024 09:48,09-02-2024 09:48,0,3.1,On Time,
4731454539,90827,05-01-2024 07:09,05-01-2024 07:09,0,3.91,On Time,
148408710,90827,01-01-2024 02:13,01-01-2024 02:17,4,0.87,On Time,Traffic
3263142674,90827,30-01-2024 08:30,30-01-2024 08:31,1,4.24,On Time,Traffic
9591201821,90827,12-11-2023 20:39,12-11-2023 20:52,13,3.17,Slightly Delayed,Traffic
2227944524,90827,07-06-2023 09:02,07-06-2023 09:06,4,3.4,On Time,Traffic
2307375554,90827,31-01-2024 15:49,31-01-2024 16:01,12,4.24,Slightly Delayed,Traffic
8521887524,90827,13-04-2024 14:21,13-04-2024 14:34,13,2.3,Slightly Delayed,Traffic
3298709387,90827,01-07-2023 06:19,01-07-2023 06:24,5,0.63,On Time,Traffic
8608686211,90827,27-07-2023 05:21,27-07-2023 05:32,11,2.83,Slightly Delayed,Traffic
5125482761,90827,28-05-2023 07:30,28-05-2023 07:40,10,3.58,Slightly Delayed,Traffic
7388146343,90827,24-09-2023 11:58,24-09-2023 12:11,13,4.5,Slightly Delayed,Traffic
7064723322,90827,15-10-2023 12:03,15-10-2023 12:20,17,3.82,Significantly Delayed,Traffic
1766291529,90827,12-07-2024 19:12,12-07-2024 19:27,15,1.2,Slightly Delayed,Traffic
8183491568,90827,15-09-2023 14:05,15-09-2023 14:17,12,3.15,Slightly Delayed,Traffic
6419111681,90827,24-01-2024 11:08,24-01-2024 11:08,0,1.04,On Time,
9193945481,90827,22-08-2024 20:00,22-08-2024 20:06,6,3.22,Slightly Delayed,Traffic
3937750618,90827,26-08-2023 10:30,26-08-2023 10:30,0,3.91,On Time,
2056682923,90827,27-05-2024 19:59,27-05-2024 20:11,12,0.58,Slightly Delayed,Traffic
7229998672,90827,10-09-2023 21:17,10-09-2023 21:31,14,2.12,Slightly Delayed,Traffic
7028582657,90827,01-11-2024 14:03,01-11-2024 14:13,10,4.92,Slightly Delayed,Traffic
1732091066,90827,12-05-2024 10:17,12-05-2024 10:14,-3,1.34,On Time,
9389363975,90827,08-01-2024 05:51,08-01-2024 06:14,23,2.13,Significantly Delayed,Traffic
9477050930,90827,01-09-2023 00:18,01-09-2023 00:21,3,3.92,On Time,Traffic
6808771388,90827,29-04-2024 18:07,29-04-2024 18:08,1,1.22,On Time,Traffic
7616458551,90827,05-05-2023 09:31,05-05-2023 09:44,13,2.18,Slightly Delayed,Traffic
2784959025,90827,07-04-2023 02:46,07-04-2023 02:49,3,4.77,On Time,Traffic
2716611235,90827,19-02-2024 06:29,19-02-2024 06:30,1,4.56,On Time,Traffic
3797871396,90827,19-12-2023 02:26,19-12-2023 02:31,5,1.81,On Time,Traffic
5895445193,90827,18-09-2023 20:29,18-09-2023 20:36,7,4.33,Slightly Delayed,Traffic
5281640953,90827,19-05-2024 19:19,19-05-2024 19:20,1,1.51,On Time,Traffic
9006387145,90827,16-07-2023 10:10,16-07-2023 10:19,9,1.29,Slightly Delayed,Traffic
2015702046,90827,17-05-2023 07:11,17-05-2023 07:25,14,4.66,Slightly Delayed,Traffic
9260334793,90827,10-07-2024 06:56,10-07-2024 06:59,3,3.82,On Time,Traffic
5912752928,90827,20-12-2023 18:31,20-12-2023 18:30,-1,2.49,On Time,
7691723645,90827,04-08-2024 13:42,04-08-2024 13:45,3,3,On Time,Traffic
9166904790,90827,19-01-2024 19:15,19-01-2024 19:13,-2,1.4,On Time,
1668797251,90827,18-05-2023 00:44,18-05-2023 00:49,5,0.7,On Time,Traffic
3350348511,90827,05-10-2023 05:23,05-10-2023 05:18,-5,4.47,On Time,
2475154947,90827,14-01-2024 11:12,14-01-2024 11:19,7,1.6,Slightly Delayed,Traffic
1348544692,90827,15-04-2024 17:14,15-04-2024 17:20,6,1.33,Slightly Delayed,Traffic
6770208707,90827,01-05-2024 22:21,01-05-2024 22:19,-2,1.38,On Time,
9500356395,90827,29-10-2024 01:35,29-10-2024 01:36,1,4.79,On Time,Traffic
6280233997,90827,23-08-2023 20:43,23-08-2023 20:38,-5,4.5,On Time,
935645101,90827,27-09-2023 02:44,27-09-2023 03:14,30,0.92,Significantly Delayed,Traffic
3492077995,90827,24-06-2023 00:05,24-06-2023 00:01,-4,3.16,On Time,
6971044672,90827,21-03-2024 16:18,21-03-2024 16:30,12,4.35,Slightly Delayed,Traffic
9417710958,90827,20-09-2023 16:05,20-09-2023 16:01,-4,4.22,On Time,
114851727,90827,04-10-2024 03:26,04-10-2024 03:25,-1,0.87,On Time,
7521503340,90827,30-05-2024 07:18,30-05-2024 07:15,-3,2.73,On Time,
7709878408,90827,09-08-2023 18:05,09-08-2023 18:07,2,4.39,On Time,Traffic
7941755463,90827,30-09-2024 09:51,30-09-2024 09:54,3,2.94,On Time,Traffic
4540271027,90827,14-05-2024 04:10,14-05-2024 04:12,2,1.86,On Time,Traffic
8022168472,90827,20-02-2024 22:52,20-02-2024 23:00,8,2.58,Slightly Delayed,Traffic
3808358945,90827,26-08-2023 03:17,26-08-2023 03:26,9,2.67,Slightly Delayed,Traffic
5112444865,90827,06-06-2024 21:24,06-06-2024 21:19,-5,2.02,On Time,
9965551056,90827,24-06-2023 02:19,24-06-2023 02:25,6,2.4,Slightly Delayed,Traffic
7695708103,90827,16-05-2024 15:53,16-05-2024 15:54,1,4.44,On Time,Traffic
7022728237,90827,03-06-2023 04:29,03-06-2023 04:29,0,3.91,On Time,
2062715135,90827,20-08-2024 15:51,20-08-2024 15:51,0,1.17,On Time,
3287815959,90827,09-08-2024 19:54,09-08-2024 20:15,21,2.8,Significantly Delayed,Traffic
9015471552,90827,13-04-2024 19:46,13-04-2024 19:46,0,1.88,On Time,
1595123446,90827,27-02-2024 00:53,27-02-2024 00:55,2,2.34,On Time,Traffic
4888577440,90827,19-05-2024 01:02,19-05-2024 00:57,-5,1.06,On Time,
9039053330,90827,16-08-2023 10:26,16-08-2023 10:25,-1,3.5,On Time,
3091360904,90827,16-06-2024 04:42,16-06-2024 04:42,0,4.04,On Time,
6821938492,90827,06-09-2023 17:03,06-09-2023 17:04,1,0.96,On Time,Traffic
4553785640,90827,13-08-2024 16:49,13-08-2024 16:50,1,4.56,On Time,Traffic
4005611015,90827,30-03-2024 00:03,30-03-2024 00:17,14,2.77,Slightly Delayed,Traffic
8480910658,90827,28-08-2023 20:34,28-08-2023 20:39,5,2.11,On Time,Traffic
1922667245,90827,24-09-2023 16:43,24-09-2023 16:44,1,4.19,On Time,Traffic
379758677,90827,26-12-2023 22:55,26-12-2023 23:08,13,3.84,Slightly Delayed,Traffic
4903380842,90827,03-06-2024 05:47,03-06-2024 05:53,6,0.86,Slightly Delayed,Traffic
9244122658,90827,12-03-2024 16:52,12-03-2024 17:15,23,1.9,Significantly Delayed,Traffic
5054410467,90827,01-07-2023 12:27,01-07-2023 12:24,-3,1.76,On Time,
9877212995,90827,04-05-2024 01:34,04-05-2024 01:29,-5,3.48,On Time,
8375236356,90827,22-09-2023 19:02,22-09-2023 19:06,4,4.38,On Time,Traffic
2652063230,90827,22-11-2023 02:31,22-11-2023 02:32,1,0.7,On Time,Traffic
7258243894,90827,14-07-2024 23:19,14-07-2024 23:18,-1,4.18,On Time,
5980648426,90827,15-12-2023 03:43,15-12-2023 03:59,16,4.67,Significantly Delayed,Traffic
365104159,90827,27-11-2023 05:08,27-11-2023 05:27,19,1.41,Significantly Delayed,Traffic
7038005775,90827,02-07-2023 02:19,02-07-2023 02:15,-4,2.96,On Time,
1456792223,90827,13-08-2024 21:29,13-08-2024 21:24,-5,3.65,On Time,
6673964264,90827,18-10-2024 05:57,18-10-2024 05:58,1,2.02,On Time,Traffic
5780280518,90827,23-08-2024 22:48,23-08-2024 22:51,3,3.34,On Time,Traffic
6220137166,90827,09-12-2023 22:20,09-12-2023 22:35,15,4.63,Slightly Delayed,Traffic
2615887425,90827,28-10-2023 20:05,28-10-2023 20:15,10,2.09,Slightly Delayed,Traffic
5610987488,90827,14-08-2023 12:18,14-08-2023 12:14,-4,0.85,On Time,
6038240765,90827,27-05-2023 00:30,27-05-2023 00:30,0,3.29,On Time,
5004974422,90827,03-07-2023 18:32,03-07-2023 18:31,-1,1.63,On Time,
2349863203,90827,20-12-2023 21:18,20-12-2023 21:22,4,4.83,On Time,Traffic
9487956261,90827,25-07-2023 07:44,25-07-2023 07:54,10,3.23,Slightly Delayed,Traffic
7169945062,90827,14-06-2023 02:37,14-06-2023 02:40,3,4.36,On Time,Traffic
5393866026,90827,10-04-2023 00:56,10-04-2023 00:51,-5,2.3,On Time,
7266772806,90827,06-09-2024 23:24,06-09-2024 23:28,4,1.4,On Time,Traffic
2411227007,90827,09-06-2024 14:54,09-06-2024 14:57,3,2.53,On Time,Traffic
960728650,90827,16-04-2023 08:09,16-04-2023 08:16,7,3.51,Slightly Delayed,Traffic
2326500581,90827,21-07-2024 05:49,21-07-2024 05:54,5,3.58,On Time,Traffic
9489310879,90827,15-10-2024 05:36,15-10-2024 05:33,-3,1.32,On Time,
2341242955,90827,12-01-2024 18:41,12-01-2024 19:00,19,3.34,Significantly Delayed,Traffic
1023485121,90827,11-02-2024 17:36,11-02-2024 17:38,2,1.34,On Time,Traffic
9742218709,90827,25-09-2024 13:28,25-09-2024 13:27,-1,4.99,On Time,
9039933820,90827,09-12-2023 15:18,09-12-2023 15:17,-1,4.88,On Time,
1391881327,90827,01-07-2024 21:34,01-07-2024 21:38,4,3.69,On Time,Traffic
3360648053,90827,15-05-2023 08:38,15-05-2023 08:43,5,2.52,On Time,Traffic
9758418980,90827,05-07-2023 11:58,05-07-2023 11:54,-4,3.4,On Time,
9859459525,90827,13-07-2023 02:44,13-07-2023 02:44,0,3.56,On Time,
6924226309,90827,27-09-2024 04:02,27-09-2024 04:13,11,3.61,Slightly Delayed,Traffic
7672052920,90827,07-12-2023 01:11,07-12-2023 01:07,-4,3.15,On Time,
4597359399,90827,20-09-2024 03:14,20-09-2024 03:12,-2,2.78,On Time,
665402174,90827,16-04-2024 02:20,16-04-2024 02:17,-3,1.18,On Time,
3986082657,90827,17-02-2024 12:56,17-02-2024 12:55,-1,1.35,On Time,
4275746826,90827,05-03-2024 10:57,05-03-2024 10:54,-3,4.92,On Time,
525864604,90827,24-03-2024 21:22,24-03-2024 21:24,2,1.2,On Time,Traffic
4473658819,90827,05-12-2023 00:39,05-12-2023 00:35,-4,1.81,On Time,
8824559505,90827,14-08-2024 14:06,14-08-2024 14:03,-3,4.12,On Time,
1824646473,90827,02-04-2023 07:02,02-04-2023 06:57,-5,1.7,On Time,
776389097,90827,10-02-2024 07:50,10-02-2024 08:05,15,1.62,Slightly Delayed,Traffic
4908634706,90827,15-10-2023 22:36,15-10-2023 22:37,1,0.69,On Time,Traffic
3516204561,90827,09-09-2023 05:48,09-09-2023 05:48,0,1.81,On Time,
9510792757,90827,04-11-2023 05:12,04-11-2023 05:12,0,4.93,On Time,
3504903228,90827,30-06-2023 00:26,30-06-2023 00:34,8,1.84,Slightly Delayed,Traffic
3438202422,90827,08-10-2023 16:06,08-10-2023 16:33,27,4.09,Significantly Delayed,Traffic
3007616042,90827,14-07-2024 07:36,14-07-2024 07:58,22,3.57,Significantly Delayed,Traffic
4656199468,90827,29-10-2023 19:46,29-10-2023 20:16,30,4.72,Significantly Delayed,Traffic
6994560237,90827,03-07-2024 11:29,03-07-2024 11:27,-2,2.4,On Time,
8442552565,90827,05-11-2023 16:31,05-11-2023 16:58,27,2.62,Significantly Delayed,Traffic
414299117,90827,28-07-2023 06:50,28-07-2023 06:50,0,4.8,On Time,
8146956033,90827,10-08-2024 01:07,10-08-2024 01:03,-4,4.86,On Time,
7919748594,90827,20-09-2024 00:47,20-09-2024 00:49,2,0.52,On Time,Traffic
7834171020,90827,04-01-2024 12:36,04-01-2024 12:39,3,2.87,On Time,Traffic
3735968672,90827,22-12-2023 22:43,22-12-2023 22:41,-2,0.62,On Time,
3864051985,90827,06-04-2024 03:13,06-04-2024 03:41,28,2.43,Significantly Delayed,Traffic
8299074079,90827,08-06-2024 10:25,08-06-2024 10:26,1,1.16,On Time,Traffic
891333736,90827,24-09-2023 20:28,24-09-2023 20:57,29,3.22,Significantly Delayed,Traffic
2874220576,90827,04-10-2023 07:13,04-10-2023 07:10,-3,1.12,On Time,
6375536946,90827,10-01-2024 12:51,10-01-2024 12:52,1,2.02,On Time,Traffic
1966054573,90827,09-05-2023 12:12,09-05-2023 12:38,26,1.59,Significantly Delayed,Traffic
1565942558,90827,04-08-2024 14:34,04-08-2024 14:34,0,0.64,On Time,
4624281313,90827,22-10-2024 11:27,22-10-2024 11:30,3,4.96,On Time,Traffic
6884010758,90827,27-04-2024 22:36,27-04-2024 22:38,2,4.26,On Time,Traffic
4351744653,90827,03-04-2023 14:26,03-04-2023 14:45,19,2.14,Significantly Delayed,Traffic
8698000932,90827,28-05-2024 20:33,28-05-2024 20:57,24,4.43,Significantly Delayed,Traffic
3844380421,90827,19-10-2023 13:05,19-10-2023 13:01,-4,3.3,On Time,
7105842598,90827,24-08-2023 15:06,24-08-2023 15:01,-5,1.96,On Time,
8993722297,90827,04-07-2023 16:14,04-07-2023 16:17,3,3.27,On Time,Traffic
2929439019,90827,28-10-2023 17:37,28-10-2023 17:35,-2,3.2,On Time,
1661854320,90827,28-09-2024 10:11,28-09-2024 10:16,5,3.68,On Time,Traffic
3082165628,90827,02-05-2023 21:48,02-05-2023 21:44,-4,1.08,On Time,
1745045814,90827,30-11-2023 09:04,30-11-2023 09:01,-3,2.81,On Time,
813387880,90827,08-07-2023 11:43,08-07-2023 11:42,-1,2.58,On Time,
8189879400,90827,16-11-2023 04:33,16-11-2023 04:29,-4,1.83,On Time,
8465045467,90827,01-05-2024 05:48,01-05-2024 05:46,-2,1.16,On Time,
9232350528,90827,03-10-2023 08:29,03-10-2023 08:28,-1,1.07,On Time,
1728666371,90827,12-05-2024 12:47,12-05-2024 13:10,23,1.6,Significantly Delayed,Traffic
6131815766,90827,18-03-2023 00:05,18-03-2023 00:05,0,1.64,On Time,
6438773635,90827,19-07-2024 04:07,19-07-2024 04:02,-5,1.85,On Time,
6912676966,90827,10-06-2023 14:06,10-06-2023 14:06,0,1.08,On Time,
2840314717,90827,27-06-2023 23:52,27-06-2023 23:51,-1,1.91,On Time,
9508359721,90827,24-08-2024 15:57,24-08-2024 16:06,9,1.58,Slightly Delayed,Traffic
2244679313,90827,05-08-2024 07:09,05-08-2024 07:13,4,3.56,On Time,Traffic
9407544177,90827,03-11-2024 08:03,03-11-2024 08:07,4,4.1,On Time,Traffic
2528398796,90827,07-04-2023 00:02,07-04-2023 00:13,11,2.63,Slightly Delayed,Traffic
9464988762,90827,02-10-2023 17:29,02-10-2023 17:25,-4,3.68,On Time,
6373867899,90827,08-11-2023 08:52,08-11-2023 08:57,5,2.39,On Time,Traffic
4028185110,90827,25-04-2023 15:36,25-04-2023 15:43,7,1.16,Slightly Delayed,Traffic
9717018638,90827,13-07-2024 02:50,13-07-2024 02:58,8,4.44,Slightly Delayed,Traffic
4898477588,90827,15-02-2024 20:20,15-02-2024 20:15,-5,2.11,On Time,
4723165081,90827,02-02-2024 09:09,02-02-2024 09:05,-4,3.61,On Time,
2845954128,90827,04-07-2024 16:58,04-07-2024 16:56,-2,1.05,On Time,
23158044,90827,19-05-2023 19:41,19-05-2023 19:41,0,2.64,On Time,
1486548042,90827,12-10-2023 11:35,12-10-2023 11:44,9,2.73,Slightly Delayed,Traffic
708351411,90827,16-10-2023 05:43,16-10-2023 05:51,8,1.91,Slightly Delayed,Traffic
5512110908,90827,22-11-2023 02:20,22-11-2023 02:46,26,1.88,Significantly Delayed,Traffic
2295441899,90827,18-02-2024 08:06,18-02-2024 08:14,8,3.92,Slightly Delayed,Traffic
4867173151,90827,24-10-2023 22:14,24-10-2023 22:16,2,2.7,On Time,Traffic
4635037652,90827,23-01-2024 20:55,23-01-2024 20:50,-5,0.93,On Time,
2209259378,90827,23-12-2023 12:52,23-12-2023 12:47,-5,1.92,On Time,
4079286483,90827,19-05-2023 13:22,19-05-2023 13:24,2,4.18,On Time,Traffic
9506078962,90827,05-07-2024 22:13,05-07-2024 22:27,14,0.51,Slightly Delayed,Traffic
6894691072,90827,22-03-2024 12:13,22-03-2024 12:17,4,2.36,On Time,Traffic
4481256065,90827,04-04-2024 14:07,04-04-2024 14:29,22,0.53,Significantly Delayed,Traffic
5050919809,90827,13-05-2024 07:24,13-05-2024 07:27,3,4.41,On Time,Traffic
1328085383,90827,11-05-2023 11:50,11-05-2023 11:47,-3,3.29,On Time,
5382246981,90827,30-08-2023 22:08,30-08-2023 22:12,4,2.17,On Time,Traffic
5647827263,90827,07-05-2024 08:10,07-05-2024 08:09,-1,3.35,On Time,
9244268951,90827,30-10-2023 09:40,30-10-2023 09:44,4,3,On Time,Traffic
6217777735,90827,22-07-2024 11:39,22-07-2024 11:34,-5,1.22,On Time,
3682639473,90827,22-11-2023 00:03,21-11-2023 23:59,-4,4.65,On Time,
3859331666,90827,02-07-2023 07:49,02-07-2023 07:48,-1,3.85,On Time,
7971689217,90827,18-10-2023 13:24,18-10-2023 13:38,14,2.44,Slightly Delayed,Traffic
6822492679,90827,28-07-2023 06:25,28-07-2023 06:39,14,3.19,Slightly Delayed,Traffic
7211194993,90827,04-09-2023 03:59,04-09-2023 03:59,0,1.51,On Time,
461485679,90827,08-08-2023 00:18,08-08-2023 00:22,4,1.16,On Time,Traffic
3209732414,90827,18-04-2024 11:06,18-04-2024 11:06,0,4.14,On Time,
6537694730,90827,15-08-2024 00:54,15-08-2024 00:58,4,2.1,On Time,Traffic
7653097776,90827,16-07-2023 06:58,16-07-2023 06:59,1,3.65,On Time,Traffic
4928556641,90827,19-09-2023 15:11,19-09-2023 15:18,7,4.28,Slightly Delayed,Traffic
5905518100,90827,25-09-2023 06:47,25-09-2023 06:51,4,3.99,On Time,Traffic
8337948336,90827,04-07-2023 05:42,04-07-2023 05:47,5,3.64,On Time,Traffic
8814435884,90827,11-08-2024 14:11,11-08-2024 14:13,2,0.75,On Time,Traffic
6645415772,90827,02-07-2024 07:04,02-07-2024 07:00,-4,4.61,On Time,
5274039950,90827,14-12-2023 20:34,14-12-2023 20:31,-3,2.99,On Time,
7404052550,90827,13-09-2023 07:21,13-09-2023 07:18,-3,3.25,On Time,
8179058864,90827,18-05-2023 17:59,18-05-2023 17:57,-2,2.59,On Time,
5195997912,90827,20-07-2024 15:34,20-07-2024 15:29,-5,2.91,On Time,
3320194259,90827,07-12-2023 19:10,07-12-2023 19:06,-4,3.85,On Time,
8185684967,90827,05-05-2023 22:48,05-05-2023 22:49,1,2.05,On Time,Traffic
2324568019,90827,06-07-2023 05:18,06-07-2023 05:25,7,3.72,Slightly Delayed,Traffic
3522645150,90827,16-05-2023 07:52,16-05-2023 07:53,1,1.57,On Time,Traffic
4510488834,90827,08-09-2024 20:53,08-09-2024 20:53,0,1.56,On Time,
9433427403,90827,17-05-2023 21:11,17-05-2023 21:24,13,4.98,Slightly Delayed,Traffic
8065436106,90827,22-01-2024 01:59,22-01-2024 01:59,0,4.51,On Time,
846586265,90827,02-07-2023 16:52,02-07-2023 17:02,10,2.63,Slightly Delayed,Traffic
4337013612,90827,15-05-2023 12:42,15-05-2023 12:45,3,2.79,On Time,Traffic
8916023990,90827,18-05-2024 04:47,18-05-2024 04:58,11,1.31,Slightly Delayed,Traffic
6018805430,90827,04-09-2023 07:37,04-09-2023 07:41,4,4.16,On Time,Traffic
2676353168,90827,10-09-2024 11:32,10-09-2024 11:31,-1,3.6,On Time,
1069724600,90827,26-07-2023 11:56,26-07-2023 12:05,9,2.23,Slightly Delayed,Traffic
5503476312,90827,16-06-2024 16:03,16-06-2024 16:07,4,2.89,On Time,Traffic
4439677910,90827,26-02-2024 09:44,26-02-2024 09:44,0,1.59,On Time,
8045361592,90827,11-10-2024 12:04,11-10-2024 12:06,2,4.06,On Time,Traffic
1873731593,90827,24-11-2023 07:58,24-11-2023 08:01,3,4.21,On Time,Traffic
1126011099,90827,21-02-2024 22:09,21-02-2024 22:08,-1,0.92,On Time,
4100626744,90827,21-10-2024 01:19,21-10-2024 01:24,5,4.16,On Time,Traffic
8616880376,90827,18-03-2024 04:15,18-03-2024 04:35,20,2.86,Significantly Delayed,Traffic
1427911940,90827,24-02-2024 07:14,24-02-2024 07:17,3,2.28,On Time,Traffic
4416398885,90827,22-10-2024 06:57,22-10-2024 06:56,-1,1.05,On Time,
2584579895,90827,12-01-2024 20:57,12-01-2024 20:55,-2,2.26,On Time,
7770651576,90827,04-09-2023 00:28,04-09-2023 00:51,23,4.1,Significantly Delayed,Traffic
3705985582,90827,19-08-2023 23:35,19-08-2023 23:36,1,2.11,On Time,Traffic
5160295213,90827,25-01-2024 20:59,25-01-2024 20:59,0,2.45,On Time,
4374285559,90827,02-09-2024 03:11,02-09-2024 03:18,7,2.49,Slightly Delayed,Traffic
9096638812,90827,05-12-2023 02:11,05-12-2023 02:10,-1,2.07,On Time,
2888179397,90827,26-08-2023 19:09,26-08-2023 19:17,8,1.89,Slightly Delayed,Traffic
3387165389,90827,14-07-2024 09:24,14-07-2024 09:24,0,2.13,On Time,
1925647539,90827,14-08-2023 15:48,14-08-2023 15:49,1,1.39,On Time,Traffic
6160848562,90827,10-09-2023 19:57,10-09-2023 20:02,5,3.71,On Time,Traffic
2343495895,90827,04-08-2024 14:34,04-08-2024 14:33,-1,2.17,On Time,
8812220964,90827,29-08-2023 16:38,29-08-2023 16:43,5,3.5,On Time,Traffic
8640364495,90827,13-05-2023 23:03,13-05-2023 23:13,10,3.03,Slightly Delayed,Traffic
4610687284,90827,26-09-2023 10:48,26-09-2023 10:53,5,4.69,On Time,Traffic
189431942,90827,23-01-2024 12:47,23-01-2024 12:45,-2,4.37,On Time,
1746826454,90827,05-01-2024 01:52,05-01-2024 01:50,-2,0.64,On Time,
948345459,90827,23-03-2024 04:25,23-03-2024 04:35,10,1.25,Slightly Delayed,Traffic
9959881029,90827,30-09-2024 03:34,30-09-2024 03:44,10,0.93,Slightly Delayed,Traffic
621213006,90827,22-07-2024 04:39,22-07-2024 04:40,1,1.61,On Time,Traffic
1772464528,90827,07-09-2023 21:22,07-09-2023 21:23,1,2.23,On Time,Traffic
7732863862,90827,02-08-2023 04:11,02-08-2023 04:13,2,3.32,On Time,Traffic
3064828239,90827,18-02-2024 07:49,18-02-2024 07:54,5,4.66,On Time,Traffic
6363526452,90827,10-10-2023 23:16,10-10-2023 23:18,2,2.76,On Time,Traffic
6988011282,90827,30-10-2024 17:18,30-10-2024 17:17,-1,3.17,On Time,
8523250818,90827,11-02-2024 19:05,11-02-2024 19:01,-4,1.28,On Time,
5595210484,90827,17-05-2023 01:19,17-05-2023 01:27,8,2.21,Slightly Delayed,Traffic
1461081366,90827,15-08-2024 23:16,15-08-2024 23:23,7,3.78,Slightly Delayed,Traffic
4922364507,90827,06-07-2024 08:57,06-07-2024 08:59,2,2.96,On Time,Traffic
6597871211,90827,03-05-2024 00:47,03-05-2024 00:48,1,2.44,On Time,Traffic
2719816862,90827,20-09-2024 21:09,20-09-2024 21:24,15,2.7,Slightly Delayed,Traffic
9830788650,90827,07-07-2023 08:12,07-07-2023 08:17,5,4.22,On Time,Traffic
140980199,90827,05-03-2024 14:27,05-03-2024 14:36,9,1.97,Slightly Delayed,Traffic
7595842583,90827,24-02-2024 08:13,24-02-2024 08:18,5,1.8,On Time,Traffic
2390228992,90827,31-07-2023 17:08,31-07-2023 17:08,0,4.68,On Time,
8178738469,90827,12-06-2023 06:03,12-06-2023 06:13,10,4.95,Slightly Delayed,Traffic
9964671001,90827,14-03-2024 18:06,14-03-2024 18:02,-4,1.4,On Time,
1258689954,90827,31-03-2024 02:41,31-03-2024 02:43,2,2.97,On Time,Traffic
4647158015,90827,18-11-2023 13:40,18-11-2023 13:52,12,1.02,Slightly Delayed,Traffic
2382974038,90827,16-05-2024 17:01,16-05-2024 17:04,3,3.41,On Time,Traffic
3663827875,90827,02-11-2023 20:46,02-11-2023 21:10,24,2.92,Significantly Delayed,Traffic
6501113916,90827,07-01-2024 17:05,07-01-2024 17:09,4,3.28,On Time,Traffic
3300719369,90827,25-05-2024 03:57,25-05-2024 04:02,5,4.37,On Time,Traffic
3239722852,90827,02-07-2023 09:43,02-07-2023 09:39,-4,0.68,On Time,
6694899030,90827,21-09-2024 16:44,21-09-2024 16:57,13,1.64,Slightly Delayed,Traffic
992895707,90827,14-05-2023 22:51,14-05-2023 22:57,6,4.39,Slightly Delayed,Traffic
8432150432,90827,11-05-2024 16:33,11-05-2024 16:33,0,4.15,On Time,
6220520171,90827,01-12-2023 00:21,01-12-2023 00:20,-1,0.95,On Time,
735608722,90827,08-06-2024 09:48,08-06-2024 10:02,14,2.64,Slightly Delayed,Traffic
7303161073,90827,15-03-2024 00:15,15-03-2024 00:20,5,3.14,On Time,Traffic
9783380107,90827,09-06-2024 08:18,09-06-2024 08:18,0,1.55,On Time,
3835886077,90827,19-11-2023 17:51,19-11-2023 17:49,-2,1.06,On Time,
8140652447,90827,15-04-2024 11:39,15-04-2024 11:36,-3,4.81,On Time,
6412390967,90827,03-02-2024 20:35,03-02-2024 20:37,2,3.04,On Time,Traffic
6688575911,90827,26-12-2023 19:01,26-12-2023 19:04,3,3.47,On Time,Traffic
3890111511,90827,09-09-2024 23:52,10-09-2024 00:11,19,3.55,Significantly Delayed,Traffic
5145256852,90827,10-09-2024 19:25,10-09-2024 19:43,18,4.37,Significantly Delayed,Traffic
7375057413,90827,17-05-2023 22:35,17-05-2023 22:44,9,4.64,Slightly Delayed,Traffic
3047491006,90827,21-09-2024 22:03,21-09-2024 22:08,5,0.69,On Time,Traffic
7715738110,90827,10-05-2023 22:25,10-05-2023 22:29,4,0.64,On Time,Traffic
6191554160,90827,20-07-2023 23:26,20-07-2023 23:24,-2,4.32,On Time,
896919031,90827,08-10-2024 03:12,08-10-2024 03:11,-1,3.17,On Time,
1535818185,90827,03-05-2024 16:42,03-05-2024 16:37,-5,3.44,On Time,
4428830794,90827,18-06-2024 23:41,18-06-2024 23:44,3,4.36,On Time,Traffic
3610035622,90827,04-04-2024 03:46,04-04-2024 03:44,-2,2.96,On Time,
8674445072,90827,04-08-2024 05:42,04-08-2024 05:44,2,1.92,On Time,Traffic
9623704312,90827,24-02-2024 22:21,24-02-2024 22:23,2,0.75,On Time,Traffic
7786002894,90827,21-12-2023 13:06,21-12-2023 13:12,6,2.8,Slightly Delayed,Traffic
3264409553,90827,30-03-2023 18:48,30-03-2023 19:12,24,4.86,Significantly Delayed,Traffic
7736534043,90827,28-05-2023 08:33,28-05-2023 08:29,-4,4.36,On Time,
5936596117,90827,25-10-2024 12:28,25-10-2024 12:23,-5,2.78,On Time,
1980087245,90827,16-06-2023 19:46,16-06-2023 19:49,3,3.77,On Time,Traffic
8861557989,90827,25-08-2024 06:22,25-08-2024 06:18,-4,3.9,On Time,
6702391437,90827,21-01-2024 18:15,21-01-2024 18:32,17,1.73,Significantly Delayed,Traffic
6385452188,90827,04-06-2024 21:39,04-06-2024 21:43,4,4.06,On Time,Traffic
8813216380,90827,09-10-2024 12:17,09-10-2024 12:27,10,2.93,Slightly Delayed,Traffic
5563712992,90827,11-01-2024 16:43,11-01-2024 16:47,4,4.23,On Time,Traffic
966468552,90827,24-06-2023 01:55,24-06-2023 01:53,-2,2.29,On Time,
4368529506,90827,30-06-2024 01:34,30-06-2024 01:40,6,1.15,Slightly Delayed,Traffic
3777009463,90827,01-09-2024 08:24,01-09-2024 08:23,-1,3.36,On Time,
3560912801,90827,09-09-2024 00:07,09-09-2024 00:02,-5,2.69,On Time,
1741224538,90827,29-03-2023 00:40,29-03-2023 00:40,0,1.04,On Time,
4579251445,90827,28-08-2023 15:48,28-08-2023 15:48,0,2.51,On Time,
3438127101,90827,27-11-2023 16:50,27-11-2023 16:52,2,2.44,On Time,Traffic
9741958794,90827,20-08-2024 07:43,20-08-2024 07:51,8,1.52,Slightly Delayed,Traffic
882082341,90827,10-10-2024 12:49,10-10-2024 13:00,11,2.1,Slightly Delayed,Traffic
3629321763,90827,06-08-2024 19:03,06-08-2024 19:05,2,0.84,On Time,Traffic
888938572,90827,02-04-2023 20:49,02-04-2023 20:54,5,4.8,On Time,Traffic
5263181887,90827,28-09-2024 22:13,28-09-2024 22:18,5,1.24,On Time,Traffic
7071557807,90827,29-04-2024 11:24,29-04-2024 11:32,8,4.81,Slightly Delayed,Traffic
6888804296,90827,24-10-2024 22:40,24-10-2024 22:42,2,3.51,On Time,Traffic
814182718,90827,17-11-2023 22:30,17-11-2023 22:25,-5,1.14,On Time,
3513524740,90827,03-07-2024 12:20,03-07-2024 12:42,22,3.09,Significantly Delayed,Traffic
1234169434,90827,17-10-2023 21:03,17-10-2023 21:07,4,2.23,On Time,Traffic
2577990012,90827,22-09-2023 03:13,22-09-2023 03:13,0,3.35,On Time,
8446065263,90827,15-11-2023 02:10,15-11-2023 02:16,6,1.74,Slightly Delayed,Traffic
4220970302,90827,01-11-2024 10:03,01-11-2024 09:59,-4,1.84,On Time,
5712516128,90827,14-07-2023 21:33,14-07-2023 21:34,1,3.96,On Time,Traffic
807167715,90827,28-08-2024 21:32,28-08-2024 21:29,-3,2.07,On Time,
213972345,90827,14-06-2024 23:26,14-06-2024 23:28,2,2.86,On Time,Traffic
1013762407,90827,19-10-2024 07:14,19-10-2024 07:38,24,2.11,Significantly Delayed,Traffic
5234194751,90827,19-02-2024 05:02,19-02-2024 05:06,4,1.42,On Time,Traffic
1389077693,90827,27-06-2023 18:12,27-06-2023 18:26,14,3,Slightly Delayed,Traffic
1895143216,90827,25-03-2023 20:23,25-03-2023 20:28,5,4.21,On Time,Traffic
3667250123,90827,04-03-2024 06:27,04-03-2024 06:53,26,2.28,Significantly Delayed,Traffic
6430529802,90827,23-07-2023 15:14,23-07-2023 15:09,-5,2.39,On Time,
4856277700,90827,17-08-2023 23:05,17-08-2023 23:21,16,2.92,Significantly Delayed,Traffic
1492403962,90827,09-07-2023 02:03,09-07-2023 02:06,3,1.18,On Time,Traffic
4348167632,90827,29-11-2023 06:04,29-11-2023 05:59,-5,2.38,On Time,
3682471195,90827,06-12-2023 04:30,06-12-2023 04:44,14,4.09,Slightly Delayed,Traffic
6888837939,90827,27-03-2024 15:05,27-03-2024 15:00,-5,1.99,On Time,
2278004109,90827,01-09-2024 04:00,01-09-2024 04:07,7,0.76,Slightly Delayed,Traffic
7471013149,90827,13-10-2024 13:00,13-10-2024 13:08,8,2.74,Slightly Delayed,Traffic
755745232,90827,02-10-2024 02:09,02-10-2024 02:20,11,1.87,Slightly Delayed,Traffic
2963187161,90827,18-06-2024 12:24,18-06-2024 12:36,12,2.14,Slightly Delayed,Traffic
3980591844,90827,20-06-2023 03:45,20-06-2023 03:50,5,4.88,On Time,Traffic
9960808976,90827,08-04-2024 03:53,08-04-2024 03:50,-3,4.17,On Time,
8740552000,90827,16-05-2023 12:00,16-05-2023 12:11,11,1.82,Slightly Delayed,Traffic
9230099449,90827,08-05-2023 04:14,08-05-2023 04:10,-4,3.75,On Time,
4277432248,90827,10-05-2023 21:45,10-05-2023 21:41,-4,4.78,On Time,
3624765984,90827,11-12-2023 08:35,11-12-2023 08:30,-5,2.89,On Time,
8533110341,90827,14-06-2023 09:14,14-06-2023 09:21,7,1.21,Slightly Delayed,Traffic
5036664068,90827,06-11-2023 08:03,06-11-2023 08:00,-3,1.44,On Time,
9989636336,90827,24-05-2024 07:45,24-05-2024 07:59,14,4.86,Slightly Delayed,Traffic
2843642858,90827,14-03-2024 07:05,14-03-2024 07:07,2,1.92,On Time,Traffic
7510849424,90827,08-03-2024 04:30,08-03-2024 04:29,-1,3.62,On Time,
8744806310,90827,04-07-2023 00:02,03-07-2023 23:59,-3,2.89,On Time,
7605774154,90827,02-02-2024 23:57,02-02-2024 23:55,-2,4.44,On Time,
6904233594,90827,09-08-2024 22:04,09-08-2024 22:00,-4,1.53,On Time,
6371336060,90827,21-07-2024 20:22,21-07-2024 20:19,-3,2.4,On Time,
8137624530,90827,25-10-2023 00:15,25-10-2023 00:27,12,4.67,Slightly Delayed,Traffic
9131474241,90827,18-10-2024 17:12,18-10-2024 17:07,-5,2.16,On Time,
7413772322,90827,12-06-2023 15:56,12-06-2023 15:58,2,3.33,On Time,Traffic
9400852015,90827,01-07-2024 07:08,01-07-2024 07:19,11,4.72,Slightly Delayed,Traffic
4867437863,90827,25-01-2024 03:11,25-01-2024 03:25,14,2.82,Slightly Delayed,Traffic
4219458877,90827,27-12-2023 03:00,27-12-2023 03:22,22,3.86,Significantly Delayed,Traffic
35135941,90827,29-07-2024 18:26,29-07-2024 18:21,-5,3.09,On Time,
4754258275,90827,16-09-2023 13:54,16-09-2023 13:52,-2,0.79,On Time,
9195687538,90827,06-01-2024 12:06,06-01-2024 12:36,30,0.63,Significantly Delayed,Traffic
344554037,90827,10-11-2023 08:34,10-11-2023 08:52,18,2.49,Significantly Delayed,Traffic
7503255456,90827,03-08-2023 21:30,03-08-2023 21:46,16,1.57,Significantly Delayed,Traffic
5903638531,90827,02-05-2023 16:58,02-05-2023 16:56,-2,0.73,On Time,
1670694517,90827,09-08-2024 17:55,09-08-2024 17:50,-5,1.62,On Time,
2369121788,90827,28-05-2024 21:37,28-05-2024 21:41,4,4.9,On Time,Traffic
6012082951,90827,17-05-2023 06:23,17-05-2023 06:26,3,2.52,On Time,Traffic
3675914158,90827,08-03-2024 06:23,08-03-2024 06:36,13,1.98,Slightly Delayed,Traffic
1396605672,90827,07-01-2024 02:09,07-01-2024 02:06,-3,3.09,On Time,
4260996213,90827,12-04-2023 12:55,12-04-2023 13:12,17,1.23,Significantly Delayed,Traffic
4749534376,90827,19-05-2024 00:49,19-05-2024 00:44,-5,4.34,On Time,
6095091385,90827,11-07-2024 07:18,11-07-2024 07:31,13,3.14,Slightly Delayed,Traffic
1131338162,90827,03-02-2024 12:11,03-02-2024 12:09,-2,3.25,On Time,
6100236720,90827,24-08-2023 13:12,24-08-2023 13:14,2,2.93,On Time,Traffic
3363683548,90827,09-02-2024 10:32,09-02-2024 10:32,0,1.2,On Time,
8721540965,90827,05-07-2024 13:13,05-07-2024 13:12,-1,4.87,On Time,
1712456261,90827,15-10-2023 10:50,15-10-2023 10:49,-1,4.91,On Time,
760930025,90827,19-06-2023 18:48,19-06-2023 18:46,-2,3.35,On Time,
5652465358,90827,17-06-2024 18:23,17-06-2024 18:44,21,0.59,Significantly Delayed,Traffic
3580915899,90827,23-10-2023 18:28,23-10-2023 18:23,-5,2.33,On Time,
1174382816,90827,14-08-2024 21:05,14-08-2024 21:06,1,1.42,On Time,Traffic
3200474667,90827,17-09-2024 19:14,17-09-2024 19:10,-4,0.98,On Time,
7474651061,90827,09-06-2023 22:52,09-06-2023 22:47,-5,2.11,On Time,
1892282465,90827,23-08-2023 02:00,23-08-2023 01:59,-1,3.49,On Time,
3859828998,90827,14-04-2023 04:01,14-04-2023 04:00,-1,0.78,On Time,
2554590672,90827,03-12-2023 13:02,03-12-2023 13:05,3,2.42,On Time,Traffic
9667675052,90827,29-09-2023 13:36,29-09-2023 13:40,4,3.23,On Time,Traffic
8382437838,90827,30-05-2024 16:17,30-05-2024 16:15,-2,3.02,On Time,
6247090607,90827,07-10-2023 15:54,07-10-2023 15:56,2,3.76,On Time,Traffic
5004073261,90827,16-06-2024 17:38,16-06-2024 17:51,13,0.86,Slightly Delayed,Traffic
6595898122,90827,13-07-2024 20:57,13-07-2024 20:53,-4,2.95,On Time,
9844371682,90827,10-06-2023 20:40,10-06-2023 20:35,-5,3.43,On Time,
7198169379,90827,13-07-2023 21:14,13-07-2023 21:22,8,2.25,Slightly Delayed,Traffic
2815855636,90827,28-07-2023 10:29,28-07-2023 10:32,3,1.93,On Time,Traffic
6033660622,90827,12-04-2023 15:24,12-04-2023 15:31,7,3.74,Slightly Delayed,Traffic
7944056454,90827,22-05-2023 23:50,22-05-2023 23:52,2,4.19,On Time,Traffic
4354264440,90827,13-12-2023 11:20,13-12-2023 11:32,12,4.26,Slightly Delayed,Traffic
5623096090,90827,25-08-2023 12:54,25-08-2023 12:54,0,0.9,On Time,
701856661,90827,10-06-2024 01:32,10-06-2024 01:31,-1,3.71,On Time,
1911276445,90827,20-10-2024 14:54,20-10-2024 15:06,12,2.99,Slightly Delayed,Traffic
9323909987,90827,09-05-2024 04:15,09-05-2024 04:13,-2,0.6,On Time,
1988898073,90827,21-02-2024 11:44,21-02-2024 11:54,10,1.17,Slightly Delayed,Traffic
6457671753,90827,07-01-2024 23:51,07-01-2024 23:48,-3,1.96,On Time,
3556497272,90827,18-10-2024 10:32,18-10-2024 10:35,3,4.09,On Time,Traffic
2182762247,90827,06-09-2023 20:47,06-09-2023 20:43,-4,2.61,On Time,
6026842782,90827,27-08-2024 20:11,27-08-2024 20:10,-1,1.19,On Time,
1227108607,90827,18-09-2024 12:49,18-09-2024 12:52,3,3.36,On Time,Traffic
9362226645,90827,12-05-2024 05:18,12-05-2024 05:27,9,3.5,Slightly Delayed,Traffic
6313785973,90827,21-03-2023 03:28,21-03-2023 03:38,10,1.22,Slightly Delayed,Traffic
1297253359,90827,24-04-2024 09:29,24-04-2024 09:38,9,3.5,Slightly Delayed,Traffic
6138091203,90827,09-09-2023 06:11,09-09-2023 06:06,-5,4.3,On Time,
4770739350,90827,12-07-2024 19:55,12-07-2024 20:22,27,3.34,Significantly Delayed,Traffic
6253838449,90827,11-06-2024 00:49,11-06-2024 00:51,2,1.37,On Time,Traffic
1015708455,90827,04-09-2023 18:11,04-09-2023 18:19,8,2.74,Slightly Delayed,Traffic
2201201842,90827,02-10-2023 13:29,02-10-2023 13:24,-5,1.61,On Time,
200000051,90827,04-10-2023 20:21,04-10-2023 20:17,-4,4.86,On Time,
409570377,90827,27-03-2024 14:57,27-03-2024 15:12,15,3.53,Slightly Delayed,Traffic
5944464513,90827,25-03-2023 16:57,25-03-2023 16:55,-2,4.49,On Time,
7064377287,90827,02-09-2024 07:48,02-09-2024 07:48,0,3.87,On Time,
7763036477,90827,14-08-2024 20:39,14-08-2024 20:34,-5,2.35,On Time,
7494002152,90827,01-05-2024 06:48,01-05-2024 06:44,-4,4.81,On Time,
692127479,90827,09-07-2024 23:27,09-07-2024 23:22,-5,3.54,On Time,
7544245121,90827,26-09-2024 18:11,26-09-2024 18:19,8,0.74,Slightly Delayed,Traffic
4429641190,90827,18-06-2023 06:03,18-06-2023 06:04,1,3.43,On Time,Traffic
8093366865,90827,16-10-2024 12:03,16-10-2024 12:30,27,1.97,Significantly Delayed,Traffic
6269075067,90827,16-11-2023 00:09,16-11-2023 00:06,-3,3.95,On Time,
4056304110,90827,25-11-2023 12:19,25-11-2023 12:37,18,1.37,Significantly Delayed,Traffic
4447978623,90827,21-08-2024 07:12,21-08-2024 07:12,0,4.74,On Time,
5875285677,90827,20-05-2023 10:53,20-05-2023 10:57,4,1.55,On Time,Traffic
4177774653,90827,20-05-2024 10:53,20-05-2024 10:55,2,3.63,On Time,Traffic
502632296,90827,15-05-2024 19:50,15-05-2024 19:53,3,4.42,On Time,Traffic
5037688536,90827,24-02-2024 05:54,24-02-2024 06:22,28,3.96,Significantly Delayed,Traffic
6844277478,90827,28-08-2024 17:16,28-08-2024 17:23,7,4.59,Slightly Delayed,Traffic
3368317718,90827,01-06-2024 00:17,01-06-2024 00:12,-5,4.71,On Time,
913881994,90827,04-08-2024 21:40,04-08-2024 21:41,1,4.43,On Time,Traffic
6445700839,90827,06-03-2024 15:45,06-03-2024 15:48,3,1.13,On Time,Traffic
101613683,90827,29-06-2023 21:03,29-06-2023 20:58,-5,4.08,On Time,
7094586913,90827,01-10-2023 21:05,01-10-2023 21:06,1,4.54,On Time,Traffic
2478557609,90827,15-06-2024 14:59,15-06-2024 15:12,13,1.9,Slightly Delayed,Traffic
9516720368,90827,04-04-2024 20:21,04-04-2024 20:22,1,3.37,On Time,Traffic
3808010352,90827,17-02-2024 02:42,17-02-2024 02:40,-2,1.51,On Time,
7921886899,90827,01-07-2023 03:01,01-07-2023 02:58,-3,3.69,On Time,
6818712547,90827,27-12-2023 06:15,27-12-2023 06:13,-2,2.26,On Time,
4538204462,90827,26-02-2024 18:29,26-02-2024 18:30,1,2.06,On Time,Traffic
2008331630,90827,13-07-2023 00:50,13-07-2023 00:50,0,4.14,On Time,
3901338038,90827,23-08-2024 04:04,23-08-2024 04:06,2,3.21,On Time,Traffic
1483786406,90827,25-03-2023 07:41,25-03-2023 08:09,28,3.36,Significantly Delayed,Traffic
5022936426,90827,18-09-2023 03:46,18-09-2023 03:41,-5,3.99,On Time,
5470875365,90827,31-03-2024 08:21,31-03-2024 08:23,2,0.75,On Time,Traffic
7144611408,90827,18-08-2023 08:39,18-08-2023 08:37,-2,4.62,On Time,
9411421675,90827,24-01-2024 10:39,24-01-2024 10:42,3,4.6,On Time,Traffic
7315949343,90827,17-09-2023 22:50,17-09-2023 22:49,-1,4.42,On Time,
9430475133,90827,25-03-2023 02:04,25-03-2023 02:07,3,3.39,On Time,Traffic
3062145702,90827,21-06-2024 15:09,21-06-2024 15:13,4,2.9,On Time,Traffic
6500458984,90827,08-11-2023 07:28,08-11-2023 07:37,9,1.2,Slightly Delayed,Traffic
7429306851,90827,22-04-2024 04:09,22-04-2024 04:10,1,0.79,On Time,Traffic
2687236003,90827,10-01-2024 21:12,10-01-2024 21:15,3,0.84,On Time,Traffic
1885906938,90827,09-10-2023 04:33,09-10-2023 04:40,7,2.84,Slightly Delayed,Traffic
9949334146,90827,05-08-2024 02:45,05-08-2024 03:09,24,2.71,Significantly Delayed,Traffic
2555454584,90827,12-08-2023 17:34,12-08-2023 17:55,21,1.85,Significantly Delayed,Traffic
2503209946,90827,28-04-2024 11:27,28-04-2024 11:26,-1,1.66,On Time,
2329563439,90827,02-11-2023 23:56,03-11-2023 00:19,23,2.91,Significantly Delayed,Traffic
1041536174,90827,15-06-2023 09:00,15-06-2023 09:12,12,0.92,Slightly Delayed,Traffic
6631188689,90827,28-03-2024 12:32,28-03-2024 12:27,-5,2.62,On Time,
9300178512,90827,25-07-2023 12:55,25-07-2023 12:58,3,0.65,On Time,Traffic
1086881691,90827,10-04-2024 17:37,10-04-2024 17:35,-2,3.75,On Time,
8008880980,90827,18-04-2024 15:48,18-04-2024 15:52,4,2.88,On Time,Traffic
2417680703,90827,11-02-2024 00:48,11-02-2024 01:02,14,2.42,Slightly Delayed,Traffic
1117730990,90827,23-08-2024 20:07,23-08-2024 20:07,0,2.09,On Time,
1678557345,90827,12-05-2024 17:20,12-05-2024 17:20,0,2.56,On Time,
4505129824,90827,14-11-2023 13:13,14-11-2023 13:16,3,1.09,On Time,Traffic
8737295686,90827,11-12-2023 09:28,11-12-2023 09:23,-5,2.36,On Time,
7997347191,90827,11-07-2024 03:48,11-07-2024 04:01,13,3.99,Slightly Delayed,Traffic
1930645698,90827,07-08-2024 13:27,07-08-2024 13:31,4,1.16,On Time,Traffic
5393373590,90827,27-09-2024 17:27,27-09-2024 17:36,9,1.59,Slightly Delayed,Traffic
5851854765,90827,24-11-2023 15:07,24-11-2023 15:16,9,0.88,Slightly Delayed,Traffic
3765179520,90827,23-06-2024 05:04,23-06-2024 05:27,23,0.53,Significantly Delayed,Traffic
683969424,90827,10-08-2023 06:31,10-08-2023 06:42,11,2.51,Slightly Delayed,Traffic
8459624382,90827,22-08-2023 18:27,22-08-2023 18:40,13,1.98,Slightly Delayed,Traffic
7110044004,90827,24-04-2023 14:14,24-04-2023 14:21,7,4.19,Slightly Delayed,Traffic
4302375314,90827,03-03-2024 08:44,03-03-2024 08:49,5,2.12,On Time,Traffic
1245307588,90827,24-04-2023 15:57,24-04-2023 16:07,10,4.48,Slightly Delayed,Traffic
3876260101,90827,11-09-2023 12:59,11-09-2023 12:57,-2,4.2,On Time,
3162263618,90827,27-05-2023 12:52,27-05-2023 12:54,2,1.43,On Time,Traffic
655792395,90827,19-04-2024 23:14,19-04-2024 23:20,6,1.93,Slightly Delayed,Traffic
7624743284,90827,15-08-2023 05:37,15-08-2023 05:44,7,4.86,Slightly Delayed,Traffic
4783962671,90827,09-10-2023 17:59,09-10-2023 18:07,8,0.99,Slightly Delayed,Traffic
7166787473,90827,24-08-2024 06:25,24-08-2024 06:54,29,0.73,Significantly Delayed,Traffic
9395228070,90827,12-09-2024 20:12,12-09-2024 20:11,-1,1.83,On Time,
902157975,90827,12-04-2023 01:14,12-04-2023 01:11,-3,0.52,On Time,
6947741744,90827,10-07-2023 08:17,10-07-2023 08:22,5,4.47,On Time,Traffic
4788498083,90827,17-09-2023 03:09,17-09-2023 03:25,16,3.6,Significantly Delayed,Traffic
8070127087,90827,22-08-2024 06:21,22-08-2024 06:26,5,1.53,On Time,Traffic
5191429552,90827,23-12-2023 17:23,23-12-2023 17:35,12,2.72,Slightly Delayed,Traffic
5220651138,90827,13-03-2024 02:42,13-03-2024 02:39,-3,3.51,On Time,
2758734705,90827,02-08-2023 23:29,02-08-2023 23:31,2,4.23,On Time,Traffic
2907887532,90827,19-11-2023 13:10,19-11-2023 13:09,-1,2,On Time,
7388846009,90827,22-02-2024 09:19,22-02-2024 09:18,-1,4.8,On Time,
2606843929,90827,14-06-2024 14:24,14-06-2024 14:20,-4,2.29,On Time,
5637567433,90827,02-09-2024 01:28,02-09-2024 01:23,-5,0.67,On Time,
8838095431,90827,06-05-2023 11:05,06-05-2023 11:07,2,1.88,On Time,Traffic
1564649286,90827,06-12-2023 04:07,06-12-2023 04:12,5,2.69,On Time,Traffic
4098166849,90827,12-10-2023 00:40,12-10-2023 01:04,24,2.17,Significantly Delayed,Traffic
8091143423,90827,23-11-2023 23:14,23-11-2023 23:17,3,3.33,On Time,Traffic
3024045336,90827,15-04-2024 02:02,15-04-2024 02:06,4,4.13,On Time,Traffic
6152984028,90827,29-08-2023 01:10,29-08-2023 01:16,6,0.7,Slightly Delayed,Traffic
3450790653,90827,27-08-2023 18:29,27-08-2023 18:27,-2,4.66,On Time,
8028917900,90827,18-07-2023 01:06,18-07-2023 01:08,2,0.82,On Time,Traffic
7781884407,90827,11-08-2024 16:12,11-08-2024 16:14,2,1.27,On Time,Traffic
3483689828,90827,28-07-2023 06:59,28-07-2023 06:59,0,0.78,On Time,
8341286014,90827,29-08-2024 15:52,29-08-2024 15:56,4,3.84,On Time,Traffic
7936106887,90827,07-05-2024 15:17,07-05-2024 15:20,3,2.79,On Time,Traffic
2247354978,90827,26-09-2024 10:34,26-09-2024 10:30,-4,1.17,On Time,
5347701114,90827,16-10-2023 18:22,16-10-2023 18:20,-2,3.07,On Time,
7846068436,90827,29-11-2023 13:17,29-11-2023 13:19,2,1.5,On Time,Traffic
9893439302,90827,05-09-2023 20:33,05-09-2023 20:29,-4,2.83,On Time,
4160816433,90827,09-12-2023 12:34,09-12-2023 12:43,9,3.24,Slightly Delayed,Traffic
6000890622,90827,14-09-2024 16:26,14-09-2024 16:23,-3,0.96,On Time,
7317676958,90827,02-07-2023 04:14,02-07-2023 04:25,11,1.65,Slightly Delayed,Traffic
8620144614,90827,10-07-2024 23:13,10-07-2024 23:34,21,1.46,Significantly Delayed,Traffic
3940758882,90827,24-01-2024 04:44,24-01-2024 04:48,4,0.51,On Time,Traffic
5216555041,90827,03-03-2024 23:34,03-03-2024 23:31,-3,1.25,On Time,
5144793312,90827,01-08-2024 00:38,01-08-2024 00:38,0,1.8,On Time,
7241413847,90827,15-04-2023 10:39,15-04-2023 10:34,-5,0.88,On Time,
3567610983,90827,19-08-2023 04:18,19-08-2023 04:35,17,3.18,Significantly Delayed,Traffic
16878685,90827,09-04-2024 02:44,09-04-2024 02:47,3,2.47,On Time,Traffic
951657166,90827,21-04-2024 08:04,21-04-2024 07:59,-5,3.88,On Time,
4189022307,90827,05-05-2024 23:23,05-05-2024 23:24,1,4.08,On Time,Traffic
7378521428,90827,24-04-2024 21:13,24-04-2024 21:11,-2,1.29,On Time,
6266311709,90827,25-06-2024 01:54,25-06-2024 01:56,2,2,On Time,Traffic
7985347262,90827,31-07-2024 08:58,31-07-2024 08:57,-1,4.89,On Time,
992764262,90827,14-11-2023 03:35,14-11-2023 03:33,-2,1.79,On Time,
3080291353,90827,16-08-2024 19:22,16-08-2024 19:25,3,3.38,On Time,Traffic
5532188237,90827,09-06-2024 11:05,09-06-2024 11:01,-4,2.31,On Time,
6814658453,90827,28-09-2023 11:41,28-09-2023 11:37,-4,1.31,On Time,
4861499558,90827,20-03-2024 16:54,20-03-2024 16:55,1,0.96,On Time,Traffic
2521042570,90827,17-05-2024 11:03,17-05-2024 11:01,-2,2.94,On Time,
5217781278,90827,27-06-2023 02:59,27-06-2023 03:13,14,1.31,Slightly Delayed,Traffic
8006034379,90827,03-05-2024 06:32,03-05-2024 06:37,5,4.61,On Time,Traffic
7380913411,90827,07-06-2024 17:32,07-06-2024 17:45,13,4.7,Slightly Delayed,Traffic
7706841114,90827,27-02-2024 03:16,27-02-2024 03:13,-3,3.81,On Time,
1561779937,90827,27-03-2024 22:13,27-03-2024 22:15,2,2.47,On Time,Traffic
7196559586,90827,19-08-2024 11:43,19-08-2024 11:38,-5,1.98,On Time,
2359961993,90827,18-06-2024 09:43,18-06-2024 09:43,0,4.6,On Time,
243819964,90827,03-12-2023 09:42,03-12-2023 09:43,1,2.06,On Time,Traffic
4806735178,90827,12-06-2024 17:14,12-06-2024 17:13,-1,2.31,On Time,
9198762300,90827,02-12-2023 09:15,02-12-2023 09:11,-4,3.76,On Time,
1105231941,90827,20-01-2024 01:20,20-01-2024 01:25,5,4.87,On Time,Traffic
5533955218,90827,20-06-2024 04:37,20-06-2024 04:33,-4,2.46,On Time,
5130246751,90827,08-05-2023 06:20,08-05-2023 06:16,-4,1.46,On Time,
4528445001,90827,19-04-2024 12:53,19-04-2024 13:02,9,1.2,Slightly Delayed,Traffic
9503959018,90827,18-09-2024 10:55,18-09-2024 10:58,3,3.66,On Time,Traffic
4107052604,90827,21-11-2023 11:00,21-11-2023 11:02,2,3.94,On Time,Traffic
5578822558,90827,06-08-2023 18:01,06-08-2023 18:16,15,4,Slightly Delayed,Traffic
5506634472,90827,22-09-2024 18:18,22-09-2024 18:36,18,3.52,Significantly Delayed,Traffic
4112426763,90827,24-09-2024 21:03,24-09-2024 21:00,-3,1.61,On Time,
7157334145,90827,09-10-2023 09:10,09-10-2023 09:08,-2,4.72,On Time,
8423458672,90827,20-03-2023 00:04,20-03-2023 00:09,5,4.24,On Time,Traffic
3011683470,90827,20-03-2023 07:45,20-03-2023 07:50,5,4.3,On Time,Traffic
1884947290,90827,09-09-2023 01:48,09-09-2023 01:51,3,3.5,On Time,Traffic
558163882,90827,11-07-2024 12:00,11-07-2024 12:07,7,1.63,Slightly Delayed,Traffic
824869105,90827,27-08-2024 16:44,27-08-2024 16:41,-3,3.7,On Time,
4193492511,90827,02-10-2023 15:34,02-10-2023 15:33,-1,2.92,On Time,
120996684,90827,02-10-2023 11:35,02-10-2023 11:45,10,0.68,Slightly Delayed,Traffic
2531932780,90827,16-07-2023 12:15,16-07-2023 12:17,2,4.93,On Time,Traffic
8095547865,90827,19-03-2023 13:11,19-03-2023 13:07,-4,3.05,On Time,
6894204435,90827,17-06-2023 18:53,17-06-2023 18:48,-5,3.58,On Time,
9514917126,90827,29-07-2024 08:03,29-07-2024 08:13,10,2.87,Slightly Delayed,Traffic
9329665908,90827,15-07-2023 08:32,15-07-2023 08:34,2,2.69,On Time,Traffic
1435406360,90827,11-12-2023 08:01,11-12-2023 07:58,-3,2.11,On Time,
3460843508,90827,21-10-2023 01:05,21-10-2023 01:04,-1,3.59,On Time,
4762084133,90827,29-09-2024 23:38,29-09-2024 23:43,5,1.36,On Time,Traffic
3884862300,90827,21-02-2024 09:18,21-02-2024 09:25,7,2.84,Slightly Delayed,Traffic
1990946411,90827,16-05-2024 23:15,16-05-2024 23:12,-3,2.44,On Time,
5054937065,90827,24-08-2024 17:11,24-08-2024 17:24,13,1.77,Slightly Delayed,Traffic
9431652023,90827,06-09-2024 22:35,06-09-2024 22:39,4,1.86,On Time,Traffic
2268736598,90827,07-07-2023 08:25,07-07-2023 08:21,-4,1.89,On Time,
2793638565,90827,11-02-2024 08:41,11-02-2024 08:36,-5,4.78,On Time,
4168839407,90827,06-04-2023 00:15,06-04-2023 00:14,-1,3.25,On Time,
7406514357,90827,07-02-2024 14:25,07-02-2024 14:21,-4,1.79,On Time,
6087916798,90827,17-11-2023 16:53,17-11-2023 17:03,10,4.46,Slightly Delayed,Traffic
4319962076,90827,11-01-2024 06:06,11-01-2024 06:25,19,1.55,Significantly Delayed,Traffic
3904134741,90827,02-05-2024 10:19,02-05-2024 10:24,5,1.25,On Time,Traffic
3770123374,90827,19-11-2023 22:03,19-11-2023 22:07,4,0.56,On Time,Traffic
4494390731,90827,28-04-2023 12:31,28-04-2023 12:39,8,4.06,Slightly Delayed,Traffic
6109777696,90827,17-10-2024 20:04,17-10-2024 20:10,6,3.5,Slightly Delayed,Traffic
1401372388,90827,17-04-2023 09:55,17-04-2023 09:54,-1,0.72,On Time,
4283973398,90827,14-09-2023 17:50,14-09-2023 17:52,2,1.41,On Time,Traffic
3261847147,90827,16-09-2023 03:48,16-09-2023 03:56,8,4.8,Slightly Delayed,Traffic
3153811191,90827,08-03-2024 06:16,08-03-2024 06:21,5,4.63,On Time,Traffic
2639216409,90827,10-03-2024 12:00,10-03-2024 12:04,4,4.66,On Time,Traffic
5948575331,90827,09-05-2024 23:12,09-05-2024 23:10,-2,1.46,On Time,
7792925364,90827,23-10-2024 03:06,23-10-2024 03:07,1,0.56,On Time,Traffic
7286478750,90827,13-10-2023 04:13,13-10-2023 04:22,9,3.24,Slightly Delayed,Traffic
9776505630,90827,19-04-2023 03:59,19-04-2023 03:55,-4,4.39,On Time,
4527342708,90827,03-10-2023 13:47,03-10-2023 13:42,-5,2.49,On Time,
1124359689,90827,13-09-2024 05:24,13-09-2024 05:37,13,4.52,Slightly Delayed,Traffic
3717458742,90827,27-08-2023 23:58,28-08-2023 00:04,6,2.14,Slightly Delayed,Traffic
283675535,90827,24-03-2023 17:17,24-03-2023 17:14,-3,2.89,On Time,
6039353394,90827,08-08-2023 15:29,08-08-2023 15:25,-4,2.52,On Time,
6735917931,90827,27-09-2023 12:25,27-09-2023 12:24,-1,4.98,On Time,
5155256671,90827,14-08-2024 01:02,14-08-2024 00:58,-4,2.26,On Time,
3984108726,90827,27-02-2024 18:15,27-02-2024 18:19,4,4.62,On Time,Traffic
2491374111,90827,10-08-2024 05:06,10-08-2024 05:08,2,2.18,On Time,Traffic
2043371805,90827,02-10-2024 07:08,02-10-2024 07:22,14,2.07,Slightly Delayed,Traffic
9657782153,90827,29-02-2024 14:57,29-02-2024 14:53,-4,4.77,On Time,
9237289778,90827,29-05-2024 15:01,29-05-2024 15:06,5,3.13,On Time,Traffic
8917116859,90827,05-07-2024 23:53,05-07-2024 23:54,1,3.89,On Time,Traffic
720578658,90827,02-06-2024 09:10,02-06-2024 09:06,-4,1.2,On Time,
9122210530,90827,18-01-2024 04:39,18-01-2024 05:03,24,3.74,Significantly Delayed,Traffic
3540524256,90827,22-10-2023 09:31,22-10-2023 09:36,5,0.88,On Time,Traffic
1909520255,90827,23-05-2023 11:00,23-05-2023 11:17,17,4.88,Significantly Delayed,Traffic
8022279737,90827,08-09-2024 14:13,08-09-2024 14:11,-2,1.02,On Time,
7381549355,90827,28-09-2023 13:30,28-09-2023 13:35,5,4.76,On Time,Traffic
3998829973,90827,10-10-2023 01:26,10-10-2023 01:46,20,3.21,Significantly Delayed,Traffic
2895464675,90827,20-04-2023 10:28,20-04-2023 10:40,12,4.48,Slightly Delayed,Traffic
3971098657,90827,26-05-2024 03:04,26-05-2024 03:06,2,1.28,On Time,Traffic
5278249111,90827,01-03-2024 21:45,01-03-2024 22:08,23,0.51,Significantly Delayed,Traffic
9810576443,90827,01-11-2023 13:20,01-11-2023 13:24,4,4.19,On Time,Traffic
4128844410,90827,20-07-2023 17:36,20-07-2023 17:37,1,2.47,On Time,Traffic
6103869123,90827,06-06-2023 14:37,06-06-2023 14:37,0,3.31,On Time,
6595041423,90827,23-07-2024 11:06,23-07-2024 11:04,-2,3.32,On Time,
3991011923,90827,07-02-2024 09:21,07-02-2024 09:21,0,4.32,On Time,
5275440923,90827,21-03-2023 05:06,21-03-2023 05:20,14,4.23,Slightly Delayed,Traffic
6468633344,90827,23-02-2024 06:43,23-02-2024 06:40,-3,4.28,On Time,
9992859795,90827,12-11-2023 20:17,12-11-2023 20:30,13,1.55,Slightly Delayed,Traffic
7518488485,90827,26-04-2023 10:41,26-04-2023 10:46,5,4.45,On Time,Traffic
9746950023,90827,02-11-2023 06:39,02-11-2023 06:36,-3,2.54,On Time,
2721433550,90827,07-06-2023 14:28,07-06-2023 14:29,1,3.28,On Time,Traffic
6131680348,90827,19-07-2024 22:17,19-07-2024 22:18,1,1.27,On Time,Traffic
2281544500,90827,09-06-2023 10:26,09-06-2023 10:28,2,1.53,On Time,Traffic
4283802879,90827,10-05-2023 15:37,10-05-2023 15:32,-5,0.56,On Time,
8621732366,90827,05-09-2023 18:46,05-09-2023 18:50,4,2.97,On Time,Traffic
3797679856,90827,10-12-2023 05:27,10-12-2023 05:27,0,4.15,On Time,
8532100929,90827,06-11-2023 15:34,06-11-2023 15:39,5,1.36,On Time,Traffic
2973976544,90827,19-09-2024 17:30,19-09-2024 17:35,5,0.65,On Time,Traffic
814260962,90827,14-09-2023 16:26,14-09-2023 16:24,-2,3.56,On Time,
9411848231,90827,15-05-2024 21:51,15-05-2024 22:06,15,2.38,Slightly Delayed,Traffic
6637284724,90827,08-09-2023 10:44,08-09-2023 10:46,2,3.05,On Time,Traffic
6497594124,90827,24-10-2024 17:53,24-10-2024 17:58,5,2.57,On Time,Traffic
7213146086,90827,23-03-2023 20:21,23-03-2023 20:16,-5,3.21,On Time,
5110274761,90827,23-05-2024 03:15,23-05-2024 03:16,1,2.01,On Time,Traffic
1112110363,90827,20-01-2024 22:36,20-01-2024 22:44,8,2.43,Slightly Delayed,Traffic
1209202931,90827,27-06-2023 00:24,27-06-2023 00:26,2,4.29,On Time,Traffic
6384745391,90827,17-08-2024 16:05,17-08-2024 16:12,7,3.35,Slightly Delayed,Traffic
3367452972,90827,31-08-2024 14:22,31-08-2024 14:38,16,3.62,Significantly Delayed,Traffic
2317597587,90827,17-06-2024 00:42,17-06-2024 00:40,-2,4.65,On Time,
2254884198,90827,01-07-2023 02:19,01-07-2023 02:23,4,3.67,On Time,Traffic
679196318,90827,19-08-2024 23:03,19-08-2024 23:00,-3,2.17,On Time,
2185319815,90827,02-03-2024 20:56,02-03-2024 20:59,3,4.84,On Time,Traffic
5965281449,90827,26-06-2023 17:51,26-06-2023 17:53,2,2.03,On Time,Traffic
8616726869,90827,10-01-2024 22:21,10-01-2024 22:46,25,3.04,Significantly Delayed,Traffic
4786027510,90827,30-09-2024 12:33,30-09-2024 12:28,-5,1.63,On Time,
4910445344,90827,18-05-2024 09:11,18-05-2024 09:08,-3,3.9,On Time,
7629577899,90827,14-12-2023 15:53,14-12-2023 16:02,9,4.06,Slightly Delayed,Traffic
4769055037,90827,10-08-2023 21:31,10-08-2023 21:46,15,1.95,Slightly Delayed,Traffic
8476029654,90827,17-11-2023 09:14,17-11-2023 09:19,5,1.46,On Time,Traffic
7809866112,90827,11-07-2024 09:41,11-07-2024 09:54,13,1.63,Slightly Delayed,Traffic
5453896364,90827,24-06-2023 00:43,24-06-2023 00:45,2,3.73,On Time,Traffic
9080432189,90827,27-08-2024 19:58,27-08-2024 20:02,4,2.76,On Time,Traffic
3079758919,90827,22-08-2024 16:14,22-08-2024 16:13,-1,0.68,On Time,
4076039325,90827,12-08-2024 19:45,12-08-2024 19:56,11,2.5,Slightly Delayed,Traffic
9239241275,90827,07-02-2024 03:34,07-02-2024 03:32,-2,3.42,On Time,
4864829217,90827,19-09-2023 05:23,19-09-2023 05:20,-3,3.51,On Time,
5108704843,90827,04-04-2024 15:04,04-04-2024 15:09,5,1.51,On Time,Traffic
8049805410,90827,27-09-2024 18:45,27-09-2024 19:11,26,2.86,Significantly Delayed,Traffic
4711642504,90827,15-08-2024 13:39,15-08-2024 13:44,5,2.72,On Time,Traffic
8952094523,90827,14-11-2023 18:30,14-11-2023 18:41,11,2.81,Slightly Delayed,Traffic
4285784267,90827,15-04-2024 18:58,15-04-2024 18:56,-2,4.13,On Time,
7494670835,90827,18-01-2024 00:42,18-01-2024 00:45,3,1.24,On Time,Traffic
7667090453,90827,23-06-2023 23:49,23-06-2023 23:50,1,3.63,On Time,Traffic
2193572534,90827,26-03-2023 08:05,26-03-2023 08:33,28,1.4,Significantly Delayed,Traffic
5357089776,90827,30-09-2024 23:53,30-09-2024 23:55,2,2.27,On Time,Traffic
1191016829,90827,27-06-2023 20:36,27-06-2023 20:50,14,2.36,Slightly Delayed,Traffic
549484032,90827,13-04-2023 08:40,13-04-2023 08:42,2,4.35,On Time,Traffic
8164076900,90827,18-06-2023 00:23,18-06-2023 00:31,8,4.54,Slightly Delayed,Traffic
7136165651,90827,30-09-2024 13:07,30-09-2024 13:10,3,1.49,On Time,Traffic
5368349643,90827,22-05-2023 09:21,22-05-2023 09:49,28,4.54,Significantly Delayed,Traffic
6965901435,90827,16-10-2024 15:58,16-10-2024 15:55,-3,0.86,On Time,
6687307827,90827,19-04-2023 14:26,19-04-2023 14:31,5,3.74,On Time,Traffic
475294138,90827,29-12-2023 17:45,29-12-2023 17:46,1,1.52,On Time,Traffic
9047534059,90827,08-12-2023 14:21,08-12-2023 14:25,4,4.65,On Time,Traffic
2807487047,90827,03-11-2024 13:41,03-11-2024 13:43,2,3.8,On Time,Traffic
5840148195,90827,22-01-2024 10:16,22-01-2024 10:15,-1,3.64,On Time,
3758135932,90827,25-08-2023 01:17,25-08-2023 01:20,3,3.72,On Time,Traffic
1978476136,90827,22-06-2024 20:29,22-06-2024 20:30,1,1.43,On Time,Traffic
423648434,90827,30-10-2024 15:43,30-10-2024 15:45,2,0.82,On Time,Traffic
7201868330,90827,20-02-2024 21:11,20-02-2024 21:10,-1,1.86,On Time,
9710106935,90827,17-04-2023 15:57,17-04-2023 16:08,11,1.71,Slightly Delayed,Traffic
4432235479,90827,27-09-2024 17:17,27-09-2024 17:18,1,4.67,On Time,Traffic
6951956244,90827,30-10-2023 01:27,30-10-2023 01:27,0,2.61,On Time,
378485826,90827,27-03-2024 12:15,27-03-2024 12:15,0,1.95,On Time,
8982211913,90827,19-09-2024 18:14,19-09-2024 18:15,1,2.32,On Time,Traffic
6487868576,90827,25-10-2023 03:23,25-10-2023 03:35,12,4.82,Slightly Delayed,Traffic
2973502797,90827,02-06-2024 03:39,02-06-2024 03:41,2,2.06,On Time,Traffic
4105022903,90827,20-08-2023 19:19,20-08-2023 19:20,1,3.99,On Time,Traffic
3668828731,90827,10-08-2024 04:07,10-08-2024 04:03,-4,0.97,On Time,
8644734267,90827,12-10-2023 07:25,12-10-2023 07:20,-5,4.4,On Time,
3757871565,90827,10-08-2023 07:37,10-08-2023 07:32,-5,1.19,On Time,
5770510806,90827,23-01-2024 09:05,23-01-2024 09:16,11,1.72,Slightly Delayed,Traffic
4514836077,90827,10-06-2023 10:27,10-06-2023 10:41,14,1.31,Slightly Delayed,Traffic
5927852227,90827,12-04-2024 06:20,12-04-2024 06:18,-2,0.57,On Time,
350719542,90827,06-10-2024 07:17,06-10-2024 07:14,-3,3.02,On Time,
868288823,90827,06-03-2024 19:17,06-03-2024 19:27,10,1.4,Slightly Delayed,Traffic
7199670826,90827,17-01-2024 10:41,17-01-2024 11:08,27,3.65,Significantly Delayed,Traffic
3091948113,90827,13-02-2024 10:08,13-02-2024 10:22,14,3.86,Slightly Delayed,Traffic
5793742966,90827,04-01-2024 18:29,04-01-2024 18:34,5,0.78,On Time,Traffic
7347109009,90827,24-09-2023 19:42,24-09-2023 19:51,9,3.04,Slightly Delayed,Traffic
7078912146,90827,18-09-2023 11:49,18-09-2023 11:44,-5,4.11,On Time,
2480856222,90827,08-11-2023 16:38,08-11-2023 16:41,3,0.56,On Time,Traffic
281421547,90827,20-05-2023 20:22,20-05-2023 20:20,-2,1.58,On Time,
5226963306,90827,23-06-2024 07:02,23-06-2024 07:03,1,4.02,On Time,Traffic
7316642056,90827,10-02-2024 00:23,10-02-2024 00:31,8,2.16,Slightly Delayed,Traffic
8997415290,90827,14-08-2024 17:19,14-08-2024 17:40,21,2.44,Significantly Delayed,Traffic
6737025662,90827,28-03-2023 07:00,28-03-2023 07:01,1,3.17,On Time,Traffic
8395290763,90827,31-05-2024 19:15,31-05-2024 19:39,24,0.99,Significantly Delayed,Traffic
7261119579,90827,06-07-2024 06:38,06-07-2024 06:37,-1,0.96,On Time,
9938037878,90827,29-10-2024 11:44,29-10-2024 11:56,12,4.26,Slightly Delayed,Traffic
7154987905,90827,06-10-2024 02:52,06-10-2024 03:13,21,2.82,Significantly Delayed,Traffic
3605534244,94641,17-01-2024 12:28,17-01-2024 12:30,2,1.16,On Time,Traffic
5626601040,79158,26-02-2024 23:48,26-02-2024 23:57,9,4.46,Slightly Delayed,Traffic
2577064886,98272,07-06-2024 04:51,07-06-2024 04:53,2,3.15,On Time,Traffic
2561362173,26727,30-05-2023 07:58,30-05-2023 07:59,1,1.8,On Time,Traffic
2793120553,7048,24-06-2023 11:10,24-06-2023 11:11,1,4.94,On Time,Traffic
4476563699,60652,11-09-2023 02:47,11-09-2023 03:13,26,4.52,Significantly Delayed,Traffic
1580021952,42125,24-10-2024 14:36,24-10-2024 14:32,-4,2.93,On Time,
7263454149,73299,14-10-2023 01:51,14-10-2023 01:50,-1,0.97,On Time,
4371924002,73299,21-10-2024 13:32,21-10-2024 13:46,14,1.67,Slightly Delayed,Traffic
2955277471,73299,06-12-2023 13:15,06-12-2023 13:35,20,4.24,Significantly Delayed,Traffic
9445490338,73299,23-05-2023 23:07,23-05-2023 23:18,11,4.49,Slightly Delayed,Traffic
2668915104,73299,01-12-2023 20:44,01-12-2023 20:49,5,1.88,On Time,Traffic
1045621584,73299,19-12-2023 00:57,19-12-2023 01:20,23,0.92,Significantly Delayed,Traffic
4550545705,73299,21-06-2024 04:59,21-06-2024 05:04,5,1.82,On Time,Traffic
3373390154,73299,24-07-2024 09:18,24-07-2024 09:20,2,4.51,On Time,Traffic
5142985961,73299,07-02-2024 03:08,07-02-2024 03:10,2,2.28,On Time,Traffic
649220272,73299,23-09-2023 15:25,23-09-2023 15:24,-1,1.58,On Time,
5023958886,73299,24-09-2024 05:58,24-09-2024 06:09,11,0.74,Slightly Delayed,Traffic
9993542681,73299,23-05-2023 04:26,23-05-2023 04:41,15,4.21,Slightly Delayed,Traffic
4380367305,73299,08-04-2024 13:52,08-04-2024 13:55,3,3.66,On Time,Traffic
3626113485,73299,26-03-2024 01:51,26-03-2024 01:47,-4,3.77,On Time,
4399099668,73299,18-06-2023 17:29,18-06-2023 17:42,13,1.42,Slightly Delayed,Traffic
3760880745,73299,13-10-2024 22:15,13-10-2024 22:23,8,2.14,Slightly Delayed,Traffic
1803155516,73299,21-06-2023 01:51,21-06-2023 01:49,-2,2.72,On Time,
4413782983,73299,01-06-2023 18:31,01-06-2023 18:34,3,1.37,On Time,Traffic
6766424456,73299,10-04-2024 06:06,10-04-2024 06:11,5,3.12,On Time,Traffic
8701531535,73299,03-09-2024 00:10,03-09-2024 00:20,10,3.77,Slightly Delayed,Traffic
3961971562,73299,19-04-2024 19:55,19-04-2024 19:51,-4,3.58,On Time,
1337510774,73299,19-07-2024 12:57,19-07-2024 12:56,-1,0.76,On Time,
8859147707,73299,29-03-2024 22:03,29-03-2024 22:17,14,1.12,Slightly Delayed,Traffic
5850669672,73299,10-06-2023 09:01,10-06-2023 09:03,2,3.37,On Time,Traffic
1183906926,73299,29-12-2023 20:35,29-12-2023 20:46,11,1.57,Slightly Delayed,Traffic
6277509652,73299,31-10-2024 08:37,31-10-2024 09:00,23,2.61,Significantly Delayed,Traffic
72748189,73299,18-06-2023 06:47,18-06-2023 07:06,19,1.64,Significantly Delayed,Traffic
3164922639,73299,05-05-2024 23:18,05-05-2024 23:13,-5,0.86,On Time,
1768504415,73299,15-09-2023 19:59,15-09-2023 19:55,-4,3.46,On Time,
8173155169,73299,06-01-2024 15:05,06-01-2024 15:16,11,2.26,Slightly Delayed,Traffic
6164820061,73299,26-05-2023 23:18,26-05-2023 23:15,-3,0.58,On Time,
768283559,73299,09-02-2024 01:59,09-02-2024 01:57,-2,0.81,On Time,
5091744424,73299,15-11-2023 22:06,15-11-2023 22:22,16,2.34,Significantly Delayed,Traffic
932482893,73299,24-07-2024 23:12,24-07-2024 23:08,-4,2.93,On Time,
4588148640,73299,19-03-2023 19:27,19-03-2023 19:24,-3,4.87,On Time,
8120457107,73299,27-01-2024 19:02,27-01-2024 19:05,3,4.84,On Time,Traffic
6107471725,73299,26-08-2023 07:49,26-08-2023 07:53,4,3.63,On Time,Traffic
7001417958,73299,28-03-2024 04:03,28-03-2024 04:05,2,3.14,On Time,Traffic
7983443604,73299,18-01-2024 15:29,18-01-2024 15:31,2,4.46,On Time,Traffic
3057907418,73299,04-04-2024 22:59,04-04-2024 22:58,-1,0.84,On Time,
3312147996,73299,06-06-2024 06:52,06-06-2024 07:06,14,2.1,Slightly Delayed,Traffic
6822269883,73299,15-01-2024 07:44,15-01-2024 07:43,-1,1.99,On Time,
5004539711,73299,28-07-2023 00:10,28-07-2023 00:16,6,3.8,Slightly Delayed,Traffic
2426015858,73299,03-06-2024 00:36,03-06-2024 00:46,10,0.75,Slightly Delayed,Traffic
4415332793,73299,25-04-2024 00:16,25-04-2024 00:21,5,0.56,On Time,Traffic
1256813796,73299,09-05-2024 02:01,09-05-2024 02:02,1,1.78,On Time,Traffic
633633688,73299,04-09-2023 11:38,04-09-2023 11:47,9,0.56,Slightly Delayed,Traffic
8311814996,73299,09-09-2023 13:21,09-09-2023 13:34,13,1.32,Slightly Delayed,Traffic
1441735184,73299,31-10-2024 15:20,31-10-2024 15:25,5,2.86,On Time,Traffic
1525742840,73299,24-06-2024 12:29,24-06-2024 12:24,-5,3.19,On Time,
1947080315,73299,09-10-2023 16:35,09-10-2023 16:50,15,4.8,Slightly Delayed,Traffic
5682081545,73299,11-07-2024 16:23,11-07-2024 16:26,3,3.82,On Time,Traffic
8100817128,73299,01-04-2023 22:19,01-04-2023 22:31,12,4.58,Slightly Delayed,Traffic
6051792089,73299,23-07-2024 22:07,23-07-2024 22:09,2,4.95,On Time,Traffic
1158173915,73299,13-08-2023 01:42,13-08-2023 02:08,26,2.95,Significantly Delayed,Traffic
266072469,73299,02-08-2023 11:23,02-08-2023 11:36,13,1.84,Slightly Delayed,Traffic
2529883737,73299,10-08-2023 20:50,10-08-2023 20:47,-3,2.12,On Time,
9090089969,73299,02-08-2023 21:25,02-08-2023 21:33,8,1.53,Slightly Delayed,Traffic
7102272749,73299,09-04-2024 16:33,09-04-2024 16:36,3,1.68,On Time,Traffic
4948925080,73299,27-04-2023 12:54,27-04-2023 12:50,-4,3.58,On Time,
9463013186,73299,29-06-2023 17:38,29-06-2023 17:36,-2,4.55,On Time,
5581013292,73299,17-09-2024 19:14,17-09-2024 19:29,15,0.55,Slightly Delayed,Traffic
7009619835,73299,28-10-2024 06:36,28-10-2024 06:35,-1,1.39,On Time,
9177283950,73299,25-08-2023 00:14,25-08-2023 00:24,10,3.56,Slightly Delayed,Traffic
9359187866,73299,18-12-2023 09:43,18-12-2023 09:56,13,4.37,Slightly Delayed,Traffic
1524480475,73299,23-06-2024 21:13,23-06-2024 21:31,18,3.15,Significantly Delayed,Traffic
3829990099,73299,05-02-2024 18:49,05-02-2024 18:45,-4,0.58,On Time,
1058609445,73299,09-07-2024 19:14,09-07-2024 19:10,-4,4.14,On Time,
1022764286,73299,21-04-2024 14:46,21-04-2024 14:42,-4,0.55,On Time,
1913299658,73299,25-12-2023 13:19,25-12-2023 13:20,1,2.28,On Time,Traffic
5305443623,73299,13-01-2024 12:18,13-01-2024 12:14,-4,1.82,On Time,
4074369199,73299,19-06-2024 03:37,19-06-2024 03:39,2,2.09,On Time,Traffic
9966404015,73299,10-08-2023 12:09,10-08-2023 12:07,-2,1.18,On Time,
3192917514,73299,10-05-2024 09:18,10-05-2024 09:22,4,2.35,On Time,Traffic
1256718210,73299,24-05-2023 22:46,24-05-2023 22:56,10,3.15,Slightly Delayed,Traffic
6067839426,73299,24-08-2023 08:23,24-08-2023 08:22,-1,2.57,On Time,
2254923956,73299,19-08-2024 19:12,19-08-2024 19:35,23,0.52,Significantly Delayed,Traffic
7367673526,73299,01-05-2024 09:18,01-05-2024 09:20,2,1.77,On Time,Traffic
9467422683,73299,21-09-2023 00:11,21-09-2023 00:10,-1,2.96,On Time,
819853692,73299,04-07-2024 17:40,04-07-2024 17:35,-5,2.08,On Time,
3070834475,73299,03-10-2024 14:39,03-10-2024 14:44,5,0.72,On Time,Traffic
3620552357,73299,19-06-2024 03:05,19-06-2024 03:05,0,3.16,On Time,
5938542755,73299,31-07-2023 17:18,31-07-2023 17:14,-4,3.7,On Time,
9315535975,73299,16-11-2023 10:30,16-11-2023 10:57,27,1.92,Significantly Delayed,Traffic
3547873471,73299,08-10-2024 04:30,08-10-2024 04:35,5,2.93,On Time,Traffic
6546999829,73299,06-10-2023 18:15,06-10-2023 18:18,3,4.74,On Time,Traffic
9039495201,73299,27-03-2024 20:14,27-03-2024 20:09,-5,1.48,On Time,
99708985,73299,19-11-2023 04:46,19-11-2023 04:55,9,3.32,Slightly Delayed,Traffic
6312811061,73299,31-08-2024 14:03,31-08-2024 14:17,14,1.32,Slightly Delayed,Traffic
3915885220,73299,21-06-2024 10:53,21-06-2024 10:57,4,1.53,On Time,Traffic
6654736751,73299,25-04-2023 00:16,25-04-2023 00:12,-4,2.57,On Time,
841915361,73299,31-10-2024 19:17,31-10-2024 19:13,-4,4.98,On Time,
2543233800,73299,23-09-2023 17:31,23-09-2023 17:43,12,4.12,Slightly Delayed,Traffic
5271947935,73299,26-08-2024 23:22,26-08-2024 23:18,-4,2.41,On Time,
6339554317,73299,14-06-2023 01:09,14-06-2023 01:05,-4,4.17,On Time,
1840475676,73299,27-05-2024 03:55,27-05-2024 03:55,0,4.68,On Time,
6812031667,73299,12-12-2023 14:44,12-12-2023 14:47,3,3.86,On Time,Traffic
3031698482,73299,11-10-2024 07:34,11-10-2024 07:38,4,0.57,On Time,Traffic
7902025520,73299,02-01-2024 21:40,02-01-2024 21:46,6,3.29,Slightly Delayed,Traffic
1969446314,73299,05-09-2023 20:05,05-09-2023 20:09,4,4.35,On Time,Traffic
9949497098,73299,28-10-2024 22:31,28-10-2024 22:40,9,0.98,Slightly Delayed,Traffic
4572338018,73299,04-05-2023 11:00,04-05-2023 11:07,7,1.84,Slightly Delayed,Traffic
2964153358,73299,12-06-2023 00:42,12-06-2023 00:37,-5,1.46,On Time,
7642038633,73299,10-03-2024 11:50,10-03-2024 12:20,30,4.66,Significantly Delayed,Traffic
8208980848,73299,21-02-2024 23:57,21-02-2024 23:53,-4,3.18,On Time,
3343789681,73299,27-05-2023 21:57,27-05-2023 22:22,25,3.43,Significantly Delayed,Traffic
9478305481,73299,02-02-2024 04:12,02-02-2024 04:27,15,0.51,Slightly Delayed,Traffic
3475260976,73299,26-03-2023 19:09,26-03-2023 19:22,13,4.22,Slightly Delayed,Traffic
3665443705,73299,09-08-2024 13:30,09-08-2024 13:42,12,1.7,Slightly Delayed,Traffic
673592541,73299,05-04-2024 00:35,05-04-2024 00:35,0,3.39,On Time,
8074949320,73299,17-08-2023 13:35,17-08-2023 13:32,-3,2.17,On Time,
8056021378,73299,04-11-2023 22:32,04-11-2023 22:43,11,1.29,Slightly Delayed,Traffic
2331582000,73299,16-03-2024 09:38,16-03-2024 09:35,-3,1.51,On Time,
5844776722,73299,10-01-2024 12:17,10-01-2024 12:18,1,2.1,On Time,Traffic
8426465860,73299,29-02-2024 23:32,29-02-2024 23:27,-5,4.2,On Time,
9057555029,73299,02-02-2024 19:30,02-02-2024 19:36,6,2.9,Slightly Delayed,Traffic
2210486526,73299,13-12-2023 17:41,13-12-2023 17:41,0,3.8,On Time,
6421432903,73299,30-01-2024 17:47,30-01-2024 17:49,2,2.92,On Time,Traffic
3562901354,73299,06-05-2024 21:07,06-05-2024 21:07,0,4.33,On Time,
8194268842,73299,15-08-2024 08:08,15-08-2024 08:13,5,0.7,On Time,Traffic
7524467684,73299,25-04-2023 00:51,25-04-2023 00:50,-1,0.79,On Time,
1254195766,73299,21-12-2023 05:08,21-12-2023 05:06,-2,1.55,On Time,
6476646153,73299,06-10-2024 02:38,06-10-2024 02:47,9,1.3,Slightly Delayed,Traffic
8278568103,73299,06-08-2024 01:19,06-08-2024 01:16,-3,2.32,On Time,
8589621333,73299,01-10-2023 14:00,01-10-2023 13:57,-3,0.97,On Time,
8531683720,73299,25-10-2024 06:39,25-10-2024 06:43,4,3.67,On Time,Traffic
327291657,73299,15-07-2024 04:48,15-07-2024 04:44,-4,3.94,On Time,
6159164139,73299,06-04-2024 06:17,06-04-2024 06:22,5,2.49,On Time,Traffic
8029863164,73299,22-10-2023 16:17,22-10-2023 16:15,-2,3.57,On Time,
9387824629,73299,30-12-2023 18:30,30-12-2023 18:47,17,2.16,Significantly Delayed,Traffic
3289836195,73299,29-05-2024 02:48,29-05-2024 03:10,22,3.3,Significantly Delayed,Traffic
5001931575,73299,28-10-2024 20:14,28-10-2024 20:33,19,0.79,Significantly Delayed,Traffic
7258292820,73299,13-08-2023 22:22,13-08-2023 22:47,25,4.06,Significantly Delayed,Traffic
4924862857,73299,08-08-2023 17:14,08-08-2023 17:29,15,0.93,Slightly Delayed,Traffic
8666314034,73299,21-04-2023 19:14,21-04-2023 19:17,3,2.06,On Time,Traffic
6775326324,73299,17-06-2023 02:13,17-06-2023 02:21,8,2.08,Slightly Delayed,Traffic
6092636899,73299,26-10-2024 02:18,26-10-2024 02:19,1,1.85,On Time,Traffic
4115558056,73299,17-04-2024 02:49,17-04-2024 02:49,0,4.64,On Time,
2352136184,73299,21-11-2023 22:13,21-11-2023 22:37,24,3.87,Significantly Delayed,Traffic
1706445141,73299,11-03-2024 19:13,11-03-2024 19:22,9,3.29,Slightly Delayed,Traffic
9000165912,73299,20-08-2023 08:34,20-08-2023 08:57,23,0.75,Significantly Delayed,Traffic
7457305850,73299,08-12-2023 12:16,08-12-2023 12:21,5,0.78,On Time,Traffic
9685973820,73299,20-04-2024 03:36,20-04-2024 03:48,12,4.87,Slightly Delayed,Traffic
168067196,73299,16-07-2024 13:30,16-07-2024 13:35,5,2.65,On Time,Traffic
6105240201,73299,22-05-2024 23:40,22-05-2024 23:48,8,2.23,Slightly Delayed,Traffic
1888247163,73299,09-02-2024 11:49,09-02-2024 11:48,-1,1.35,On Time,
7145162326,73299,23-06-2023 22:41,23-06-2023 22:51,10,4.58,Slightly Delayed,Traffic
7611231659,73299,22-09-2023 12:21,22-09-2023 12:46,25,3.53,Significantly Delayed,Traffic
4508784747,73299,11-03-2024 01:58,11-03-2024 02:10,12,2.15,Slightly Delayed,Traffic
2567590825,73299,10-10-2023 20:19,10-10-2023 20:19,0,1.04,On Time,
9255982861,73299,17-10-2024 05:12,17-10-2024 05:17,5,3.98,On Time,Traffic
4102063254,73299,13-01-2024 12:44,13-01-2024 13:06,22,3.26,Significantly Delayed,Traffic
7373931740,73299,27-08-2024 00:22,27-08-2024 00:24,2,2.53,On Time,Traffic
5682816404,73299,10-07-2023 15:11,10-07-2023 15:15,4,2.61,On Time,Traffic
544018743,73299,31-03-2024 14:32,31-03-2024 14:38,6,3.05,Slightly Delayed,Traffic
3292929952,73299,10-09-2024 06:54,10-09-2024 07:05,11,3.13,Slightly Delayed,Traffic
9144790321,73299,17-04-2023 16:33,17-04-2023 16:48,15,1.54,Slightly Delayed,Traffic
9075991438,73299,21-06-2023 23:26,21-06-2023 23:27,1,2.31,On Time,Traffic
3634813810,73299,12-08-2024 05:18,12-08-2024 05:45,27,4.53,Significantly Delayed,Traffic
8250406975,73299,07-12-2023 11:22,07-12-2023 11:21,-1,4.77,On Time,
5877618756,73299,07-07-2023 11:24,07-07-2023 11:20,-4,3.29,On Time,
2419292139,73299,31-05-2024 22:50,31-05-2024 23:01,11,4.34,Slightly Delayed,Traffic
9547123332,73299,07-06-2023 13:58,07-06-2023 13:54,-4,1.9,On Time,
6968636396,73299,02-04-2024 19:50,02-04-2024 19:48,-2,4.28,On Time,
5247557644,73299,20-05-2023 08:27,20-05-2023 08:25,-2,4.88,On Time,
7731193394,73299,15-10-2024 13:16,15-10-2024 13:43,27,2.35,Significantly Delayed,Traffic
6048321120,73299,25-07-2024 10:59,25-07-2024 11:07,8,4.49,Slightly Delayed,Traffic
8494582006,73299,04-05-2023 16:07,04-05-2023 16:04,-3,1.97,On Time,
5600781757,73299,18-06-2023 10:32,18-06-2023 10:31,-1,4.6,On Time,
495091707,73299,16-09-2024 01:27,16-09-2024 01:39,12,4.94,Slightly Delayed,Traffic
3239613823,73299,18-04-2024 16:36,18-04-2024 16:37,1,3.19,On Time,Traffic
3643352219,73299,15-09-2023 09:53,15-09-2023 09:50,-3,4.43,On Time,
2051599638,73299,22-04-2023 10:55,22-04-2023 11:11,16,1.59,Significantly Delayed,Traffic
3514859549,73299,21-12-2023 14:45,21-12-2023 14:42,-3,3.69,On Time,
3907599008,73299,12-12-2023 01:08,12-12-2023 01:08,0,0.79,On Time,
1534993603,73299,07-01-2024 00:25,07-01-2024 00:20,-5,1.96,On Time,
8980701254,73299,12-05-2024 15:17,12-05-2024 15:25,8,3.18,Slightly Delayed,Traffic
6695408903,73299,24-05-2023 13:56,24-05-2023 14:08,12,1.18,Slightly Delayed,Traffic
3268455899,73299,16-09-2023 17:26,16-09-2023 17:26,0,1.82,On Time,
7809161755,73299,10-04-2023 16:32,10-04-2023 16:34,2,4.72,On Time,Traffic
8873697539,73299,14-02-2024 05:33,14-02-2024 05:34,1,1.04,On Time,Traffic
8603941640,73299,06-01-2024 08:16,06-01-2024 08:12,-4,4.57,On Time,
8308184279,73299,19-06-2023 08:21,19-06-2023 08:26,5,2.24,On Time,Traffic
7572826287,73299,23-04-2023 12:06,23-04-2023 12:04,-2,0.87,On Time,
7478396641,73299,05-12-2023 14:12,05-12-2023 14:24,12,3.92,Slightly Delayed,Traffic
3569283921,73299,27-10-2023 07:34,27-10-2023 07:33,-1,3.68,On Time,
9947619677,73299,20-08-2024 20:50,20-08-2024 20:46,-4,2.12,On Time,
5396237918,73299,31-01-2024 20:17,31-01-2024 20:22,5,4.88,On Time,Traffic
455878765,73299,06-07-2024 04:25,06-07-2024 04:26,1,1.66,On Time,Traffic
2079195080,73299,30-03-2024 02:52,30-03-2024 02:50,-2,2.75,On Time,
6104211214,73299,21-07-2024 02:44,21-07-2024 02:46,2,2.14,On Time,Traffic
9442939134,73299,24-08-2024 11:52,24-08-2024 11:47,-5,0.71,On Time,
3317293496,73299,13-02-2024 09:03,13-02-2024 09:00,-3,0.98,On Time,
8243326501,73299,21-01-2024 11:35,21-01-2024 11:36,1,2.33,On Time,Traffic
4109483569,73299,10-03-2024 19:01,10-03-2024 19:10,9,4.29,Slightly Delayed,Traffic
5390352336,73299,15-07-2024 04:47,15-07-2024 04:49,2,1.24,On Time,Traffic
2581584982,73299,20-10-2023 02:26,20-10-2023 02:27,1,2.11,On Time,Traffic
1668737869,73299,24-03-2023 00:00,23-03-2023 23:57,-3,0.92,On Time,
5046906329,73299,07-08-2023 08:00,07-08-2023 08:03,3,3.21,On Time,Traffic
2536833157,73299,08-05-2023 04:58,08-05-2023 04:56,-2,1.72,On Time,
9176170352,73299,03-11-2023 09:06,03-11-2023 09:06,0,3.69,On Time,
833930925,73299,10-01-2024 16:44,10-01-2024 16:40,-4,0.69,On Time,
8515226099,73299,21-08-2023 17:27,21-08-2023 17:25,-2,1.59,On Time,
2023020278,73299,14-06-2023 10:24,14-06-2023 10:37,13,2.68,Slightly Delayed,Traffic
2840526544,73299,28-03-2023 07:36,28-03-2023 07:38,2,3.86,On Time,Traffic
7267422945,73299,03-05-2023 12:29,03-05-2023 12:25,-4,1.87,On Time,
9400777426,73299,17-11-2023 00:31,17-11-2023 00:39,8,4.32,Slightly Delayed,Traffic
3298603544,73299,15-06-2023 23:54,16-06-2023 00:16,22,1.48,Significantly Delayed,Traffic
4479973293,73299,11-09-2024 19:11,11-09-2024 19:15,4,4,On Time,Traffic
356236208,73299,08-08-2023 13:31,08-08-2023 13:36,5,4.65,On Time,Traffic
6699845542,73299,06-12-2023 15:02,06-12-2023 14:57,-5,1.39,On Time,
3106057977,73299,07-06-2024 18:49,07-06-2024 18:46,-3,1.82,On Time,
1905367587,73299,05-11-2023 08:59,05-11-2023 08:57,-2,4.47,On Time,
169590729,73299,23-05-2024 05:28,23-05-2024 05:24,-4,3.47,On Time,
9820743709,73299,03-12-2023 10:32,03-12-2023 10:34,2,0.96,On Time,Traffic
6605882211,73299,03-12-2023 10:43,03-12-2023 11:08,25,2.51,Significantly Delayed,Traffic
9517765444,73299,28-09-2023 05:02,28-09-2023 04:59,-3,1.26,On Time,
7766311749,73299,28-11-2023 15:25,28-11-2023 15:23,-2,1.39,On Time,
742238239,73299,21-12-2023 21:41,21-12-2023 21:43,2,2.94,On Time,Traffic
3146141485,73299,27-12-2023 08:46,27-12-2023 08:50,4,1.05,On Time,Traffic
6633702824,73299,19-06-2024 09:08,19-06-2024 09:05,-3,3.5,On Time,
5033749011,73299,22-10-2023 14:00,22-10-2023 13:58,-2,2.88,On Time,
4009496217,73299,22-07-2023 03:21,22-07-2023 03:24,3,1.98,On Time,Traffic
4284473821,73299,25-03-2024 08:29,25-03-2024 08:32,3,2.84,On Time,Traffic
8860588793,73299,03-08-2023 15:32,03-08-2023 15:33,1,4.93,On Time,Traffic
5305428485,73299,07-05-2023 03:11,07-05-2023 03:15,4,2.59,On Time,Traffic
676278878,73299,08-04-2023 08:29,08-04-2023 08:28,-1,4.7,On Time,
9459854097,73299,28-10-2023 22:47,28-10-2023 22:45,-2,3.36,On Time,
3895596621,73299,29-10-2023 04:32,29-10-2023 04:29,-3,3.75,On Time,
7750915110,73299,18-09-2023 19:37,18-09-2023 19:44,7,3.28,Slightly Delayed,Traffic
5173951989,73299,11-11-2023 17:33,11-11-2023 17:29,-4,4.74,On Time,
6388954643,73299,23-02-2024 07:05,23-02-2024 07:03,-2,1.85,On Time,
5819387689,73299,08-09-2023 18:24,08-09-2023 18:19,-5,3.89,On Time,
4184037584,73299,15-10-2023 09:31,15-10-2023 09:31,0,2.1,On Time,
9525140554,73299,15-10-2024 09:26,15-10-2024 09:27,1,0.89,On Time,Traffic
1617927874,73299,14-09-2024 16:09,14-09-2024 16:12,3,3.25,On Time,Traffic
1543944105,73299,21-10-2024 18:00,21-10-2024 18:26,26,2.99,Significantly Delayed,Traffic
341580530,73299,10-07-2024 07:21,10-07-2024 07:42,21,3.77,Significantly Delayed,Traffic
5133661902,73299,13-11-2023 22:53,13-11-2023 23:04,11,3.39,Slightly Delayed,Traffic
4557328309,73299,13-06-2024 01:40,13-06-2024 01:44,4,2.79,On Time,Traffic
4479421205,73299,02-07-2024 12:28,02-07-2024 12:42,14,1.59,Slightly Delayed,Traffic
5740294639,73299,31-07-2023 13:16,31-07-2023 13:31,15,4.38,Slightly Delayed,Traffic
8114060961,73299,12-10-2023 17:54,12-10-2023 18:21,27,0.63,Significantly Delayed,Traffic
5744553133,73299,19-04-2024 03:28,19-04-2024 03:35,7,0.73,Slightly Delayed,Traffic
5029893308,73299,26-01-2024 14:58,26-01-2024 14:56,-2,0.97,On Time,
9663384689,73299,24-03-2023 17:15,24-03-2023 17:21,6,1.58,Slightly Delayed,Traffic
7919240958,73299,19-05-2023 00:12,19-05-2023 00:12,0,2.6,On Time,
5211751826,73299,31-08-2023 01:55,31-08-2023 02:06,11,0.53,Slightly Delayed,Traffic
8713129069,73299,16-10-2024 08:47,16-10-2024 08:47,0,2.31,On Time,
1407304162,73299,31-03-2023 18:59,31-03-2023 18:59,0,3.65,On Time,
3793875046,73299,30-01-2024 08:30,30-01-2024 08:33,3,0.63,On Time,Traffic
4903700958,73299,30-05-2024 09:56,30-05-2024 09:59,3,0.67,On Time,Traffic
1989547877,73299,14-12-2023 02:27,14-12-2023 02:28,1,3.76,On Time,Traffic
9584857115,73299,28-12-2023 23:23,28-12-2023 23:21,-2,4.52,On Time,
7236760938,73299,29-06-2024 12:15,29-06-2024 12:11,-4,4.05,On Time,
4346903287,73299,28-10-2024 23:59,29-10-2024 00:02,3,4.95,On Time,Traffic
6353755071,73299,12-02-2024 01:00,12-02-2024 01:03,3,1.21,On Time,Traffic
89194627,73299,06-03-2024 18:27,06-03-2024 18:24,-3,4.59,On Time,
544919267,73299,25-09-2024 14:16,25-09-2024 14:17,1,4.42,On Time,Traffic
6665075012,73299,14-01-2024 03:21,14-01-2024 03:22,1,2.06,On Time,Traffic
4461389660,73299,30-07-2023 15:12,30-07-2023 15:40,28,2.74,Significantly Delayed,Traffic
8789328634,73299,01-06-2024 01:32,01-06-2024 01:50,18,1.44,Significantly Delayed,Traffic
147066568,73299,12-07-2024 07:58,12-07-2024 07:55,-3,1.2,On Time,
6712947216,73299,11-04-2023 04:24,11-04-2023 04:28,4,4.42,On Time,Traffic
4731158560,73299,14-03-2024 18:37,14-03-2024 18:37,0,0.81,On Time,
6228958238,73299,31-08-2023 04:25,31-08-2023 04:52,27,1.54,Significantly Delayed,Traffic
8006440384,73299,09-06-2023 05:35,09-06-2023 05:34,-1,4.43,On Time,
7330672658,73299,25-10-2024 04:12,25-10-2024 04:08,-4,3.67,On Time,
1766200974,73299,13-10-2024 15:08,13-10-2024 15:03,-5,3.37,On Time,
2878422829,73299,16-07-2024 06:06,16-07-2024 06:01,-5,2.59,On Time,
5862535621,73299,03-01-2024 06:23,03-01-2024 06:25,2,4.02,On Time,Traffic
3781134163,73299,03-02-2024 03:01,03-02-2024 03:09,8,1.54,Slightly Delayed,Traffic
7835720444,73299,10-01-2024 23:24,10-01-2024 23:51,27,1.34,Significantly Delayed,Traffic
1952343673,73299,24-02-2024 06:16,24-02-2024 06:14,-2,1.52,On Time,
9406096007,73299,24-11-2023 09:17,24-11-2023 09:30,13,1.42,Slightly Delayed,Traffic
1136528533,73299,22-08-2023 22:46,22-08-2023 22:58,12,1.81,Slightly Delayed,Traffic
9137126466,73299,05-08-2023 10:03,05-08-2023 10:04,1,1.67,On Time,Traffic
1495517558,73299,17-08-2024 16:49,17-08-2024 17:14,25,4.82,Significantly Delayed,Traffic
1643011737,73299,14-07-2024 08:37,14-07-2024 08:42,5,3.49,On Time,Traffic
4067366774,73299,23-02-2024 19:39,23-02-2024 19:42,3,3.55,On Time,Traffic
1683118802,73299,17-12-2023 15:46,17-12-2023 15:49,3,1.25,On Time,Traffic
5770514189,73299,08-12-2023 16:31,08-12-2023 16:37,6,4.07,Slightly Delayed,Traffic
9612669334,73299,24-06-2023 17:25,24-06-2023 17:29,4,4.07,On Time,Traffic
3262295808,73299,19-04-2024 20:22,19-04-2024 20:26,4,2.17,On Time,Traffic
1593291198,73299,30-09-2024 22:40,30-09-2024 22:55,15,1.94,Slightly Delayed,Traffic
5327721432,73299,28-09-2024 20:16,28-09-2024 20:15,-1,4.03,On Time,
4879497185,73299,17-10-2023 11:55,17-10-2023 11:53,-2,2.7,On Time,
6883107728,73299,11-02-2024 18:29,11-02-2024 18:27,-2,2.99,On Time,
1643246998,73299,29-10-2023 17:12,29-10-2023 17:18,6,2.96,Slightly Delayed,Traffic
913309291,73299,16-06-2024 09:23,16-06-2024 09:20,-3,2.56,On Time,
8298829689,73299,29-11-2023 12:26,29-11-2023 12:29,3,1.55,On Time,Traffic
7155488252,73299,28-09-2024 21:39,28-09-2024 21:36,-3,2.56,On Time,
8316192789,73299,07-07-2023 02:33,07-07-2023 02:34,1,1.87,On Time,Traffic
3589756658,73299,18-12-2023 09:17,18-12-2023 09:22,5,3.7,On Time,Traffic
8371900149,73299,31-08-2024 13:27,31-08-2024 13:28,1,0.62,On Time,Traffic
6659686612,73299,20-04-2024 03:17,20-04-2024 03:12,-5,3.11,On Time,
2937676500,73299,25-05-2024 19:08,25-05-2024 19:16,8,3.16,Slightly Delayed,Traffic
9908301442,73299,10-06-2023 08:20,10-06-2023 08:25,5,1.18,On Time,Traffic
3325049330,73299,31-03-2023 19:20,31-03-2023 19:17,-3,0.78,On Time,
2330986566,73299,26-03-2023 16:41,26-03-2023 16:40,-1,1.59,On Time,
1495975802,73299,27-01-2024 16:41,27-01-2024 16:43,2,4.25,On Time,Traffic
4207249029,73299,15-10-2023 18:04,15-10-2023 18:05,1,1.5,On Time,Traffic
1150143976,73299,12-08-2023 10:41,12-08-2023 10:42,1,4.19,On Time,Traffic
8443390148,73299,12-06-2023 11:23,12-06-2023 11:23,0,3.62,On Time,
8358703267,73299,20-08-2023 11:05,20-08-2023 11:07,2,3.45,On Time,Traffic
1608084881,73299,21-03-2024 23:52,21-03-2024 23:53,1,1.86,On Time,Traffic
2744486953,73299,29-09-2024 20:15,29-09-2024 20:37,22,4.14,Significantly Delayed,Traffic
3036885153,73299,29-02-2024 21:20,29-02-2024 21:30,10,0.79,Slightly Delayed,Traffic
7335148205,73299,30-06-2023 02:08,30-06-2023 02:04,-4,1.6,On Time,
2356580295,73299,21-08-2023 01:48,21-08-2023 01:49,1,3.35,On Time,Traffic
8999547266,73299,09-12-2023 17:13,09-12-2023 17:17,4,4.14,On Time,Traffic
3094439783,73299,30-11-2023 04:13,30-11-2023 04:15,2,1.84,On Time,Traffic
2753579193,73299,29-03-2023 15:06,29-03-2023 15:05,-1,1.24,On Time,
7683077217,73299,17-04-2024 18:27,17-04-2024 18:27,0,2.16,On Time,
2366099898,73299,10-05-2023 20:56,10-05-2023 20:57,1,2.51,On Time,Traffic
1252810532,73299,03-07-2024 21:37,03-07-2024 21:48,11,1.13,Slightly Delayed,Traffic
6493039553,73299,06-08-2024 11:41,06-08-2024 11:38,-3,4.33,On Time,
9274842886,73299,15-11-2023 19:04,15-11-2023 18:59,-5,1.83,On Time,
8255275254,73299,03-12-2023 02:14,03-12-2023 02:22,8,0.93,Slightly Delayed,Traffic
2136873695,73299,09-07-2023 11:18,09-07-2023 11:14,-4,1.41,On Time,
3253225736,73299,19-07-2024 09:08,19-07-2024 09:11,3,1.95,On Time,Traffic
7712604853,73299,26-09-2023 23:48,26-09-2023 23:50,2,1.48,On Time,Traffic
5698803942,73299,10-10-2024 13:26,10-10-2024 13:28,2,1.78,On Time,Traffic
4393804577,73299,30-08-2023 13:54,30-08-2023 13:56,2,4.67,On Time,Traffic
9307961643,73299,24-04-2024 17:40,24-04-2024 17:40,0,3.95,On Time,
14103943,73299,24-11-2023 09:07,24-11-2023 09:18,11,2.36,Slightly Delayed,Traffic
4183595096,73299,09-01-2024 06:40,09-01-2024 06:35,-5,2.36,On Time,
9915365099,73299,19-05-2023 11:48,19-05-2023 11:50,2,1.09,On Time,Traffic
7979108696,73299,20-05-2024 22:24,20-05-2024 22:33,9,4.75,Slightly Delayed,Traffic
8756485728,73299,10-02-2024 21:32,10-02-2024 21:33,1,4.73,On Time,Traffic
4859441294,73299,30-05-2024 06:11,30-05-2024 06:17,6,4.36,Slightly Delayed,Traffic
8100291984,73299,21-08-2023 19:31,21-08-2023 19:53,22,3.34,Significantly Delayed,Traffic
7825714018,73299,27-08-2024 20:16,27-08-2024 20:16,0,1.68,On Time,
1785144322,73299,22-07-2024 17:04,22-07-2024 17:14,10,3.1,Slightly Delayed,Traffic
242240959,73299,26-01-2024 15:30,26-01-2024 15:34,4,2.15,On Time,Traffic
3527621284,73299,21-07-2024 04:38,21-07-2024 04:35,-3,1.46,On Time,
2254856113,73299,16-04-2023 10:44,16-04-2023 10:44,0,2.46,On Time,
4295420935,73299,04-09-2024 11:51,04-09-2024 11:53,2,1.26,On Time,Traffic
8739415992,73299,02-06-2023 23:19,02-06-2023 23:19,0,1.32,On Time,
2123879653,73299,31-10-2024 08:43,31-10-2024 08:58,15,2.34,Slightly Delayed,Traffic
1054974834,73299,14-05-2023 18:58,14-05-2023 19:06,8,2.36,Slightly Delayed,Traffic
6660596550,73299,21-06-2024 03:15,21-06-2024 03:45,30,3.67,Significantly Delayed,Traffic
1633238374,73299,12-08-2023 10:52,12-08-2023 10:56,4,2.31,On Time,Traffic
8133246330,73299,08-10-2023 13:38,08-10-2023 13:40,2,0.6,On Time,Traffic
4696656818,73299,11-04-2023 13:12,11-04-2023 13:26,14,1.91,Slightly Delayed,Traffic
7590214417,73299,09-05-2024 22:31,09-05-2024 22:53,22,1.63,Significantly Delayed,Traffic
1736212920,73299,10-09-2024 15:30,10-09-2024 15:25,-5,1.68,On Time,
4507702369,73299,24-04-2023 00:04,24-04-2023 00:06,2,4.05,On Time,Traffic
6458765046,73299,29-06-2023 17:56,29-06-2023 17:53,-3,4.18,On Time,
47953423,73299,27-02-2024 00:28,27-02-2024 00:32,4,1.88,On Time,Traffic
1263714922,73299,06-10-2023 01:24,06-10-2023 01:25,1,4.13,On Time,Traffic
2061768860,73299,19-09-2023 17:01,19-09-2023 17:09,8,4.71,Slightly Delayed,Traffic
4264335652,73299,08-09-2023 06:41,08-09-2023 06:37,-4,2.57,On Time,
3087181728,73299,05-07-2023 06:21,05-07-2023 06:26,5,1.1,On Time,Traffic
599772156,73299,24-03-2023 04:49,24-03-2023 05:02,13,2.77,Slightly Delayed,Traffic
6074313668,73299,27-09-2024 10:57,27-09-2024 11:02,5,1.61,On Time,Traffic
5497551107,73299,18-08-2024 16:01,18-08-2024 15:57,-4,3.64,On Time,
9102202025,73299,10-04-2024 07:51,10-04-2024 08:15,24,0.88,Significantly Delayed,Traffic
8794436743,73299,17-07-2023 06:41,17-07-2023 06:47,6,1.14,Slightly Delayed,Traffic
3299603042,73299,17-06-2024 04:21,17-06-2024 04:26,5,2.9,On Time,Traffic
243077069,73299,25-04-2024 18:54,25-04-2024 19:04,10,3.63,Slightly Delayed,Traffic
6749594412,73299,30-11-2023 15:32,30-11-2023 15:45,13,2.73,Slightly Delayed,Traffic
5378344982,73299,17-02-2024 01:23,17-02-2024 01:49,26,3.38,Significantly Delayed,Traffic
9103834515,73299,03-01-2024 08:40,03-01-2024 08:38,-2,2.47,On Time,
6237437720,73299,26-08-2023 07:17,26-08-2023 07:29,12,1.37,Slightly Delayed,Traffic
2719670578,73299,04-09-2024 10:02,04-09-2024 10:21,19,4.73,Significantly Delayed,Traffic
2748681349,73299,15-05-2024 05:53,15-05-2024 05:58,5,2.99,On Time,Traffic
9851618724,73299,03-10-2023 18:16,03-10-2023 18:22,6,4.91,Slightly Delayed,Traffic
7013533376,73299,08-12-2023 14:15,08-12-2023 14:11,-4,0.78,On Time,
9727047029,73299,04-01-2024 02:12,04-01-2024 02:13,1,3.34,On Time,Traffic
1191540022,73299,15-09-2024 00:26,15-09-2024 00:37,11,1.82,Slightly Delayed,Traffic
5733572517,73299,05-08-2024 00:21,05-08-2024 00:35,14,3.48,Slightly Delayed,Traffic
9647928644,73299,19-05-2023 13:58,19-05-2023 13:57,-1,0.9,On Time,
9696598689,73299,24-08-2023 18:25,24-08-2023 18:33,8,4.6,Slightly Delayed,Traffic
1091207520,73299,05-10-2024 19:12,05-10-2024 19:12,0,2.76,On Time,
7995971909,73299,08-05-2023 18:29,08-05-2023 18:57,28,4.25,Significantly Delayed,Traffic
6077755741,73299,20-07-2023 23:41,20-07-2023 23:50,9,2.49,Slightly Delayed,Traffic
1240745644,73299,20-05-2023 12:10,20-05-2023 12:06,-4,1.14,On Time,
1397810713,73299,09-12-2023 14:55,09-12-2023 14:53,-2,1.6,On Time,
5149614189,73299,24-07-2023 15:04,24-07-2023 15:19,15,3.96,Slightly Delayed,Traffic
7453349798,73299,10-08-2023 14:10,10-08-2023 14:06,-4,4.58,On Time,
7570986632,73299,17-05-2023 11:18,17-05-2023 11:17,-1,3.33,On Time,
5292931220,73299,25-11-2023 03:12,25-11-2023 03:14,2,4.37,On Time,Traffic
2654499230,73299,10-06-2023 18:01,10-06-2023 17:59,-2,1.81,On Time,
2327587597,73299,29-06-2024 17:44,29-06-2024 17:39,-5,4.1,On Time,
5852189277,73299,13-10-2024 14:27,13-10-2024 14:22,-5,0.98,On Time,
8943211530,73299,23-09-2023 18:28,23-09-2023 18:32,4,2.35,On Time,Traffic
3305649506,73299,15-11-2023 00:45,15-11-2023 00:45,0,2.21,On Time,
538997323,73299,17-04-2023 03:45,17-04-2023 03:48,3,1.9,On Time,Traffic
2966187610,73299,13-04-2023 01:22,13-04-2023 01:31,9,3.73,Slightly Delayed,Traffic
866693541,73299,24-06-2024 19:32,24-06-2024 19:30,-2,3.94,On Time,
440721658,73299,05-05-2023 10:23,05-05-2023 10:28,5,2.99,On Time,Traffic
2084323012,73299,03-06-2024 13:29,03-06-2024 13:24,-5,4.6,On Time,
4876314410,73299,01-11-2024 07:15,01-11-2024 07:19,4,1.84,On Time,Traffic
2401282648,73299,10-08-2023 20:59,10-08-2023 21:04,5,1.05,On Time,Traffic
2117291471,73299,21-06-2023 15:46,21-06-2023 15:49,3,1.95,On Time,Traffic
5455295163,73299,25-08-2024 11:37,25-08-2024 11:55,18,0.59,Significantly Delayed,Traffic
3219761206,73299,14-07-2024 13:17,14-07-2024 13:18,1,2.6,On Time,Traffic
7423918026,73299,27-04-2024 10:09,27-04-2024 10:07,-2,0.97,On Time,
1793817443,73299,15-11-2023 00:04,15-11-2023 00:14,10,2.48,Slightly Delayed,Traffic
2644609220,73299,22-05-2024 08:03,22-05-2024 07:59,-4,1.16,On Time,
1353492780,73299,06-03-2024 16:40,06-03-2024 16:40,0,1.28,On Time,
1230061693,73299,15-06-2023 18:39,15-06-2023 18:40,1,2.85,On Time,Traffic
6299572675,73299,17-08-2023 19:01,17-08-2023 19:14,13,1.63,Slightly Delayed,Traffic
5956863364,73299,20-02-2024 23:47,20-02-2024 23:55,8,3.25,Slightly Delayed,Traffic
6788884093,73299,06-10-2024 20:13,06-10-2024 20:16,3,1.02,On Time,Traffic
6120799223,73299,14-01-2024 01:05,14-01-2024 01:18,13,4.14,Slightly Delayed,Traffic
3892854030,73299,08-02-2024 04:18,08-02-2024 04:18,0,3.22,On Time,
1883324334,73299,27-07-2024 04:43,27-07-2024 04:44,1,4.39,On Time,Traffic
4541530278,73299,05-04-2024 02:29,05-04-2024 02:51,22,4.13,Significantly Delayed,Traffic
8807380767,73299,22-04-2023 21:53,22-04-2023 21:57,4,2.17,On Time,Traffic
5865396281,73299,06-02-2024 02:27,06-02-2024 02:57,30,1.04,Significantly Delayed,Traffic
340451825,73299,25-09-2024 19:33,25-09-2024 19:31,-2,3.79,On Time,
3327784606,73299,11-01-2024 07:52,11-01-2024 07:56,4,1.91,On Time,Traffic
5990129875,73299,13-07-2024 09:01,13-07-2024 09:16,15,2.82,Slightly Delayed,Traffic
8808930721,73299,21-10-2023 21:39,21-10-2023 21:37,-2,2.36,On Time,
8116880443,73299,23-07-2023 01:57,23-07-2023 01:55,-2,2.35,On Time,
9933926720,73299,17-08-2023 05:30,17-08-2023 05:29,-1,3.62,On Time,
776562418,73299,08-09-2024 22:15,08-09-2024 22:19,4,3.05,On Time,Traffic
6105793582,73299,13-04-2023 01:38,13-04-2023 01:50,12,1.91,Slightly Delayed,Traffic
9247779866,73299,24-10-2024 03:02,24-10-2024 03:16,14,2.75,Slightly Delayed,Traffic
5456672526,73299,23-09-2024 18:05,23-09-2024 18:10,5,3.99,On Time,Traffic
6676994910,73299,28-11-2023 22:41,28-11-2023 22:44,3,4.47,On Time,Traffic
9353512235,73299,29-11-2023 11:32,29-11-2023 11:29,-3,0.75,On Time,
6539196955,73299,27-05-2024 08:32,27-05-2024 08:49,17,2.92,Significantly Delayed,Traffic
7886908865,73299,07-04-2023 03:05,07-04-2023 03:08,3,2.69,On Time,Traffic
7548844176,73299,12-05-2023 17:40,12-05-2023 17:40,0,2.49,On Time,
3375735380,73299,15-06-2024 05:05,15-06-2024 05:01,-4,1.31,On Time,
32604190,73299,08-12-2023 09:19,08-12-2023 09:16,-3,4.49,On Time,
5731985133,73299,21-06-2024 09:46,21-06-2024 09:53,7,2.56,Slightly Delayed,Traffic
7586577278,73299,24-11-2023 07:52,24-11-2023 07:47,-5,0.77,On Time,
7765930124,73299,14-10-2024 07:54,14-10-2024 07:59,5,2.62,On Time,Traffic
299059193,73299,04-05-2024 09:20,04-05-2024 09:23,3,4.76,On Time,Traffic
135053432,73299,24-04-2023 13:50,24-04-2023 13:52,2,3.66,On Time,Traffic
9618593702,73299,31-03-2024 09:36,31-03-2024 09:49,13,1.03,Slightly Delayed,Traffic
2802699236,73299,08-05-2024 21:20,08-05-2024 21:46,26,2.88,Significantly Delayed,Traffic
2044567188,73299,19-05-2023 10:46,19-05-2023 10:51,5,4.05,On Time,Traffic
913489768,73299,27-06-2023 01:04,27-06-2023 01:06,2,2.19,On Time,Traffic
6856986497,73299,19-02-2024 16:03,19-02-2024 16:01,-2,1.69,On Time,
7292898570,73299,05-09-2024 22:44,05-09-2024 23:03,19,4.4,Significantly Delayed,Traffic
6223087303,73299,05-08-2024 15:40,05-08-2024 15:42,2,0.89,On Time,Traffic
403352765,73299,30-09-2024 08:49,30-09-2024 08:58,9,3.67,Slightly Delayed,Traffic
7004560997,73299,20-09-2024 02:21,20-09-2024 02:27,6,4.78,Slightly Delayed,Traffic
8159868515,73299,12-04-2024 11:53,12-04-2024 11:55,2,4.18,On Time,Traffic
8854320668,73299,17-11-2023 08:37,17-11-2023 08:41,4,1.71,On Time,Traffic
2285302205,73299,25-08-2024 10:14,25-08-2024 10:10,-4,2.82,On Time,
5160584867,73299,02-06-2024 18:44,02-06-2024 18:40,-4,4.58,On Time,
4314105605,73299,12-07-2024 18:44,12-07-2024 18:39,-5,4.29,On Time,
9895756835,73299,09-10-2024 15:15,09-10-2024 15:31,16,2.18,Significantly Delayed,Traffic
1975300826,73299,25-09-2024 18:17,25-09-2024 18:16,-1,4.77,On Time,
2214666083,73299,13-08-2024 17:32,13-08-2024 17:31,-1,3.24,On Time,
4735339432,73299,04-03-2024 03:23,04-03-2024 03:19,-4,3.33,On Time,
9863540120,73299,14-07-2023 00:53,14-07-2023 01:01,8,2.41,Slightly Delayed,Traffic
8789376461,73299,17-09-2023 01:18,17-09-2023 01:48,30,4.37,Significantly Delayed,Traffic
4784591220,73299,29-10-2024 03:44,29-10-2024 03:43,-1,0.52,On Time,
6759658833,73299,29-09-2023 07:25,29-09-2023 07:24,-1,1.76,On Time,
1241631129,73299,26-04-2024 21:33,26-04-2024 21:38,5,0.77,On Time,Traffic
8803314647,73299,17-08-2024 04:58,17-08-2024 05:03,5,1.44,On Time,Traffic
1016410657,73299,01-11-2023 23:15,01-11-2023 23:10,-5,3.13,On Time,
8284240513,73299,05-04-2023 11:38,05-04-2023 11:42,4,0.57,On Time,Traffic
343239069,73299,12-02-2024 17:46,12-02-2024 17:45,-1,1.1,On Time,
3941137932,73299,28-02-2024 14:27,28-02-2024 14:46,19,3.67,Significantly Delayed,Traffic
8955573840,73299,28-07-2023 08:34,28-07-2023 08:48,14,4.61,Slightly Delayed,Traffic
6832435511,73299,18-04-2023 15:49,18-04-2023 15:44,-5,4.42,On Time,
3014319697,73299,27-08-2023 05:13,27-08-2023 05:11,-2,1.13,On Time,
7367717333,73299,30-07-2023 10:35,30-07-2023 10:33,-2,0.62,On Time,
9389677233,73299,10-08-2024 12:45,10-08-2024 12:56,11,4.47,Slightly Delayed,Traffic
2929883167,73299,05-12-2023 17:01,05-12-2023 17:12,11,2.6,Slightly Delayed,Traffic
9045592834,73299,30-10-2024 17:02,30-10-2024 17:07,5,4.52,On Time,Traffic
7128308885,73299,14-12-2023 10:56,14-12-2023 11:05,9,3.56,Slightly Delayed,Traffic
2060028411,73299,15-11-2023 19:06,15-11-2023 19:02,-4,1.55,On Time,
3856301920,73299,05-07-2024 04:19,05-07-2024 04:37,18,1.88,Significantly Delayed,Traffic
7248479077,73299,23-09-2023 13:46,23-09-2023 13:49,3,2.23,On Time,Traffic
2738466605,73299,23-08-2024 05:12,23-08-2024 05:15,3,0.57,On Time,Traffic
9801353230,73299,18-05-2023 12:16,18-05-2023 12:29,13,0.75,Slightly Delayed,Traffic
2103613260,73299,01-07-2024 20:00,01-07-2024 19:55,-5,3.53,On Time,
7624166218,73299,04-01-2024 00:35,04-01-2024 00:30,-5,4.56,On Time,
4692680597,73299,20-06-2023 23:09,20-06-2023 23:09,0,3.77,On Time,
2028074931,73299,23-06-2024 18:09,23-06-2024 18:10,1,4.81,On Time,Traffic
6247819401,73299,30-03-2023 06:11,30-03-2023 06:12,1,4.48,On Time,Traffic
6299879620,73299,10-11-2023 17:54,10-11-2023 18:04,10,4.94,Slightly Delayed,Traffic
3398014747,73299,15-06-2023 07:05,15-06-2023 07:08,3,3.48,On Time,Traffic
4526087670,73299,03-11-2023 06:34,03-11-2023 06:33,-1,4.14,On Time,
4473653758,73299,26-08-2024 16:34,26-08-2024 16:38,4,4.12,On Time,Traffic
1286821727,73299,04-08-2024 02:55,04-08-2024 02:59,4,4.57,On Time,Traffic
5566617391,73299,21-08-2024 19:58,21-08-2024 20:11,13,4.73,Slightly Delayed,Traffic
6630935939,73299,31-10-2024 10:48,31-10-2024 10:45,-3,3.34,On Time,
8676443273,73299,24-05-2024 11:05,24-05-2024 11:24,19,3.6,Significantly Delayed,Traffic
439562091,73299,26-04-2024 18:26,26-04-2024 18:28,2,1.95,On Time,Traffic
7361440096,73299,12-02-2024 12:39,12-02-2024 13:00,21,1.09,Significantly Delayed,Traffic
2480611325,73299,25-02-2024 16:42,25-02-2024 16:50,8,0.8,Slightly Delayed,Traffic
5091640382,73299,31-01-2024 07:17,31-01-2024 07:17,0,2.28,On Time,
1443292147,73299,16-04-2024 03:32,16-04-2024 03:28,-4,2.26,On Time,
3342653518,73299,22-07-2023 07:45,22-07-2023 07:40,-5,0.79,On Time,
3836073957,73299,16-07-2023 18:37,16-07-2023 18:44,7,3.2,Slightly Delayed,Traffic
4192669219,73299,22-04-2024 03:16,22-04-2024 03:12,-4,4.28,On Time,
6922121165,73299,04-01-2024 08:11,04-01-2024 08:29,18,0.68,Significantly Delayed,Traffic
4850653474,73299,05-03-2024 03:51,05-03-2024 03:56,5,3.96,On Time,Traffic
1229660813,73299,02-11-2023 19:45,02-11-2023 20:12,27,1.31,Significantly Delayed,Traffic
5194396051,73299,26-10-2024 18:30,26-10-2024 18:28,-2,1.52,On Time,
8971899775,73299,04-03-2024 12:22,04-03-2024 12:17,-5,2.15,On Time,
5619049608,73299,06-05-2024 13:30,06-05-2024 13:50,20,4.69,Significantly Delayed,Traffic
9943996342,73299,12-09-2023 23:07,12-09-2023 23:08,1,1.53,On Time,Traffic
4548721519,73299,20-08-2024 23:42,20-08-2024 23:46,4,4.85,On Time,Traffic
6211537502,73299,06-09-2023 23:24,06-09-2023 23:49,25,1.39,Significantly Delayed,Traffic
347093563,73299,23-09-2024 13:35,23-09-2024 13:53,18,3.88,Significantly Delayed,Traffic
1855924568,73299,20-08-2024 23:06,20-08-2024 23:04,-2,3.34,On Time,
5914484553,73299,17-11-2023 16:59,17-11-2023 16:57,-2,0.75,On Time,
8068903161,73299,14-02-2024 22:35,14-02-2024 22:37,2,2.88,On Time,Traffic
2147159735,73299,13-05-2023 04:08,13-05-2023 04:13,5,4.83,On Time,Traffic
9006983686,73299,10-10-2023 00:55,10-10-2023 01:10,15,2.49,Slightly Delayed,Traffic
7606134274,73299,28-05-2024 12:46,28-05-2024 12:59,13,0.52,Slightly Delayed,Traffic
4034750827,73299,24-06-2023 04:14,24-06-2023 04:16,2,4.34,On Time,Traffic
851062565,73299,15-03-2024 11:41,15-03-2024 11:47,6,0.95,Slightly Delayed,Traffic
4283323746,73299,01-11-2023 03:21,01-11-2023 03:33,12,1.35,Slightly Delayed,Traffic
7842390585,73299,11-10-2023 12:51,11-10-2023 12:47,-4,3.12,On Time,
2449548943,73299,23-09-2023 11:39,23-09-2023 11:53,14,3.28,Slightly Delayed,Traffic
7067924535,73299,28-11-2023 03:09,28-11-2023 03:27,18,3.87,Significantly Delayed,Traffic
1602291242,73299,29-03-2023 09:57,29-03-2023 09:58,1,0.67,On Time,Traffic
7067630786,73299,28-09-2023 08:16,28-09-2023 08:12,-4,0.97,On Time,
9726762425,73299,13-08-2023 21:55,13-08-2023 21:51,-4,1.89,On Time,
1129887168,73299,16-02-2024 03:34,16-02-2024 03:35,1,3.92,On Time,Traffic
3371892236,73299,06-05-2024 17:38,06-05-2024 17:37,-1,2.18,On Time,
6532953824,73299,02-11-2024 12:02,02-11-2024 12:24,22,3.77,Significantly Delayed,Traffic
252964377,73299,31-05-2024 08:33,31-05-2024 08:28,-5,4.34,On Time,
6270495384,73299,11-09-2023 22:57,11-09-2023 22:53,-4,4.21,On Time,
2450770184,73299,11-08-2023 09:18,11-08-2023 09:28,10,3.91,Slightly Delayed,Traffic
7543192113,73299,28-12-2023 05:55,28-12-2023 06:02,7,3.49,Slightly Delayed,Traffic
9890817032,73299,24-04-2023 06:38,24-04-2023 06:43,5,4.13,On Time,Traffic
183165359,73299,24-05-2023 07:03,24-05-2023 07:32,29,2.97,Significantly Delayed,Traffic
2136907826,73299,21-12-2023 14:34,21-12-2023 14:37,3,4,On Time,Traffic
2801605687,73299,04-03-2024 21:31,04-03-2024 21:27,-4,4.41,On Time,
8869292457,73299,25-09-2024 04:36,25-09-2024 04:39,3,1.29,On Time,Traffic
5414471648,73299,20-05-2023 03:37,20-05-2023 03:35,-2,1.07,On Time,
7827370415,73299,23-06-2023 12:42,23-06-2023 12:48,6,4.63,Slightly Delayed,Traffic
7216662926,73299,11-07-2024 22:14,11-07-2024 22:18,4,2.65,On Time,Traffic
349410429,73299,29-01-2024 02:15,29-01-2024 02:13,-2,3.42,On Time,
8512030806,73299,26-10-2024 11:36,26-10-2024 11:44,8,2.62,Slightly Delayed,Traffic
8003807551,73299,25-08-2024 12:00,25-08-2024 12:01,1,1.61,On Time,Traffic
274320517,73299,23-08-2024 04:28,23-08-2024 04:23,-5,2.96,On Time,
2150447285,73299,13-06-2024 10:43,13-06-2024 10:39,-4,1.51,On Time,
5089385450,73299,16-06-2023 14:54,16-06-2023 15:02,8,3.65,Slightly Delayed,Traffic
8622799862,73299,10-02-2024 03:16,10-02-2024 03:13,-3,1.37,On Time,
2773034272,73299,27-06-2024 04:45,27-06-2024 04:49,4,4.06,On Time,Traffic
4028266143,73299,16-03-2023 08:48,16-03-2023 08:50,2,1.37,On Time,Traffic
9691888826,73299,31-10-2023 16:39,31-10-2023 16:42,3,3.32,On Time,Traffic
8891340263,73299,02-09-2024 00:19,02-09-2024 00:14,-5,1.37,On Time,
1149293318,73299,25-11-2023 20:20,25-11-2023 20:24,4,2.23,On Time,Traffic
1288695184,73299,03-10-2023 01:47,03-10-2023 01:46,-1,2.66,On Time,
5229336544,73299,22-09-2023 21:10,22-09-2023 21:16,6,1.08,Slightly Delayed,Traffic
196885435,73299,25-06-2023 02:40,25-06-2023 02:42,2,2.91,On Time,Traffic
6961457996,73299,26-10-2024 21:44,26-10-2024 21:41,-3,1.53,On Time,
5059907679,73299,18-04-2024 11:57,18-04-2024 12:07,10,1.39,Slightly Delayed,Traffic
9046226901,73299,28-02-2024 07:30,28-02-2024 07:25,-5,0.88,On Time,
515408216,73299,25-12-2023 09:50,25-12-2023 09:59,9,0.91,Slightly Delayed,Traffic
9048597167,73299,17-06-2024 02:32,17-06-2024 03:00,28,4.08,Significantly Delayed,Traffic
4308216668,73299,11-07-2024 06:10,11-07-2024 06:28,18,4.65,Significantly Delayed,Traffic
8671875127,73299,05-06-2023 01:52,05-06-2023 01:57,5,4.82,On Time,Traffic
9622968817,73299,12-06-2023 23:15,12-06-2023 23:10,-5,3.48,On Time,
7832599414,73299,07-08-2023 07:29,07-08-2023 07:27,-2,2.92,On Time,
5533307028,73299,27-05-2023 10:51,27-05-2023 10:52,1,3.92,On Time,Traffic
752185231,73299,02-03-2024 04:19,02-03-2024 04:19,0,0.92,On Time,
5859787209,73299,30-09-2024 06:18,30-09-2024 06:28,10,1.92,Slightly Delayed,Traffic
1736713150,73299,07-01-2024 10:18,07-01-2024 10:24,6,1.45,Slightly Delayed,Traffic
3620570172,73299,16-04-2024 18:36,16-04-2024 19:03,27,3.85,Significantly Delayed,Traffic
5758119413,73299,10-10-2024 09:37,10-10-2024 09:44,7,1.36,Slightly Delayed,Traffic
2204489775,73299,03-05-2024 01:21,03-05-2024 01:26,5,4.87,On Time,Traffic
5881059783,73299,01-08-2023 10:15,01-08-2023 10:10,-5,0.74,On Time,
9475167773,73299,24-07-2023 17:43,24-07-2023 17:53,10,4.92,Slightly Delayed,Traffic
4635228647,73299,27-08-2023 19:44,27-08-2023 19:48,4,1.4,On Time,Traffic
8394536341,73299,17-08-2024 08:01,17-08-2024 08:11,10,1.2,Slightly Delayed,Traffic
4726427550,73299,04-02-2024 23:08,04-02-2024 23:22,14,3.09,Slightly Delayed,Traffic
5387935727,73299,02-10-2023 04:24,02-10-2023 04:20,-4,4.69,On Time,
1886705751,73299,19-04-2023 19:02,19-04-2023 18:57,-5,3.13,On Time,
4224014067,73299,15-05-2023 12:21,15-05-2023 12:22,1,3.33,On Time,Traffic
8726515908,73299,01-10-2024 16:15,01-10-2024 16:14,-1,1.45,On Time,
7388091459,73299,16-10-2024 15:49,16-10-2024 16:02,13,4.32,Slightly Delayed,Traffic
9320256091,73299,11-01-2024 17:25,11-01-2024 17:26,1,0.88,On Time,Traffic
3872093894,73299,01-11-2023 11:55,01-11-2023 12:22,27,0.79,Significantly Delayed,Traffic
992848455,73299,18-09-2024 13:00,18-09-2024 12:59,-1,1.53,On Time,
4458723519,73299,01-09-2024 17:41,01-09-2024 17:39,-2,2.32,On Time,
7755662096,73299,30-01-2024 12:58,30-01-2024 13:06,8,0.94,Slightly Delayed,Traffic
5779793224,73299,13-05-2024 02:11,13-05-2024 02:11,0,2,On Time,
8253576531,73299,22-08-2023 19:26,22-08-2023 19:34,8,2.25,Slightly Delayed,Traffic
4993169316,73299,10-07-2024 17:12,10-07-2024 17:21,9,2.68,Slightly Delayed,Traffic
828017545,73299,12-03-2024 02:44,12-03-2024 02:57,13,4.07,Slightly Delayed,Traffic
2012368621,73299,21-07-2024 04:44,21-07-2024 04:43,-1,4.14,On Time,
6603205997,73299,17-05-2024 07:30,17-05-2024 07:30,0,1.14,On Time,
833581472,73299,19-08-2023 15:48,19-08-2023 16:00,12,1.2,Slightly Delayed,Traffic
8755782101,73299,30-12-2023 16:55,30-12-2023 16:55,0,2.55,On Time,
1049830215,73299,06-08-2024 01:57,06-08-2024 02:07,10,4.98,Slightly Delayed,Traffic
2399383238,73299,09-11-2023 18:27,09-11-2023 18:26,-1,3.96,On Time,
143399998,73299,17-10-2024 14:13,17-10-2024 14:24,11,3.42,Slightly Delayed,Traffic
2444273306,73299,27-06-2024 18:38,27-06-2024 18:36,-2,4.99,On Time,
1309618968,73299,04-04-2023 19:57,04-04-2023 19:55,-2,4.64,On Time,
3972788794,73299,26-03-2024 00:23,26-03-2024 00:26,3,2.95,On Time,Traffic
2356073413,73299,16-03-2024 23:43,16-03-2024 23:54,11,1.33,Slightly Delayed,Traffic
3775683944,73299,31-07-2024 21:08,31-07-2024 21:13,5,3.9,On Time,Traffic
8994776653,73299,22-12-2023 06:15,22-12-2023 06:27,12,0.69,Slightly Delayed,Traffic
8124075720,73299,11-10-2024 15:46,11-10-2024 15:46,0,2.76,On Time,
5534171862,73299,19-11-2023 00:50,19-11-2023 01:02,12,2.68,Slightly Delayed,Traffic
4825558658,73299,11-08-2024 23:14,11-08-2024 23:13,-1,1.64,On Time,
1541676341,73299,26-08-2023 23:47,26-08-2023 23:54,7,4.7,Slightly Delayed,Traffic
5360755658,73299,22-06-2023 01:15,22-06-2023 01:13,-2,0.98,On Time,
844328418,73299,11-04-2023 21:53,11-04-2023 22:20,27,4.68,Significantly Delayed,Traffic
1843468816,73299,03-07-2023 03:20,03-07-2023 03:21,1,1.23,On Time,Traffic
3771484570,73299,15-08-2023 21:03,15-08-2023 21:01,-2,2.61,On Time,
2458783424,73299,02-06-2023 16:56,02-06-2023 16:54,-2,3.63,On Time,
2272849018,73299,04-11-2024 00:34,04-11-2024 00:38,4,3.71,On Time,Traffic
8549503132,73299,29-03-2023 11:03,29-03-2023 11:00,-3,4.63,On Time,
4032847942,73299,28-09-2024 04:21,28-09-2024 04:24,3,2.67,On Time,Traffic
8224665612,73299,16-07-2023 12:53,16-07-2023 12:50,-3,2.66,On Time,
8007222259,73299,05-02-2024 01:32,05-02-2024 01:29,-3,2.77,On Time,
3522030676,73299,01-06-2023 15:43,01-06-2023 15:52,9,2.38,Slightly Delayed,Traffic
3224743071,73299,04-10-2023 20:10,04-10-2023 20:15,5,4.4,On Time,Traffic
7474790671,73299,13-10-2023 19:11,13-10-2023 19:18,7,2.19,Slightly Delayed,Traffic
7884745950,73299,09-04-2024 22:10,09-04-2024 22:13,3,0.6,On Time,Traffic
8269502930,73299,01-06-2024 02:23,01-06-2024 02:24,1,4.93,On Time,Traffic
985347383,73299,22-05-2024 19:23,22-05-2024 19:24,1,1.44,On Time,Traffic
5932091553,73299,22-10-2024 11:26,22-10-2024 11:36,10,4.06,Slightly Delayed,Traffic
69932727,73299,28-08-2024 16:25,28-08-2024 16:20,-5,1.82,On Time,
2715027145,73299,25-05-2024 04:07,25-05-2024 04:13,6,4,Slightly Delayed,Traffic
5234261944,73299,30-06-2023 20:35,30-06-2023 20:38,3,2.11,On Time,Traffic
2818967815,73299,08-04-2024 21:35,08-04-2024 22:05,30,4,Significantly Delayed,Traffic
1598213217,73299,09-08-2023 12:53,09-08-2023 12:49,-4,4.73,On Time,
9087747856,73299,28-05-2024 20:01,28-05-2024 20:08,7,0.69,Slightly Delayed,Traffic
9606925547,73299,10-03-2024 21:02,10-03-2024 21:02,0,4.3,On Time,
9866554851,73299,03-07-2023 09:29,03-07-2023 09:26,-3,2.61,On Time,
3719294769,73299,27-08-2024 17:09,27-08-2024 17:14,5,3.03,On Time,Traffic
3576529840,73299,15-07-2024 11:31,15-07-2024 11:37,6,3.58,Slightly Delayed,Traffic
5478986113,73299,16-04-2023 00:40,16-04-2023 00:49,9,3.47,Slightly Delayed,Traffic
6724582316,73299,29-10-2023 00:16,29-10-2023 00:11,-5,1.47,On Time,
4391559649,73299,25-06-2023 00:15,25-06-2023 00:11,-4,0.53,On Time,
9530258400,73299,24-10-2023 23:20,24-10-2023 23:21,1,4.16,On Time,Traffic
609162117,73299,23-09-2023 16:14,23-09-2023 16:33,19,1.8,Significantly Delayed,Traffic
755143077,73299,31-07-2023 08:43,31-07-2023 08:43,0,1.12,On Time,
5239439928,73299,25-08-2023 08:46,25-08-2023 08:56,10,2.22,Slightly Delayed,Traffic
1328248068,73299,14-05-2024 01:16,14-05-2024 01:29,13,0.85,Slightly Delayed,Traffic
1440606577,73299,30-04-2024 13:01,30-04-2024 13:06,5,1.04,On Time,Traffic
8884389971,73299,18-08-2024 17:40,18-08-2024 17:38,-2,4.32,On Time,
7307977336,73299,02-09-2023 09:01,02-09-2023 08:57,-4,1.74,On Time,
5953535252,73299,08-06-2024 19:11,08-06-2024 19:07,-4,1.2,On Time,
6133025410,73299,09-09-2023 09:19,09-09-2023 09:22,3,3.41,On Time,Traffic
798088726,73299,07-09-2023 08:10,07-09-2023 08:16,6,1.51,Slightly Delayed,Traffic
3372412988,73299,22-01-2024 20:12,22-01-2024 20:10,-2,1.33,On Time,
4910060567,73299,02-04-2023 11:02,02-04-2023 10:58,-4,3.42,On Time,
8708211566,73299,30-04-2023 20:37,30-04-2023 20:48,11,3.65,Slightly Delayed,Traffic
2126853184,73299,15-10-2024 21:05,15-10-2024 21:14,9,2.61,Slightly Delayed,Traffic
4390795259,73299,20-09-2023 09:59,20-09-2023 09:55,-4,4.26,On Time,
9030686359,73299,01-05-2023 23:12,01-05-2023 23:16,4,4.03,On Time,Traffic
8565611606,73299,01-02-2024 04:29,01-02-2024 04:54,25,0.75,Significantly Delayed,Traffic
6782020758,73299,30-11-2023 06:36,30-11-2023 06:40,4,4.61,On Time,Traffic
561884159,73299,01-09-2023 14:33,01-09-2023 14:37,4,3.3,On Time,Traffic
2767430579,73299,21-10-2023 08:04,21-10-2023 08:11,7,2.66,Slightly Delayed,Traffic
5934372451,73299,10-04-2023 02:10,10-04-2023 02:05,-5,4.74,On Time,
6833977302,73299,05-06-2023 04:57,05-06-2023 05:22,25,1.41,Significantly Delayed,Traffic
8396649871,73299,27-02-2024 16:26,27-02-2024 16:27,1,4.59,On Time,Traffic
1937188757,73299,05-09-2023 02:59,05-09-2023 03:04,5,4.83,On Time,Traffic
3142198801,73299,16-07-2024 01:25,16-07-2024 01:24,-1,4.85,On Time,
6087109745,73299,18-03-2023 19:21,18-03-2023 19:24,3,2.32,On Time,Traffic
8895262247,73299,20-03-2023 03:25,20-03-2023 03:40,15,4.62,Slightly Delayed,Traffic
5138524153,73299,09-08-2023 18:21,09-08-2023 18:16,-5,3.63,On Time,
9789995549,73299,24-01-2024 22:25,24-01-2024 22:29,4,1.37,On Time,Traffic
7485459856,73299,15-09-2023 07:22,15-09-2023 07:20,-2,2.58,On Time,
4033626537,73299,03-05-2023 23:09,03-05-2023 23:09,0,1.88,On Time,
9370915142,73299,28-10-2023 19:49,28-10-2023 19:59,10,3.06,Slightly Delayed,Traffic
7211325894,73299,21-04-2023 14:41,21-04-2023 14:36,-5,2.43,On Time,
3482827003,73299,08-05-2023 15:11,08-05-2023 15:23,12,1.16,Slightly Delayed,Traffic
6656246719,73299,09-09-2024 13:53,09-09-2024 14:07,14,2.61,Slightly Delayed,Traffic
6092663288,73299,28-09-2024 03:32,28-09-2024 03:27,-5,1.38,On Time,
9346041594,73299,08-06-2023 14:40,08-06-2023 14:39,-1,1.78,On Time,
9105127475,73299,10-11-2023 13:54,10-11-2023 14:06,12,3.03,Slightly Delayed,Traffic
6120818381,73299,02-05-2024 00:38,02-05-2024 00:34,-4,0.87,On Time,
5174370629,73299,09-07-2024 03:01,09-07-2024 03:05,4,2.4,On Time,Traffic
3244930036,73299,15-05-2023 01:33,15-05-2023 01:36,3,2.64,On Time,Traffic
2976493998,73299,26-10-2024 08:56,26-10-2024 09:03,7,0.83,Slightly Delayed,Traffic
7971593791,73299,14-06-2023 04:41,14-06-2023 04:57,16,2.44,Significantly Delayed,Traffic
4052544342,73299,30-04-2024 18:38,30-04-2024 18:54,16,1.7,Significantly Delayed,Traffic
6264003424,73299,03-08-2024 11:42,03-08-2024 11:42,0,2.75,On Time,
3436107152,73299,04-04-2024 18:29,04-04-2024 18:34,5,3.98,On Time,Traffic
8546631319,73299,30-10-2023 18:58,30-10-2023 19:02,4,3.23,On Time,Traffic
640960551,73299,09-06-2023 03:03,09-06-2023 03:05,2,4.95,On Time,Traffic
1141173434,73299,24-11-2023 04:38,24-11-2023 04:50,12,4.69,Slightly Delayed,Traffic
528309380,73299,30-04-2024 11:10,30-04-2024 11:19,9,1.73,Slightly Delayed,Traffic
2387509904,73299,26-07-2024 00:18,26-07-2024 00:23,5,4.53,On Time,Traffic
6791931269,73299,05-07-2024 01:45,05-07-2024 01:50,5,1.67,On Time,Traffic
4063689432,73299,14-10-2023 03:34,14-10-2023 03:33,-1,2.59,On Time,
1206887762,73299,19-06-2024 01:23,19-06-2024 01:37,14,4.48,Slightly Delayed,Traffic
6409437174,73299,06-12-2023 13:14,06-12-2023 13:36,22,4.46,Significantly Delayed,Traffic
1355164713,73299,03-09-2023 15:30,03-09-2023 15:31,1,2.79,On Time,Traffic
2604772138,73299,21-05-2024 11:44,21-05-2024 11:46,2,0.84,On Time,Traffic
5868093790,73299,06-04-2023 00:08,06-04-2023 00:11,3,4.17,On Time,Traffic
10161194,73299,24-12-2023 23:28,24-12-2023 23:31,3,4.44,On Time,Traffic
8930380639,73299,03-10-2023 03:09,03-10-2023 03:09,0,1.41,On Time,
2247940574,73299,09-04-2024 08:02,09-04-2024 08:07,5,1.35,On Time,Traffic
6190907327,73299,03-11-2023 00:52,03-11-2023 00:52,0,3.61,On Time,
127277515,73299,30-09-2023 08:37,30-09-2023 08:41,4,4.27,On Time,Traffic
8209093135,73299,30-10-2023 06:35,30-10-2023 06:37,2,1.97,On Time,Traffic
4419380079,73299,15-12-2023 15:33,15-12-2023 15:41,8,2.21,Slightly Delayed,Traffic
2954606845,73299,26-10-2024 08:58,26-10-2024 08:54,-4,2.33,On Time,
5128739359,73299,25-07-2024 04:00,25-07-2024 03:55,-5,1.39,On Time,
8183315245,73299,27-02-2024 15:33,27-02-2024 15:47,14,4.56,Slightly Delayed,Traffic
8820606892,73299,13-04-2023 06:14,13-04-2023 06:16,2,4.45,On Time,Traffic
7779228340,73299,09-06-2023 10:02,09-06-2023 09:57,-5,0.56,On Time,
8459230018,73299,03-06-2024 00:07,03-06-2024 00:07,0,1.37,On Time,
7060468800,73299,03-07-2024 03:54,03-07-2024 04:06,12,1.4,Slightly Delayed,Traffic
218821567,73299,08-03-2024 21:08,08-03-2024 21:04,-4,3.81,On Time,
7795766861,73299,10-05-2023 23:54,10-05-2023 23:53,-1,4.37,On Time,
4285804383,73299,01-05-2023 02:26,01-05-2023 02:37,11,2.97,Slightly Delayed,Traffic
5961051248,73299,28-10-2024 20:23,28-10-2024 20:26,3,4.38,On Time,Traffic
5630323534,73299,08-03-2024 13:51,08-03-2024 13:58,7,2.98,Slightly Delayed,Traffic
4642824835,73299,07-07-2024 02:51,07-07-2024 02:53,2,4.52,On Time,Traffic
3060527554,73299,27-03-2024 16:05,27-03-2024 16:13,8,4.74,Slightly Delayed,Traffic
4048252396,73299,12-04-2024 20:04,12-04-2024 20:00,-4,3.27,On Time,
1271431612,73299,16-04-2024 13:16,16-04-2024 13:22,6,3.85,Slightly Delayed,Traffic
8981940261,73299,24-05-2024 19:09,24-05-2024 19:07,-2,1.65,On Time,
3896239510,73299,19-05-2023 13:21,19-05-2023 13:35,14,1.08,Slightly Delayed,Traffic
711316410,73299,20-02-2024 10:30,20-02-2024 10:32,2,3.77,On Time,Traffic
9863502398,73299,19-12-2023 09:48,19-12-2023 09:50,2,4.82,On Time,Traffic
293770293,73299,20-09-2023 05:57,20-09-2023 06:02,5,1.6,On Time,Traffic
890800429,73299,28-03-2024 03:15,28-03-2024 03:17,2,1.96,On Time,Traffic
1270503169,73299,09-07-2024 11:52,09-07-2024 11:55,3,3.38,On Time,Traffic
168180571,73299,16-03-2023 15:06,16-03-2023 15:16,10,3.79,Slightly Delayed,Traffic
111296281,73299,28-05-2024 15:30,28-05-2024 15:28,-2,3.1,On Time,
7329085364,73299,07-06-2023 21:44,07-06-2023 21:45,1,2.96,On Time,Traffic
1129130498,73299,01-12-2023 16:52,01-12-2023 16:47,-5,3.89,On Time,
996939836,73299,15-05-2024 13:07,15-05-2024 13:06,-1,0.95,On Time,
8263379807,73299,16-04-2023 11:50,16-04-2023 11:49,-1,2.43,On Time,
5735975899,73299,14-09-2023 07:57,14-09-2023 07:59,2,1.19,On Time,Traffic
9651034668,73299,07-09-2024 09:57,07-09-2024 09:58,1,1.87,On Time,Traffic
3103539793,73299,31-07-2023 00:08,31-07-2023 00:03,-5,4.13,On Time,
1611921781,73299,01-06-2023 13:10,01-06-2023 13:10,0,3.19,On Time,
7532381028,73299,21-03-2023 20:07,21-03-2023 20:04,-3,2.64,On Time,
7803665404,73299,27-05-2023 23:38,27-05-2023 23:42,4,3.19,On Time,Traffic
466184886,73299,16-08-2023 23:10,16-08-2023 23:06,-4,1.58,On Time,
4692518050,73299,29-03-2024 00:26,29-03-2024 00:25,-1,1.14,On Time,
9408428,73299,30-08-2023 13:54,30-08-2023 13:50,-4,2.17,On Time,
8766330526,73299,14-04-2023 13:29,14-04-2023 13:26,-3,1.09,On Time,
9221423039,73299,27-10-2024 13:55,27-10-2024 13:50,-5,4.51,On Time,
4268661538,73299,24-10-2023 03:59,24-10-2023 04:01,2,2.42,On Time,Traffic
1378809665,73299,18-03-2023 20:01,18-03-2023 20:06,5,1.73,On Time,Traffic
4917941248,73299,19-05-2024 04:11,19-05-2024 04:14,3,0.93,On Time,Traffic
5132792285,73299,10-04-2024 14:26,10-04-2024 14:23,-3,3.57,On Time,
3776678112,73299,09-12-2023 22:43,09-12-2023 22:59,16,2.47,Significantly Delayed,Traffic
6940411801,73299,01-07-2023 22:07,01-07-2023 22:20,13,3.53,Slightly Delayed,Traffic
7422521525,73299,16-03-2024 01:59,16-03-2024 01:54,-5,3.95,On Time,
4419022028,73299,13-12-2023 09:37,13-12-2023 09:42,5,2.78,On Time,Traffic
8016651984,73299,30-04-2023 06:46,30-04-2023 06:48,2,0.76,On Time,Traffic
2361722422,73299,27-04-2023 10:07,27-04-2023 10:12,5,1.43,On Time,Traffic
1001453982,73299,31-07-2023 05:13,31-07-2023 05:24,11,0.92,Slightly Delayed,Traffic
9093918346,73299,31-03-2024 23:04,31-03-2024 23:08,4,4.8,On Time,Traffic
3969014433,73299,09-08-2023 13:24,09-08-2023 13:19,-5,4.93,On Time,
9684561720,73299,04-09-2023 11:52,04-09-2023 11:56,4,1.14,On Time,Traffic
7031115362,73299,25-10-2024 07:59,25-10-2024 08:29,30,3.41,Significantly Delayed,Traffic
8204766849,73299,29-07-2024 03:06,29-07-2024 03:26,20,4.73,Significantly Delayed,Traffic
2785412612,73299,18-03-2024 21:35,18-03-2024 21:31,-4,4.99,On Time,
2624138741,73299,18-04-2024 01:23,18-04-2024 01:18,-5,3.37,On Time,
748376248,73299,29-08-2023 00:57,29-08-2023 00:53,-4,3.47,On Time,
6096787440,73299,18-03-2023 12:17,18-03-2023 12:14,-3,4.01,On Time,
8787660233,73299,26-05-2024 07:35,26-05-2024 07:46,11,3.34,Slightly Delayed,Traffic
3845481278,73299,05-07-2023 06:14,05-07-2023 06:15,1,4.74,On Time,Traffic
4636134267,73299,28-02-2024 19:49,28-02-2024 20:02,13,1.03,Slightly Delayed,Traffic
4538825340,73299,05-04-2024 10:44,05-04-2024 10:46,2,2.94,On Time,Traffic
4553101047,73299,31-05-2024 23:23,31-05-2024 23:20,-3,4.88,On Time,
2193853405,73299,30-05-2023 21:05,30-05-2023 21:15,10,3.54,Slightly Delayed,Traffic
1642059453,73299,12-08-2023 05:33,12-08-2023 05:36,3,3.07,On Time,Traffic
5890339330,73299,21-05-2024 16:31,21-05-2024 16:26,-5,3.81,On Time,
313663478,73299,21-02-2024 17:14,21-02-2024 17:17,3,1.45,On Time,Traffic
8591576320,73299,29-07-2023 06:38,29-07-2023 06:33,-5,3.5,On Time,
4728104591,73299,06-11-2023 03:00,06-11-2023 02:55,-5,4.27,On Time,
8276401643,73299,17-10-2024 06:36,17-10-2024 06:31,-5,2.78,On Time,
8709694061,73299,17-10-2024 11:30,17-10-2024 11:44,14,3.64,Slightly Delayed,Traffic
4080156881,73299,03-04-2024 18:58,03-04-2024 18:58,0,1.62,On Time,
7485829116,73299,30-03-2024 14:02,30-03-2024 14:03,1,0.88,On Time,Traffic
7378865582,73299,23-05-2023 18:21,23-05-2023 18:17,-4,3.36,On Time,
335575667,73299,07-09-2023 06:23,07-09-2023 06:24,1,3.15,On Time,Traffic
1621109077,73299,25-03-2024 17:59,25-03-2024 18:06,7,1.18,Slightly Delayed,Traffic
7468088555,73299,10-05-2023 11:44,10-05-2023 11:41,-3,4.93,On Time,
3676517886,73299,08-06-2024 19:26,08-06-2024 19:38,12,4.83,Slightly Delayed,Traffic
1746921111,73299,28-08-2024 18:41,28-08-2024 18:39,-2,0.83,On Time,
7774691391,73299,20-07-2023 08:53,20-07-2023 08:58,5,3.75,On Time,Traffic
8220678247,73299,23-06-2024 18:35,23-06-2024 18:33,-2,2.72,On Time,
6048604080,73299,06-09-2023 02:19,06-09-2023 02:16,-3,1.33,On Time,
8545716586,73299,12-01-2024 13:34,12-01-2024 13:48,14,0.89,Slightly Delayed,Traffic
530870056,73299,15-08-2024 13:11,15-08-2024 13:08,-3,2.27,On Time,
4055690435,73299,05-04-2023 02:20,05-04-2023 02:16,-4,3.9,On Time,
7096530350,73299,26-06-2024 04:39,26-06-2024 04:38,-1,2.56,On Time,
7083649345,73299,20-05-2023 10:24,20-05-2023 10:26,2,4.36,On Time,Traffic
836457367,73299,02-06-2024 06:14,02-06-2024 06:42,28,2.04,Significantly Delayed,Traffic
7698126312,73299,31-10-2023 03:51,31-10-2023 04:02,11,3.14,Slightly Delayed,Traffic
2267297760,73299,29-01-2024 12:03,29-01-2024 11:59,-4,1.84,On Time,
1717841423,73299,31-01-2024 20:44,31-01-2024 20:50,6,2.36,Slightly Delayed,Traffic
4330597536,73299,11-04-2023 15:08,11-04-2023 15:12,4,1.95,On Time,Traffic
3687593721,73299,16-05-2023 22:40,16-05-2023 22:49,9,1.33,Slightly Delayed,Traffic
6660740926,73299,24-05-2024 16:47,24-05-2024 16:58,11,4.87,Slightly Delayed,Traffic
9439713009,73299,22-04-2024 03:09,22-04-2024 03:06,-3,3.4,On Time,
5281121057,73299,20-08-2023 22:35,20-08-2023 22:49,14,4.11,Slightly Delayed,Traffic
7044351561,73299,19-09-2023 16:35,19-09-2023 16:34,-1,2.09,On Time,
9121393476,73299,01-08-2023 08:20,01-08-2023 08:19,-1,3.85,On Time,
7202170939,73299,13-01-2024 14:02,13-01-2024 14:06,4,4.22,On Time,Traffic
1429047127,73299,09-12-2023 20:57,09-12-2023 21:15,18,3.25,Significantly Delayed,Traffic
8551965787,73299,16-10-2024 11:36,16-10-2024 11:33,-3,2.64,On Time,
6756882357,73299,23-06-2024 09:58,23-06-2024 09:53,-5,3,On Time,
618929241,73299,02-10-2023 21:36,02-10-2023 21:53,17,1.01,Significantly Delayed,Traffic
9711157887,73299,03-01-2024 18:39,03-01-2024 18:40,1,4.03,On Time,Traffic
354149805,73299,17-04-2024 22:03,17-04-2024 22:04,1,0.84,On Time,Traffic
231328814,73299,19-04-2024 04:16,19-04-2024 04:25,9,4.71,Slightly Delayed,Traffic
523916986,73299,19-09-2024 08:05,19-09-2024 08:03,-2,0.89,On Time,
1930887811,73299,10-08-2023 05:11,10-08-2023 05:11,0,4.36,On Time,
9958741781,73299,26-08-2024 01:59,26-08-2024 02:08,9,2.52,Slightly Delayed,Traffic
6727230123,73299,19-10-2024 12:35,19-10-2024 12:51,16,2.72,Significantly Delayed,Traffic
9487368442,73299,09-08-2023 18:52,09-08-2023 18:55,3,2.01,On Time,Traffic
671459763,73299,23-06-2024 14:36,23-06-2024 14:41,5,2.78,On Time,Traffic
9129957352,73299,06-09-2023 17:01,06-09-2023 17:05,4,1.25,On Time,Traffic
9206073690,73299,07-06-2024 18:12,07-06-2024 18:16,4,4.94,On Time,Traffic
5587148302,73299,23-09-2024 21:21,23-09-2024 21:26,5,1.87,On Time,Traffic
6936256414,73299,23-06-2024 03:22,23-06-2024 03:27,5,1.21,On Time,Traffic
3341228576,73299,05-05-2023 02:21,05-05-2023 02:27,6,2.11,Slightly Delayed,Traffic
4817323453,73299,07-09-2023 06:51,07-09-2023 06:53,2,1.96,On Time,Traffic
1163454835,73299,06-12-2023 05:56,06-12-2023 06:01,5,2.82,On Time,Traffic
5236061455,73299,07-04-2023 00:05,07-04-2023 00:09,4,4.84,On Time,Traffic
5982829268,73299,01-04-2023 04:43,01-04-2023 04:43,0,1.56,On Time,
1901688056,73299,13-09-2023 16:20,13-09-2023 16:20,0,4.41,On Time,
5936051107,73299,21-10-2024 14:58,21-10-2024 15:10,12,4.52,Slightly Delayed,Traffic
3018272105,73299,21-03-2023 02:59,21-03-2023 02:56,-3,4.37,On Time,
3656191983,73299,16-08-2023 23:21,16-08-2023 23:20,-1,4.99,On Time,
5186692805,73299,08-11-2023 15:17,08-11-2023 15:37,20,3.88,Significantly Delayed,Traffic
7281243151,73299,30-08-2023 10:03,30-08-2023 10:00,-3,4.15,On Time,
7906004940,73299,27-04-2023 17:29,27-04-2023 17:32,3,4.5,On Time,Traffic
6354703603,73299,17-05-2024 22:08,17-05-2024 22:03,-5,3.2,On Time,
6444064733,73299,11-10-2023 11:21,11-10-2023 11:18,-3,2.5,On Time,
2405783093,73299,18-03-2023 08:32,18-03-2023 08:32,0,2.13,On Time,
63363146,73299,12-07-2023 01:50,12-07-2023 02:05,15,1.26,Slightly Delayed,Traffic
7040313500,73299,14-10-2024 15:33,14-10-2024 15:29,-4,3.06,On Time,
5844807259,73299,14-10-2023 02:52,14-10-2023 02:47,-5,2.95,On Time,
1931703221,73299,08-05-2023 08:57,08-05-2023 08:59,2,3.71,On Time,Traffic
3525336030,73299,12-04-2023 23:03,12-04-2023 23:18,15,4.32,Slightly Delayed,Traffic
4359807852,73299,11-04-2024 10:54,11-04-2024 10:55,1,1.95,On Time,Traffic
6946959356,73299,15-12-2023 22:05,15-12-2023 22:12,7,1.27,Slightly Delayed,Traffic
782338627,73299,08-09-2024 06:06,08-09-2024 06:31,25,3.34,Significantly Delayed,Traffic
4942714391,73299,19-01-2024 23:09,19-01-2024 23:12,3,0.66,On Time,Traffic
919307194,73299,07-01-2024 15:41,07-01-2024 15:59,18,4.66,Significantly Delayed,Traffic
6509263423,73299,20-01-2024 12:29,20-01-2024 12:26,-3,0.91,On Time,
7200105089,73299,29-11-2023 07:35,29-11-2023 07:48,13,4.3,Slightly Delayed,Traffic
7120372196,73299,10-08-2024 17:36,10-08-2024 17:47,11,4.32,Slightly Delayed,Traffic
8710393245,73299,21-07-2024 11:22,21-07-2024 11:20,-2,4.18,On Time,
8862036450,73299,03-01-2024 12:38,03-01-2024 12:36,-2,3.06,On Time,
2087769338,73299,08-06-2024 06:34,08-06-2024 06:34,0,3.33,On Time,
3349267712,73299,25-09-2023 01:10,25-09-2023 01:20,10,2.46,Slightly Delayed,Traffic
1689937124,73299,17-01-2024 06:09,17-01-2024 06:13,4,2.48,On Time,Traffic
4498769995,73299,23-01-2024 02:41,23-01-2024 02:46,5,1.68,On Time,Traffic
3729771871,73299,10-11-2023 11:00,10-11-2023 11:04,4,4.95,On Time,Traffic
9065518834,73299,17-06-2024 17:25,17-06-2024 17:27,2,0.57,On Time,Traffic
7524465290,73299,06-01-2024 16:01,06-01-2024 16:07,6,2.9,Slightly Delayed,Traffic
2319921666,73299,01-05-2024 11:57,01-05-2024 11:54,-3,1.97,On Time,
9541612277,73299,31-03-2024 06:48,31-03-2024 06:46,-2,3.14,On Time,
6303548068,73299,30-06-2024 00:29,30-06-2024 00:40,11,2.89,Slightly Delayed,Traffic
5867651793,73299,09-11-2023 11:51,09-11-2023 11:50,-1,4.61,On Time,
6405947025,73299,28-09-2024 22:18,28-09-2024 22:20,2,3.2,On Time,Traffic
2150790907,73299,16-08-2023 13:21,16-08-2023 13:33,12,4.13,Slightly Delayed,Traffic
212856641,73299,02-11-2024 11:02,02-11-2024 10:57,-5,2.66,On Time,
1686508921,73299,22-07-2024 22:32,22-07-2024 22:27,-5,1.62,On Time,
5879579208,73299,10-09-2024 11:07,10-09-2024 11:13,6,0.85,Slightly Delayed,Traffic
1882682579,73299,13-05-2023 23:21,13-05-2023 23:20,-1,3.81,On Time,
8370410622,73299,01-06-2024 13:19,01-06-2024 13:21,2,2.24,On Time,Traffic
368599691,73299,22-10-2024 16:36,22-10-2024 16:37,1,2.3,On Time,Traffic
9282982332,73299,12-09-2024 22:32,12-09-2024 22:34,2,1.07,On Time,Traffic
4874880100,73299,09-09-2024 23:14,09-09-2024 23:19,5,0.83,On Time,Traffic
102639985,73299,27-08-2023 07:12,27-08-2023 07:15,3,3.7,On Time,Traffic
5288207551,73299,10-09-2023 19:09,10-09-2023 19:23,14,2.52,Slightly Delayed,Traffic
693932743,73299,06-06-2023 20:45,06-06-2023 20:45,0,4.2,On Time,
2325405669,73299,08-03-2024 23:29,08-03-2024 23:27,-2,0.99,On Time,
8152364696,73299,24-12-2023 13:29,24-12-2023 13:29,0,2.01,On Time,
7682359398,73299,15-09-2024 05:16,15-09-2024 05:25,9,1.67,Slightly Delayed,Traffic
1742951029,73299,07-05-2023 23:20,07-05-2023 23:39,19,2.67,Significantly Delayed,Traffic
4799787645,73299,07-10-2023 07:24,07-10-2023 07:43,19,3.46,Significantly Delayed,Traffic
8498666384,73299,08-03-2024 18:13,08-03-2024 18:16,3,4.33,On Time,Traffic
5013572642,73299,08-05-2023 19:37,08-05-2023 19:50,13,3.25,Slightly Delayed,Traffic
8403006958,73299,27-11-2023 05:53,27-11-2023 05:48,-5,3.65,On Time,
4688831157,73299,03-07-2024 23:55,03-07-2024 23:59,4,1.4,On Time,Traffic
394578210,73299,26-09-2023 05:33,26-09-2023 05:38,5,0.68,On Time,Traffic
8681711802,73299,07-10-2023 07:22,07-10-2023 07:17,-5,4.75,On Time,
9311399064,73299,04-11-2023 21:42,04-11-2023 21:45,3,1.16,On Time,Traffic
2620581496,73299,21-04-2023 02:46,21-04-2023 02:45,-1,3.47,On Time,
5116898322,73299,18-07-2024 13:37,18-07-2024 13:35,-2,1.52,On Time,
5995819849,73299,19-08-2023 04:35,19-08-2023 04:44,9,1.18,Slightly Delayed,Traffic
7690500286,73299,12-07-2024 18:27,12-07-2024 18:34,7,2.14,Slightly Delayed,Traffic
6107283203,73299,09-09-2024 20:41,09-09-2024 20:43,2,1.08,On Time,Traffic
3170417508,73299,10-01-2024 05:43,10-01-2024 05:56,13,4.22,Slightly Delayed,Traffic
805682701,73299,30-07-2023 23:02,30-07-2023 23:14,12,4.98,Slightly Delayed,Traffic
8960508625,73299,07-10-2023 10:13,07-10-2023 10:18,5,1.17,On Time,Traffic
5580397726,73299,21-06-2023 05:05,21-06-2023 05:24,19,3.75,Significantly Delayed,Traffic
1506599381,73299,18-09-2024 04:47,18-09-2024 04:50,3,3.36,On Time,Traffic
8424478165,73299,21-04-2023 18:36,21-04-2023 18:36,0,1.52,On Time,
6083333956,73299,27-03-2023 06:53,27-03-2023 07:06,13,2.12,Slightly Delayed,Traffic
9611327860,73299,07-04-2024 17:57,07-04-2024 17:55,-2,2.56,On Time,
9539444766,73299,04-11-2023 08:11,04-11-2023 08:16,5,2.89,On Time,Traffic
756168939,73299,05-07-2024 18:49,05-07-2024 18:44,-5,1.21,On Time,
7762624518,73299,26-08-2024 21:32,26-08-2024 21:46,14,4,Slightly Delayed,Traffic
3681781563,73299,18-11-2023 10:35,18-11-2023 10:33,-2,3.37,On Time,
1571085226,73299,07-04-2024 00:50,07-04-2024 00:57,7,4.62,Slightly Delayed,Traffic
4244306883,73299,03-03-2024 10:42,03-03-2024 10:56,14,2.9,Slightly Delayed,Traffic
7333141591,73299,15-03-2024 17:02,15-03-2024 17:20,18,0.8,Significantly Delayed,Traffic
1199945706,73299,08-01-2024 19:48,08-01-2024 19:47,-1,3.13,On Time,
5895644119,73299,11-06-2023 14:27,11-06-2023 14:27,0,2.16,On Time,
7112919210,73299,01-02-2024 22:18,01-02-2024 22:18,0,3.88,On Time,
8315937318,73299,08-05-2024 17:52,08-05-2024 18:01,9,3.07,Slightly Delayed,Traffic
5331800057,73299,29-03-2023 01:41,29-03-2023 01:54,13,4.9,Slightly Delayed,Traffic
5989265505,73299,15-03-2024 04:27,15-03-2024 04:22,-5,1.78,On Time,
7906361274,73299,03-09-2023 18:52,03-09-2023 18:51,-1,1.97,On Time,
6312476146,73299,27-01-2024 19:57,27-01-2024 20:06,9,2.18,Slightly Delayed,Traffic
9436272631,73299,18-05-2024 02:57,18-05-2024 02:56,-1,4.78,On Time,
8289791792,73299,26-01-2024 15:04,26-01-2024 15:00,-4,2.33,On Time,
7659532788,73299,01-02-2024 21:16,01-02-2024 21:19,3,3.26,On Time,Traffic
1498157233,73299,08-02-2024 06:44,08-02-2024 06:48,4,0.96,On Time,Traffic
8560951754,73299,17-05-2023 18:26,17-05-2023 18:32,6,0.99,Slightly Delayed,Traffic
8764192824,73299,24-07-2023 09:08,24-07-2023 09:23,15,1.34,Slightly Delayed,Traffic
1900542981,73299,25-03-2023 18:46,25-03-2023 18:50,4,1.16,On Time,Traffic
9445683691,73299,12-11-2023 20:17,12-11-2023 20:33,16,4.53,Significantly Delayed,Traffic
7719808335,73299,26-04-2023 18:00,26-04-2023 17:59,-1,2.74,On Time,
4865644960,73299,11-09-2023 08:59,11-09-2023 09:07,8,3.91,Slightly Delayed,Traffic
6518276143,73299,25-01-2024 23:29,25-01-2024 23:24,-5,1.5,On Time,
2211459584,73299,25-12-2023 14:34,25-12-2023 14:34,0,4.19,On Time,
6811633572,73299,26-06-2024 14:44,26-06-2024 14:48,4,2.15,On Time,Traffic
1821573240,73299,10-04-2024 16:39,10-04-2024 16:42,3,4.66,On Time,Traffic
8848227434,73299,17-06-2023 14:18,17-06-2023 14:16,-2,4.94,On Time,
7812276711,73299,25-03-2023 06:28,25-03-2023 06:40,12,2.45,Slightly Delayed,Traffic
939966106,73299,02-05-2023 10:04,02-05-2023 10:06,2,2.05,On Time,Traffic
4099108156,73299,10-04-2024 04:40,10-04-2024 04:39,-1,0.91,On Time,
5684182622,73299,03-03-2024 16:31,03-03-2024 16:31,0,2.04,On Time,
4916740946,73299,29-10-2023 19:30,29-10-2023 19:34,4,1.38,On Time,Traffic
9732307600,73299,31-01-2024 09:03,31-01-2024 09:02,-1,4.44,On Time,
9280329883,73299,10-09-2023 23:19,10-09-2023 23:27,8,2.35,Slightly Delayed,Traffic
4284285927,73299,04-08-2024 21:12,04-08-2024 21:14,2,1.4,On Time,Traffic
8701796,73299,19-08-2024 19:14,19-08-2024 19:23,9,4.97,Slightly Delayed,Traffic
6834734512,73299,31-08-2023 23:28,31-08-2023 23:29,1,4.75,On Time,Traffic
7127377458,73299,26-03-2023 15:47,26-03-2023 15:55,8,3.89,Slightly Delayed,Traffic
4754481356,73299,14-08-2023 18:36,14-08-2023 18:35,-1,3.5,On Time,
4726007482,73299,30-08-2023 12:07,30-08-2023 12:11,4,2.57,On Time,Traffic
2320560482,73299,18-02-2024 13:21,18-02-2024 13:19,-2,3.15,On Time,
1456550348,73299,02-05-2024 00:38,02-05-2024 00:38,0,1.19,On Time,
5370744569,73299,23-08-2023 13:55,23-08-2023 14:08,13,3.16,Slightly Delayed,Traffic
5819887962,73299,03-03-2024 00:46,03-03-2024 01:08,22,2.97,Significantly Delayed,Traffic
1929465827,73299,13-12-2023 13:01,13-12-2023 13:00,-1,4.51,On Time,
9430139302,73299,09-02-2024 08:04,09-02-2024 08:05,1,2.53,On Time,Traffic
3632715912,73299,18-08-2024 17:35,18-08-2024 17:40,5,0.8,On Time,Traffic
3356214803,73299,08-06-2024 22:11,08-06-2024 22:08,-3,2.84,On Time,
2277864850,73299,30-10-2024 04:34,30-10-2024 04:30,-4,4.13,On Time,
1754472592,73299,11-06-2024 02:12,11-06-2024 02:13,1,2.88,On Time,Traffic
1833208408,73299,16-08-2023 07:43,16-08-2023 07:43,0,2.48,On Time,
6567954047,73299,09-07-2023 10:06,09-07-2023 10:28,22,0.53,Significantly Delayed,Traffic
9409585531,73299,03-04-2023 06:22,03-04-2023 06:29,7,4.52,Slightly Delayed,Traffic
731371161,73299,25-09-2024 10:09,25-09-2024 10:29,20,0.77,Significantly Delayed,Traffic
7863496069,73299,09-02-2024 19:09,09-02-2024 19:24,15,4.5,Slightly Delayed,Traffic
9043955242,73299,13-04-2024 05:19,13-04-2024 05:45,26,2.64,Significantly Delayed,Traffic
8257564936,73299,31-03-2024 08:22,31-03-2024 08:22,0,3.94,On Time,
7487631571,73299,12-04-2024 17:22,12-04-2024 17:31,9,3.79,Slightly Delayed,Traffic
4243307535,73299,04-07-2024 21:55,04-07-2024 22:03,8,3.93,Slightly Delayed,Traffic
5490221933,73299,21-06-2023 13:05,21-06-2023 13:01,-4,4.5,On Time,
577600718,73299,06-04-2024 03:56,06-04-2024 04:05,9,0.87,Slightly Delayed,Traffic
1815462789,73299,09-09-2023 05:03,09-09-2023 05:15,12,2.81,Slightly Delayed,Traffic
896786012,73299,18-08-2023 05:55,18-08-2023 06:05,10,1.61,Slightly Delayed,Traffic
2610552179,73299,26-06-2024 11:40,26-06-2024 11:42,2,1.91,On Time,Traffic
6244718082,73299,22-05-2024 14:27,22-05-2024 14:23,-4,4.95,On Time,
1837634871,73299,06-05-2023 13:50,06-05-2023 14:05,15,1.27,Slightly Delayed,Traffic
8684571382,73299,04-10-2023 22:51,04-10-2023 22:50,-1,3.84,On Time,
1659181364,73299,26-08-2023 23:49,26-08-2023 23:59,10,1,Slightly Delayed,Traffic
5626641031,73299,19-05-2024 01:47,19-05-2024 01:49,2,1.12,On Time,Traffic
1589326447,73299,27-01-2024 14:47,27-01-2024 14:52,5,1.75,On Time,Traffic
5018325783,73299,11-02-2024 04:37,11-02-2024 04:35,-2,1.96,On Time,
5111073873,73299,02-02-2024 19:56,02-02-2024 19:56,0,2.5,On Time,
5953426781,73299,10-12-2023 11:44,10-12-2023 11:42,-2,3.95,On Time,
8966870214,73299,27-02-2024 21:42,27-02-2024 21:48,6,2.15,Slightly Delayed,Traffic
6962915277,73299,14-09-2024 10:57,14-09-2024 10:57,0,1.07,On Time,
4309308088,73299,02-12-2023 20:44,02-12-2023 20:48,4,2.27,On Time,Traffic
5391068200,73299,20-11-2023 04:13,20-11-2023 04:08,-5,4.94,On Time,
4394681222,73299,28-03-2024 23:30,28-03-2024 23:45,15,1.8,Slightly Delayed,Traffic
4791895461,73299,11-08-2024 00:04,11-08-2024 00:28,24,2.47,Significantly Delayed,Traffic
7272011740,73299,16-09-2024 12:46,16-09-2024 12:48,2,4.2,On Time,Traffic
87784691,73299,29-09-2024 01:10,29-09-2024 01:13,3,4.58,On Time,Traffic
4939105270,73299,02-11-2023 03:00,02-11-2023 02:58,-2,3.43,On Time,
4622303035,73299,03-08-2023 11:25,03-08-2023 11:23,-2,2.53,On Time,
3460208027,73299,19-04-2024 21:56,19-04-2024 21:56,0,1.9,On Time,
2548125971,73299,05-11-2023 22:18,05-11-2023 22:13,-5,4.48,On Time,
2390111460,73299,09-09-2023 21:37,09-09-2023 21:42,5,4.29,On Time,Traffic
8309485249,73299,02-12-2023 20:46,02-12-2023 20:51,5,3.55,On Time,Traffic
8322543480,73299,27-09-2024 02:38,27-09-2024 03:02,24,4.99,Significantly Delayed,Traffic
2819200158,73299,23-07-2023 14:54,23-07-2023 14:56,2,1.95,On Time,Traffic
7087151227,73299,26-11-2023 01:10,26-11-2023 01:06,-4,2.61,On Time,
6704234561,73299,03-01-2024 07:40,03-01-2024 08:10,30,1.81,Significantly Delayed,Traffic
6998410196,73299,25-07-2023 15:51,25-07-2023 16:04,13,1.53,Slightly Delayed,Traffic
707035635,73299,29-09-2024 09:47,29-09-2024 09:43,-4,4.33,On Time,
543400704,73299,27-10-2023 00:54,27-10-2023 00:49,-5,1.06,On Time,
3604694195,73299,03-09-2023 16:41,03-09-2023 16:36,-5,0.64,On Time,
3560549947,73299,21-07-2024 02:39,21-07-2024 02:47,8,4.06,Slightly Delayed,Traffic
9982178143,73299,08-12-2023 14:17,08-12-2023 14:39,22,3.86,Significantly Delayed,Traffic
1423646541,73299,10-12-2023 10:45,10-12-2023 10:44,-1,1.73,On Time,
7441941402,73299,22-12-2023 22:33,22-12-2023 22:31,-2,3.22,On Time,
8395661807,73299,19-08-2024 08:09,19-08-2024 08:11,2,0.61,On Time,Traffic
5480656353,73299,05-03-2024 19:33,05-03-2024 19:28,-5,3.58,On Time,
4561602092,73299,18-09-2024 09:45,18-09-2024 09:44,-1,3.44,On Time,
1695982633,73299,13-01-2024 18:59,13-01-2024 18:55,-4,0.65,On Time,
6309447153,73299,18-05-2023 21:38,18-05-2023 21:38,0,4.09,On Time,
4796733514,73299,03-04-2023 18:48,03-04-2023 19:17,29,1.07,Significantly Delayed,Traffic
2858966982,73299,25-04-2024 10:34,25-04-2024 10:29,-5,3.77,On Time,
6948607495,73299,28-08-2024 09:56,28-08-2024 10:01,5,2,On Time,Traffic
4959271803,73299,22-02-2024 01:31,22-02-2024 01:44,13,2.07,Slightly Delayed,Traffic
5669689881,73299,11-07-2023 21:32,11-07-2023 21:43,11,4.57,Slightly Delayed,Traffic
5352265711,73299,29-02-2024 19:48,29-02-2024 20:01,13,1.05,Slightly Delayed,Traffic
5498551836,73299,02-11-2023 13:45,02-11-2023 13:47,2,2.78,On Time,Traffic
6556845822,73299,13-05-2023 19:23,13-05-2023 19:28,5,1.46,On Time,Traffic
5167008199,73299,31-05-2024 21:41,31-05-2024 21:36,-5,2.76,On Time,
966294309,73299,02-05-2024 06:03,02-05-2024 06:06,3,2.48,On Time,Traffic
3163611427,73299,17-01-2024 06:37,17-01-2024 06:42,5,1.11,On Time,Traffic
203136866,73299,11-06-2024 12:37,11-06-2024 12:36,-1,0.74,On Time,
1815555165,73299,11-09-2023 12:01,11-09-2023 12:01,0,3.61,On Time,
1874499212,73299,30-05-2024 00:23,30-05-2024 00:25,2,3.16,On Time,Traffic
4012779165,73299,16-09-2024 09:44,16-09-2024 09:47,3,3.74,On Time,Traffic
3669023899,73299,12-05-2024 09:53,12-05-2024 10:04,11,4.1,Slightly Delayed,Traffic
9296381620,73299,28-04-2024 01:44,28-04-2024 01:43,-1,3.27,On Time,
2725513934,73299,07-10-2023 06:37,07-10-2023 06:39,2,0.65,On Time,Traffic
5564338561,73299,31-03-2024 23:16,31-03-2024 23:14,-2,3.96,On Time,
4701778121,73299,06-06-2024 21:40,06-06-2024 21:44,4,1.24,On Time,Traffic
9529272337,73299,11-12-2023 00:17,11-12-2023 00:17,0,2.06,On Time,
869910650,73299,27-05-2024 00:57,27-05-2024 00:52,-5,4.69,On Time,
2127080399,73299,16-09-2024 15:17,16-09-2024 15:25,8,1.72,Slightly Delayed,Traffic
3547439109,73299,13-04-2023 00:41,13-04-2023 00:39,-2,2.46,On Time,
997535715,73299,27-03-2023 11:35,27-03-2023 11:37,2,4.02,On Time,Traffic
2442453181,73299,26-03-2023 07:40,26-03-2023 07:45,5,4.46,On Time,Traffic
1182120536,73299,26-05-2024 15:51,26-05-2024 15:53,2,2.91,On Time,Traffic
2819297954,73299,07-04-2024 16:05,07-04-2024 16:08,3,0.52,On Time,Traffic
9870956079,73299,26-10-2023 07:43,26-10-2023 07:45,2,3.76,On Time,Traffic
6032675432,73299,29-09-2024 05:22,29-09-2024 05:19,-3,4.47,On Time,
329790912,73299,04-08-2024 10:38,04-08-2024 10:34,-4,2.32,On Time,
6459815532,73299,16-05-2023 21:57,16-05-2023 22:09,12,1.63,Slightly Delayed,Traffic
9214523757,73299,20-10-2023 21:41,20-10-2023 21:37,-4,4.86,On Time,
9450279027,73299,30-09-2023 04:51,30-09-2023 04:47,-4,4.62,On Time,
6265551101,73299,13-11-2023 22:02,13-11-2023 21:58,-4,1.46,On Time,
4138526838,73299,25-10-2023 00:22,25-10-2023 00:35,13,3.73,Slightly Delayed,Traffic
8005579633,73299,16-08-2023 05:37,16-08-2023 06:01,24,1.66,Significantly Delayed,Traffic
3442984170,73299,16-09-2024 23:48,16-09-2024 23:49,1,3.2,On Time,Traffic
8711550413,73299,30-05-2023 14:32,30-05-2023 14:54,22,3.32,Significantly Delayed,Traffic
2509593585,73299,05-05-2023 02:02,05-05-2023 01:59,-3,2.85,On Time,
6126557370,73299,20-04-2024 08:00,20-04-2024 08:05,5,0.68,On Time,Traffic
9876119035,73299,15-04-2023 01:22,15-04-2023 01:35,13,3.58,Slightly Delayed,Traffic
3739042166,73299,23-07-2024 01:02,23-07-2024 01:07,5,4.28,On Time,Traffic
7938944124,73299,30-03-2024 02:13,30-03-2024 02:18,5,4.82,On Time,Traffic
506804807,73299,10-07-2024 05:02,10-07-2024 04:57,-5,3.71,On Time,
3577900599,73299,02-02-2024 08:27,02-02-2024 08:22,-5,1.71,On Time,
8337599633,73299,21-11-2023 13:08,21-11-2023 13:07,-1,2.04,On Time,
8611745429,73299,12-05-2024 03:41,12-05-2024 03:40,-1,1.3,On Time,
2990223879,73299,11-08-2023 18:25,11-08-2023 18:35,10,2.77,Slightly Delayed,Traffic
52324496,73299,23-02-2024 17:47,23-02-2024 17:52,5,2.39,On Time,Traffic
6594929133,73299,14-04-2023 10:02,14-04-2023 10:01,-1,0.65,On Time,
2480235830,73299,19-09-2023 05:54,19-09-2023 05:58,4,4.28,On Time,Traffic
9667072962,73299,11-04-2023 21:09,11-04-2023 21:15,6,3.97,Slightly Delayed,Traffic
277700053,73299,15-08-2023 19:26,15-08-2023 19:29,3,4.98,On Time,Traffic
5691623788,73299,16-03-2024 19:17,16-03-2024 19:17,0,1.63,On Time,
6845696161,73299,14-07-2023 07:49,14-07-2023 08:03,14,1.83,Slightly Delayed,Traffic
4098488449,73299,31-03-2023 13:48,31-03-2023 13:48,0,2.85,On Time,
5653623743,73299,30-03-2023 08:53,30-03-2023 09:19,26,1.2,Significantly Delayed,Traffic
6416399784,73299,07-08-2023 02:45,07-08-2023 02:54,9,1.32,Slightly Delayed,Traffic
4365565386,73299,30-06-2023 04:25,30-06-2023 04:21,-4,1.5,On Time,
6423269418,73299,23-08-2024 10:13,23-08-2024 10:27,14,1.78,Slightly Delayed,Traffic
1020534590,73299,12-12-2023 10:13,12-12-2023 10:21,8,4.37,Slightly Delayed,Traffic
4015289878,73299,22-03-2024 07:09,22-03-2024 07:19,10,1.79,Slightly Delayed,Traffic
9959668334,73299,07-01-2024 08:28,07-01-2024 08:25,-3,1.31,On Time,
8054387790,73299,08-05-2023 18:44,08-05-2023 18:40,-4,1.95,On Time,
4795344310,73299,12-04-2024 16:07,12-04-2024 16:37,30,0.93,Significantly Delayed,Traffic
2205862234,73299,02-10-2023 14:01,02-10-2023 13:57,-4,2.33,On Time,
4686249863,73299,31-08-2024 03:41,31-08-2024 03:38,-3,2.6,On Time,
1270524770,73299,11-10-2023 07:33,11-10-2023 07:35,2,3.7,On Time,Traffic
5743550453,73299,19-05-2024 05:24,19-05-2024 05:29,5,1.21,On Time,Traffic
5309699078,73299,02-08-2023 17:53,02-08-2023 18:07,14,0.51,Slightly Delayed,Traffic
7565768030,73299,10-02-2024 03:08,10-02-2024 03:07,-1,0.73,On Time,
3210260715,73299,06-04-2023 15:21,06-04-2023 15:16,-5,3.86,On Time,
6657245289,73299,20-05-2024 02:14,20-05-2024 02:33,19,2.38,Significantly Delayed,Traffic
7854526965,73299,18-08-2023 08:06,18-08-2023 08:15,9,4.21,Slightly Delayed,Traffic
2770948451,73299,27-04-2023 08:03,27-04-2023 08:22,19,0.91,Significantly Delayed,Traffic
624070426,73299,07-10-2023 17:05,07-10-2023 17:02,-3,4.96,On Time,
891583492,73299,07-04-2024 05:01,07-04-2024 05:02,1,2.72,On Time,Traffic
5811206654,73299,17-05-2023 05:34,17-05-2023 05:48,14,2.73,Slightly Delayed,Traffic
809894905,73299,28-12-2023 16:51,28-12-2023 16:56,5,2.71,On Time,Traffic
8209000496,73299,28-03-2023 20:10,28-03-2023 20:25,15,2.17,Slightly Delayed,Traffic
4901288364,73299,31-07-2023 22:26,31-07-2023 22:38,12,4.65,Slightly Delayed,Traffic
5890338566,73299,29-04-2023 03:11,29-04-2023 03:12,1,1.74,On Time,Traffic
2745295248,73299,28-05-2024 21:34,28-05-2024 21:33,-1,1.29,On Time,
5708700204,73299,05-05-2023 18:08,05-05-2023 18:07,-1,0.51,On Time,
8643851643,73299,21-04-2023 01:41,21-04-2023 02:11,30,4.32,Significantly Delayed,Traffic
4525287277,73299,29-06-2023 00:20,29-06-2023 00:23,3,3.71,On Time,Traffic
6154459753,73299,12-06-2024 09:28,12-06-2024 09:39,11,2.4,Slightly Delayed,Traffic
2587790388,73299,09-06-2024 18:18,09-06-2024 18:16,-2,2.31,On Time,
2665891587,73299,18-03-2024 16:10,18-03-2024 16:05,-5,2.28,On Time,
6996561687,73299,29-06-2024 04:52,29-06-2024 04:53,1,2.31,On Time,Traffic
961607638,73299,03-08-2023 23:57,04-08-2023 00:25,28,4.81,Significantly Delayed,Traffic
4385491839,73299,07-06-2024 20:35,07-06-2024 20:30,-5,0.93,On Time,
1279200190,73299,10-07-2024 06:18,10-07-2024 06:25,7,1.17,Slightly Delayed,Traffic
9668698616,73299,01-11-2023 14:24,01-11-2023 14:24,0,4.51,On Time,
4813038298,73299,23-05-2024 13:43,23-05-2024 13:53,10,2.75,Slightly Delayed,Traffic
2030125421,73299,03-05-2024 15:06,03-05-2024 15:10,4,4.4,On Time,Traffic
6997235339,73299,12-01-2024 09:05,12-01-2024 09:04,-1,1.3,On Time,
7438342576,73299,09-05-2023 22:11,09-05-2023 22:16,5,1.63,On Time,Traffic
9958423263,73299,15-03-2024 06:10,15-03-2024 06:07,-3,0.67,On Time,
3416693628,73299,03-10-2024 00:38,03-10-2024 00:39,1,3.28,On Time,Traffic
3440579647,73299,05-08-2024 15:48,05-08-2024 15:48,0,1.99,On Time,
5307231496,73299,23-04-2024 06:36,23-04-2024 06:35,-1,2.58,On Time,
4779055734,73299,30-06-2023 06:04,30-06-2023 06:14,10,2.8,Slightly Delayed,Traffic
3834705841,73299,09-09-2023 07:38,09-09-2023 08:01,23,1.58,Significantly Delayed,Traffic
9080324081,73299,27-05-2023 09:34,27-05-2023 09:33,-1,4.49,On Time,
2500757555,73299,27-10-2024 11:03,27-10-2024 11:00,-3,3.91,On Time,
1292986566,73299,12-07-2023 04:14,12-07-2023 04:10,-4,4.62,On Time,
6602362287,73299,01-02-2024 21:18,01-02-2024 21:23,5,2.37,On Time,Traffic
184844043,73299,07-12-2023 05:13,07-12-2023 05:08,-5,4.04,On Time,
936587253,73299,18-07-2023 10:00,18-07-2023 10:04,4,1.78,On Time,Traffic
2834429147,73299,04-10-2023 05:08,04-10-2023 05:15,7,0.93,Slightly Delayed,Traffic
114306835,73299,06-02-2024 20:47,06-02-2024 20:52,5,3.9,On Time,Traffic
1675849477,73299,11-06-2024 20:13,11-06-2024 20:18,5,4.47,On Time,Traffic
5191052705,73299,19-06-2023 05:49,19-06-2023 05:53,4,3.52,On Time,Traffic
7068834722,73299,19-11-2023 08:43,19-11-2023 08:48,5,0.98,On Time,Traffic
5051330893,73299,04-07-2024 02:47,04-07-2024 03:01,14,4.22,Slightly Delayed,Traffic
6065496420,73299,16-05-2023 16:44,16-05-2023 16:55,11,0.93,Slightly Delayed,Traffic
7574848635,73299,28-06-2023 02:31,28-06-2023 02:43,12,2.14,Slightly Delayed,Traffic
8793868975,73299,01-02-2024 17:32,01-02-2024 17:36,4,2.76,On Time,Traffic
5381466176,73299,01-06-2023 21:05,01-06-2023 21:08,3,4.54,On Time,Traffic
7709366480,73299,28-08-2024 02:38,28-08-2024 02:38,0,0.98,On Time,
4936667930,73299,20-06-2023 10:08,20-06-2023 10:09,1,2.69,On Time,Traffic
6860925755,73299,29-09-2023 09:20,29-09-2023 09:19,-1,1.74,On Time,
5486433396,73299,20-01-2024 18:27,20-01-2024 18:32,5,0.61,On Time,Traffic
7089292009,73299,05-04-2023 23:29,05-04-2023 23:30,1,2.56,On Time,Traffic
5350760367,73299,13-08-2023 06:22,13-08-2023 06:26,4,1.78,On Time,Traffic
5581769906,73299,14-04-2024 04:17,14-04-2024 04:30,13,2.26,Slightly Delayed,Traffic
6256637306,73299,07-11-2023 11:37,07-11-2023 11:46,9,2.47,Slightly Delayed,Traffic
2999946056,73299,28-06-2024 10:50,28-06-2024 10:50,0,3.1,On Time,
5218488175,73299,03-01-2024 20:39,03-01-2024 20:39,0,4.64,On Time,
8297436592,73299,20-10-2024 08:46,20-10-2024 08:41,-5,4.13,On Time,
1806118907,73299,25-12-2023 05:43,25-12-2023 05:45,2,3.65,On Time,Traffic
6999224625,73299,16-04-2023 00:38,16-04-2023 00:39,1,4.49,On Time,Traffic
1809997641,73299,10-11-2023 10:33,10-11-2023 10:56,23,1.51,Significantly Delayed,Traffic
7528090614,73299,29-06-2024 18:07,29-06-2024 18:10,3,2.32,On Time,Traffic
4884904912,73299,24-08-2023 14:13,24-08-2023 14:08,-5,0.73,On Time,
9811235698,73299,02-03-2024 11:21,02-03-2024 11:33,12,2.74,Slightly Delayed,Traffic
5616653529,73299,23-12-2023 03:32,23-12-2023 03:37,5,0.97,On Time,Traffic
7188183056,73299,06-08-2023 13:52,06-08-2023 13:52,0,2.9,On Time,
7898301143,73299,10-08-2023 21:28,10-08-2023 21:31,3,3.32,On Time,Traffic
5222677885,73299,15-07-2024 11:03,15-07-2024 11:10,7,2.29,Slightly Delayed,Traffic
8544952346,73299,23-11-2023 05:02,23-11-2023 05:03,1,2.38,On Time,Traffic
9403371764,73299,08-06-2023 03:29,08-06-2023 03:42,13,4.38,Slightly Delayed,Traffic
3956205476,73299,12-06-2023 01:18,12-06-2023 01:17,-1,1.61,On Time,
5678362658,73299,22-07-2024 05:06,22-07-2024 05:06,0,2.6,On Time,
8131610255,73299,22-03-2024 16:15,22-03-2024 16:12,-3,2.47,On Time,
4722653990,73299,19-07-2023 16:19,19-07-2023 16:23,4,1.65,On Time,Traffic
6613853662,73299,26-01-2024 14:17,26-01-2024 14:27,10,2.2,Slightly Delayed,Traffic
8274987671,73299,03-10-2024 08:02,03-10-2024 08:04,2,2.61,On Time,Traffic
5519983123,73299,11-04-2024 14:28,11-04-2024 14:26,-2,1.85,On Time,
2746329488,73299,26-08-2023 16:09,26-08-2023 16:08,-1,4.54,On Time,
6443285614,73299,29-08-2023 03:47,29-08-2023 03:48,1,0.51,On Time,Traffic
6932426427,73299,01-08-2023 19:56,01-08-2023 19:51,-5,1.03,On Time,
1796512004,73299,13-06-2023 13:56,13-06-2023 13:59,3,4.54,On Time,Traffic
1464518253,73299,04-07-2023 02:26,04-07-2023 02:30,4,2.9,On Time,Traffic
3585105627,73299,10-10-2024 03:56,10-10-2024 03:53,-3,1.88,On Time,
5387247994,73299,28-04-2024 20:39,28-04-2024 20:42,3,1.93,On Time,Traffic
7568171531,73299,02-12-2023 12:57,02-12-2023 13:00,3,4.73,On Time,Traffic
4111193446,84313,22-01-2024 09:25,22-01-2024 09:25,0,4.78,On Time,
8683154153,95782,07-09-2024 06:50,07-09-2024 06:52,2,3.05,On Time,Traffic
5712367183,92876,13-06-2024 19:31,13-06-2024 19:45,14,2.5,Slightly Delayed,Traffic
3952854723,76903,15-09-2023 02:54,15-09-2023 02:50,-4,1.39,On Time,
4631387671,76903,08-10-2024 09:00,08-10-2024 09:23,23,1.13,Significantly Delayed,Traffic
2145309969,76903,17-09-2023 17:01,17-09-2023 17:01,0,1.93,On Time,
4314762741,76903,17-06-2023 09:46,17-06-2023 09:42,-4,2.57,On Time,
7401889152,76903,20-09-2024 02:01,20-09-2024 01:57,-4,1.45,On Time,
1932040824,76903,15-03-2024 20:59,15-03-2024 21:04,5,3.81,On Time,Traffic
9836424713,76903,19-11-2023 03:38,19-11-2023 03:42,4,2.6,On Time,Traffic
9882312203,76903,15-05-2024 05:53,15-05-2024 06:23,30,4.21,Significantly Delayed,Traffic
3082649585,76903,26-09-2023 18:20,26-09-2023 18:22,2,0.67,On Time,Traffic
6033878151,76903,11-11-2023 18:42,11-11-2023 18:37,-5,4.49,On Time,
6395547592,76903,23-10-2024 10:53,23-10-2024 11:23,30,2.69,Significantly Delayed,Traffic
372962997,76903,18-04-2024 00:28,18-04-2024 00:41,13,4.98,Slightly Delayed,Traffic
2988215377,76903,18-08-2024 15:23,18-08-2024 15:22,-1,1.27,On Time,
7081583361,76903,01-08-2024 20:45,01-08-2024 20:50,5,2.58,On Time,Traffic
1860491452,76903,18-04-2024 11:59,18-04-2024 12:12,13,1.11,Slightly Delayed,Traffic
7499656197,76903,27-03-2024 09:46,27-03-2024 10:01,15,3.34,Slightly Delayed,Traffic
4507112412,76903,30-09-2023 22:27,30-09-2023 22:22,-5,3.92,On Time,
9214595868,76903,01-07-2024 23:55,02-07-2024 00:08,13,2.45,Slightly Delayed,Traffic
253430904,76903,08-07-2023 01:13,08-07-2023 01:09,-4,3.98,On Time,
5574588218,76903,28-06-2024 09:07,28-06-2024 09:14,7,3.37,Slightly Delayed,Traffic
2817281674,76903,16-09-2023 13:39,16-09-2023 13:40,1,3.05,On Time,Traffic
4932779616,76903,26-07-2024 05:24,26-07-2024 05:29,5,2.26,On Time,Traffic
7932879650,76903,07-05-2023 19:09,07-05-2023 19:35,26,4.03,Significantly Delayed,Traffic
997698125,76903,29-11-2023 06:04,29-11-2023 06:04,0,4.32,On Time,
2403547563,76903,20-05-2024 17:08,20-05-2024 17:04,-4,3.32,On Time,
8875483494,76903,12-03-2024 05:38,12-03-2024 05:44,6,2.2,Slightly Delayed,Traffic
883548284,76903,23-05-2024 04:36,23-05-2024 04:42,6,0.85,Slightly Delayed,Traffic
2364229435,76903,13-07-2024 05:51,13-07-2024 05:47,-4,1.42,On Time,
6845869445,76903,27-05-2024 17:39,27-05-2024 17:59,20,1.71,Significantly Delayed,Traffic
397818832,76903,22-12-2023 13:18,22-12-2023 13:45,27,3.64,Significantly Delayed,Traffic
304166272,76903,29-10-2023 01:37,29-10-2023 01:42,5,3.89,On Time,Traffic
1575626085,76903,19-05-2023 13:43,19-05-2023 13:39,-4,2.65,On Time,
3945644714,76903,16-05-2023 14:23,16-05-2023 14:26,3,4.4,On Time,Traffic
8370213291,76903,20-05-2023 14:16,20-05-2023 14:30,14,3.94,Slightly Delayed,Traffic
2185375786,76903,25-04-2024 10:58,25-04-2024 11:13,15,1.44,Slightly Delayed,Traffic
1828975788,76903,30-01-2024 13:25,30-01-2024 13:32,7,3.81,Slightly Delayed,Traffic
4319450104,76903,16-09-2024 10:15,16-09-2024 10:21,6,4.89,Slightly Delayed,Traffic
5059765199,76903,19-10-2023 06:09,19-10-2023 06:15,6,4.53,Slightly Delayed,Traffic
5360089735,76903,04-05-2023 05:25,04-05-2023 05:28,3,4.41,On Time,Traffic
8008211695,76903,07-09-2023 16:39,07-09-2023 16:41,2,2.15,On Time,Traffic
4400031082,76903,08-07-2023 20:58,08-07-2023 20:55,-3,2.37,On Time,
9582738204,76903,17-08-2023 03:10,17-08-2023 03:29,19,3.87,Significantly Delayed,Traffic
1368450162,76903,11-09-2023 00:16,11-09-2023 00:13,-3,1.92,On Time,
56705032,76903,16-11-2023 04:40,16-11-2023 04:54,14,3.67,Slightly Delayed,Traffic
2407168640,76903,25-07-2024 10:04,25-07-2024 10:17,13,0.96,Slightly Delayed,Traffic
530588807,76903,01-02-2024 13:50,01-02-2024 14:12,22,1.08,Significantly Delayed,Traffic
9975541696,76903,12-06-2023 23:01,12-06-2023 23:10,9,3.57,Slightly Delayed,Traffic
8602707005,76903,02-04-2024 13:15,02-04-2024 13:20,5,2.58,On Time,Traffic
2382595056,76903,09-12-2023 12:42,09-12-2023 12:41,-1,4.12,On Time,
8056162498,76903,08-05-2023 22:27,08-05-2023 22:48,21,1.56,Significantly Delayed,Traffic
4593039089,76903,14-09-2024 07:15,14-09-2024 07:20,5,0.97,On Time,Traffic
7311288658,76903,15-08-2024 15:51,15-08-2024 15:51,0,1.64,On Time,
9157217130,76903,18-06-2023 20:12,18-06-2023 20:07,-5,4.52,On Time,
9328094731,76903,21-08-2024 04:43,21-08-2024 04:41,-2,1.48,On Time,
3259266120,76903,08-07-2024 13:00,08-07-2024 13:14,14,1.62,Slightly Delayed,Traffic
4656541041,76903,30-10-2024 19:24,30-10-2024 19:49,25,0.55,Significantly Delayed,Traffic
730839483,76903,24-07-2023 00:12,24-07-2023 00:08,-4,2.68,On Time,
6185824257,76903,05-08-2024 07:15,05-08-2024 07:15,0,1.45,On Time,
225195662,76903,30-08-2024 19:41,30-08-2024 19:48,7,3.42,Slightly Delayed,Traffic
6771104541,76903,10-05-2023 10:59,10-05-2023 10:58,-1,1.49,On Time,
6146830622,76903,04-10-2024 13:31,04-10-2024 13:27,-4,2.26,On Time,
1380326453,76903,29-08-2023 21:11,29-08-2023 21:14,3,4.45,On Time,Traffic
728523620,76903,31-08-2023 19:30,31-08-2023 19:33,3,2.89,On Time,Traffic
27296314,76903,17-10-2024 16:24,17-10-2024 16:46,22,4.39,Significantly Delayed,Traffic
2608278705,76903,22-10-2023 02:40,22-10-2023 02:46,6,4.52,Slightly Delayed,Traffic
6786366774,76903,21-03-2024 02:38,21-03-2024 02:35,-3,4.36,On Time,
5572475750,76903,25-04-2023 09:54,25-04-2023 09:55,1,2.33,On Time,Traffic
8276417383,76903,18-06-2024 02:33,18-06-2024 02:36,3,1.38,On Time,Traffic
784435014,76903,11-10-2023 14:58,11-10-2023 14:56,-2,1.72,On Time,
9442274046,76903,01-09-2023 11:08,01-09-2023 11:14,6,2.71,Slightly Delayed,Traffic
2470025903,76903,06-06-2024 08:07,06-06-2024 08:02,-5,0.72,On Time,
6774241153,76903,23-09-2024 05:46,23-09-2024 05:44,-2,2.82,On Time,
3874644184,76903,23-06-2024 23:43,23-06-2024 23:48,5,4.04,On Time,Traffic
8078065454,76903,19-05-2024 11:31,19-05-2024 12:01,30,0.56,Significantly Delayed,Traffic
340113260,76903,27-02-2024 15:38,27-02-2024 15:51,13,4.84,Slightly Delayed,Traffic
2978839318,76903,11-01-2024 16:18,11-01-2024 16:18,0,2.08,On Time,
3896922017,76903,25-08-2024 17:55,25-08-2024 17:59,4,4.95,On Time,Traffic
7621954956,76903,07-07-2023 04:14,07-07-2023 04:10,-4,2.73,On Time,
581178324,76903,17-02-2024 04:22,17-02-2024 04:19,-3,4.11,On Time,
8469170680,76903,16-03-2023 19:14,16-03-2023 19:18,4,1.51,On Time,Traffic
6779626333,76903,11-05-2024 01:31,11-05-2024 01:42,11,4.69,Slightly Delayed,Traffic
6335704206,76903,22-05-2024 12:48,22-05-2024 12:49,1,2.69,On Time,Traffic
8314342490,76903,05-04-2023 01:23,05-04-2023 01:23,0,0.64,On Time,
1948795658,76903,23-10-2023 07:57,23-10-2023 07:55,-2,2.73,On Time,
9187864807,76903,22-06-2024 10:17,22-06-2024 10:16,-1,4.86,On Time,
8399666962,76903,08-04-2023 10:04,08-04-2023 09:59,-5,4.01,On Time,
6196321055,76903,17-05-2024 18:38,17-05-2024 18:37,-1,0.54,On Time,
8128518434,76903,12-08-2023 17:06,12-08-2023 17:03,-3,1.46,On Time,
9854897999,76903,04-10-2023 18:11,04-10-2023 18:10,-1,4.05,On Time,
2603584546,76903,21-05-2024 22:05,21-05-2024 22:09,4,3.85,On Time,Traffic
1295119665,76903,19-03-2024 08:26,19-03-2024 08:21,-5,4.34,On Time,
599975885,76903,07-06-2023 06:13,07-06-2023 06:11,-2,1.45,On Time,
5834861324,76903,04-07-2023 12:29,04-07-2023 12:50,21,1.72,Significantly Delayed,Traffic
2032005162,76903,21-10-2024 07:19,21-10-2024 07:23,4,2.55,On Time,Traffic
8391900458,76903,17-05-2023 05:51,17-05-2023 05:48,-3,4.37,On Time,
1887687323,76903,08-02-2024 03:09,08-02-2024 03:07,-2,3.78,On Time,
2120411967,76903,21-12-2023 01:38,21-12-2023 02:00,22,4.54,Significantly Delayed,Traffic
3158340906,76903,19-07-2024 01:41,19-07-2024 01:48,7,4.42,Slightly Delayed,Traffic
2387343456,76903,19-10-2024 03:22,19-10-2024 03:34,12,1.67,Slightly Delayed,Traffic
338609144,76903,26-10-2024 05:55,26-10-2024 05:52,-3,3.64,On Time,
9056190831,76903,17-07-2023 07:08,17-07-2023 07:08,0,3.38,On Time,
2803081135,76903,10-06-2023 22:06,10-06-2023 22:07,1,1.92,On Time,Traffic
5970759669,76903,19-03-2024 10:42,19-03-2024 10:41,-1,1.14,On Time,
3226693729,76903,06-08-2023 13:46,06-08-2023 13:45,-1,0.5,On Time,
8132845656,76903,10-07-2024 12:12,10-07-2024 12:36,24,2.73,Significantly Delayed,Traffic
7850550725,76903,31-12-2023 06:00,31-12-2023 06:04,4,3.45,On Time,Traffic
2934547619,76903,01-06-2024 21:11,01-06-2024 21:12,1,3.68,On Time,Traffic
608179182,76903,01-08-2024 08:41,01-08-2024 08:57,16,2.94,Significantly Delayed,Traffic
5191326847,76903,13-05-2023 21:45,13-05-2023 21:40,-5,1.48,On Time,
7614561036,76903,10-09-2023 06:13,10-09-2023 06:09,-4,1.58,On Time,
2947791133,76903,28-11-2023 07:29,28-11-2023 07:25,-4,1.02,On Time,
6538760883,76903,19-04-2024 14:06,19-04-2024 14:06,0,2.26,On Time,
8872250952,76903,04-10-2023 05:09,04-10-2023 05:25,16,4.38,Significantly Delayed,Traffic
8173258734,76903,03-11-2023 03:51,03-11-2023 03:59,8,4.19,Slightly Delayed,Traffic
5465833352,76903,28-03-2023 20:10,28-03-2023 20:12,2,1.06,On Time,Traffic
2106569369,76903,02-01-2024 11:45,02-01-2024 11:45,0,3.91,On Time,
9039440500,76903,12-07-2024 05:53,12-07-2024 05:54,1,2.47,On Time,Traffic
8281482042,76903,28-06-2023 15:38,28-06-2023 15:42,4,4.44,On Time,Traffic
479528548,76903,17-07-2023 23:45,17-07-2023 23:47,2,1.05,On Time,Traffic
8087519921,76903,19-10-2023 08:49,19-10-2023 08:45,-4,3.71,On Time,
4869691623,76903,05-05-2023 04:29,05-05-2023 04:24,-5,1.07,On Time,
7155177625,76903,25-08-2024 23:59,26-08-2024 00:04,5,3.68,On Time,Traffic
7254499390,76903,29-11-2023 13:46,29-11-2023 13:46,0,1.11,On Time,
7394439260,76903,21-10-2024 06:44,21-10-2024 07:11,27,4.36,Significantly Delayed,Traffic
6581715589,76903,09-05-2023 00:54,09-05-2023 00:53,-1,3.09,On Time,
9457009010,76903,06-02-2024 00:23,06-02-2024 00:37,14,2.95,Slightly Delayed,Traffic
2859660695,76903,02-08-2023 04:53,02-08-2023 05:06,13,3.37,Slightly Delayed,Traffic
6392348668,76903,29-01-2024 20:06,29-01-2024 20:11,5,2.44,On Time,Traffic
6933011590,76903,01-08-2023 23:34,01-08-2023 23:29,-5,1.3,On Time,
5809441378,76903,29-07-2024 21:11,29-07-2024 21:35,24,0.97,Significantly Delayed,Traffic
411113020,76903,29-06-2024 01:48,29-06-2024 01:51,3,4.93,On Time,Traffic
5512796364,76903,21-06-2023 15:38,21-06-2023 15:38,0,2.62,On Time,
2610813239,76903,26-11-2023 04:21,26-11-2023 04:20,-1,4.63,On Time,
3236748462,76903,26-06-2024 10:30,26-06-2024 10:34,4,2.9,On Time,Traffic
6652395897,76903,11-07-2024 03:52,11-07-2024 03:49,-3,3.42,On Time,
5517901926,76903,25-06-2023 00:01,25-06-2023 00:05,4,0.65,On Time,Traffic
2174753933,76903,12-10-2024 05:29,12-10-2024 05:26,-3,3.68,On Time,
1525700767,76903,29-05-2023 00:22,29-05-2023 00:37,15,4.55,Slightly Delayed,Traffic
7232692149,76903,01-12-2023 20:42,01-12-2023 20:46,4,4.28,On Time,Traffic
8556607504,76903,20-02-2024 06:47,20-02-2024 06:48,1,4.45,On Time,Traffic
5841260317,76903,28-04-2023 19:44,28-04-2023 19:58,14,2.69,Slightly Delayed,Traffic
9471427840,76903,08-07-2023 06:55,08-07-2023 07:10,15,2.42,Slightly Delayed,Traffic
2070610257,76903,20-07-2023 05:08,20-07-2023 05:08,0,1.67,On Time,
1884811437,76903,21-03-2023 20:21,21-03-2023 20:16,-5,1.8,On Time,
5331747573,76903,30-09-2024 16:58,30-09-2024 16:55,-3,1.98,On Time,
9977285985,76903,11-08-2023 15:18,11-08-2023 15:20,2,2.17,On Time,Traffic
1715175070,76903,27-09-2023 05:03,27-09-2023 05:25,22,1.99,Significantly Delayed,Traffic
4117790162,76903,11-05-2023 23:36,11-05-2023 23:39,3,3.4,On Time,Traffic
9051644316,76903,23-07-2024 17:31,23-07-2024 17:38,7,1.59,Slightly Delayed,Traffic
4903335316,76903,30-04-2023 19:51,30-04-2023 20:01,10,3.96,Slightly Delayed,Traffic
3341481363,76903,22-11-2023 02:33,22-11-2023 02:49,16,1.45,Significantly Delayed,Traffic
4074537770,76903,30-04-2024 07:12,30-04-2024 07:16,4,4.12,On Time,Traffic
5374589112,76903,26-10-2023 14:31,26-10-2023 14:55,24,1.35,Significantly Delayed,Traffic
6401406847,76903,04-11-2023 14:14,04-11-2023 14:25,11,2.91,Slightly Delayed,Traffic
698439139,76903,07-09-2024 07:25,07-09-2024 07:23,-2,3.38,On Time,
881367843,76903,14-10-2024 08:22,14-10-2024 08:18,-4,2.67,On Time,
6438115781,76903,29-10-2023 13:46,29-10-2023 13:46,0,4.89,On Time,
1706198744,76903,03-06-2024 18:30,03-06-2024 18:29,-1,2.71,On Time,
3115167739,76903,25-07-2024 18:43,25-07-2024 18:43,0,3.24,On Time,
8608111158,76903,14-04-2023 02:57,14-04-2023 03:06,9,3.77,Slightly Delayed,Traffic
8167540645,76903,23-07-2023 13:35,23-07-2023 13:39,4,3.63,On Time,Traffic
898210033,76903,13-06-2024 03:57,13-06-2024 03:55,-2,2.34,On Time,
5415454466,76903,09-07-2024 12:19,09-07-2024 12:20,1,1.91,On Time,Traffic
9240312177,76903,06-04-2023 12:41,06-04-2023 12:48,7,1.54,Slightly Delayed,Traffic
4880265969,76903,22-05-2023 01:32,22-05-2023 01:32,0,1.64,On Time,
5056583192,76903,30-11-2023 05:20,30-11-2023 05:16,-4,1.43,On Time,
1921412688,76903,04-10-2023 14:48,04-10-2023 14:51,3,2.91,On Time,Traffic
5829741995,76903,25-12-2023 23:10,25-12-2023 23:20,10,4.54,Slightly Delayed,Traffic
9830742370,76903,09-02-2024 16:32,09-02-2024 16:38,6,1.98,Slightly Delayed,Traffic
509041342,76903,05-01-2024 15:21,05-01-2024 15:21,0,2.24,On Time,
8420144998,76903,25-11-2023 19:50,25-11-2023 19:47,-3,1.9,On Time,
7353766541,76903,28-06-2023 21:43,28-06-2023 21:43,0,3.61,On Time,
8617979440,76903,10-09-2023 11:59,10-09-2023 12:17,18,4.5,Significantly Delayed,Traffic
680476823,76903,23-09-2024 14:23,23-09-2024 14:27,4,3.13,On Time,Traffic
5424536852,76903,18-08-2024 12:35,18-08-2024 12:37,2,2.27,On Time,Traffic
1142004448,76903,05-06-2024 07:54,05-06-2024 07:50,-4,1.46,On Time,
1814491335,76903,24-02-2024 07:57,24-02-2024 08:10,13,1.13,Slightly Delayed,Traffic
445929405,76903,18-07-2023 17:19,18-07-2023 17:22,3,4.08,On Time,Traffic
3849003596,76903,07-10-2023 17:31,07-10-2023 17:57,26,1.56,Significantly Delayed,Traffic
6367757670,76903,08-09-2024 16:48,08-09-2024 16:44,-4,3.34,On Time,
4925321106,76903,04-02-2024 06:39,04-02-2024 06:40,1,1.86,On Time,Traffic
4463294381,76903,31-12-2023 23:06,31-12-2023 23:21,15,1.15,Slightly Delayed,Traffic
9077946933,76903,19-04-2024 15:41,19-04-2024 15:50,9,1.91,Slightly Delayed,Traffic
6688079478,76903,18-04-2024 12:25,18-04-2024 12:23,-2,1.83,On Time,
8712304346,76903,10-06-2023 02:57,10-06-2023 02:52,-5,1.53,On Time,
3748957111,76903,30-04-2023 15:09,30-04-2023 15:17,8,2.78,Slightly Delayed,Traffic
2388792163,76903,20-02-2024 17:27,20-02-2024 17:40,13,3.8,Slightly Delayed,Traffic
2583035857,76903,15-11-2023 21:59,15-11-2023 22:02,3,1.63,On Time,Traffic
2649487718,76903,01-03-2024 14:11,01-03-2024 14:15,4,3.51,On Time,Traffic
5936628691,76903,01-10-2023 11:37,01-10-2023 11:49,12,4.61,Slightly Delayed,Traffic
7662682121,76903,12-09-2024 04:29,12-09-2024 04:30,1,4.85,On Time,Traffic
736115661,76903,22-05-2023 01:40,22-05-2023 01:50,10,2.86,Slightly Delayed,Traffic
2448741950,76903,26-11-2023 19:42,26-11-2023 19:45,3,1.44,On Time,Traffic
9321629905,76903,08-02-2024 20:36,08-02-2024 20:40,4,1.5,On Time,Traffic
9020583379,76903,20-06-2023 18:27,20-06-2023 18:29,2,2.17,On Time,Traffic
2642275862,76903,18-12-2023 06:28,18-12-2023 06:53,25,4.11,Significantly Delayed,Traffic
6932431317,76903,16-07-2024 04:22,16-07-2024 04:20,-2,4.75,On Time,
9126871366,76903,18-05-2023 09:04,18-05-2023 09:20,16,1.36,Significantly Delayed,Traffic
3244572785,76903,16-01-2024 21:32,16-01-2024 21:57,25,3.71,Significantly Delayed,Traffic
6485432691,76903,13-05-2023 21:38,13-05-2023 21:40,2,4.02,On Time,Traffic
6047222755,76903,23-09-2023 06:59,23-09-2023 06:58,-1,2.63,On Time,
6167501412,76903,24-01-2024 23:56,25-01-2024 00:23,27,1.27,Significantly Delayed,Traffic
2052163872,76903,21-06-2023 22:43,21-06-2023 22:43,0,0.99,On Time,
7740339645,76903,04-12-2023 01:32,04-12-2023 01:41,9,0.76,Slightly Delayed,Traffic
2761855959,76903,24-10-2023 07:17,24-10-2023 07:12,-5,3.92,On Time,
8010347195,76903,14-12-2023 20:35,14-12-2023 20:38,3,2.16,On Time,Traffic
2384153985,76903,09-10-2023 12:22,09-10-2023 12:32,10,2.06,Slightly Delayed,Traffic
3584794157,76903,04-04-2024 05:20,04-04-2024 05:18,-2,1.81,On Time,
8186709947,76903,18-11-2023 09:16,18-11-2023 09:38,22,4.09,Significantly Delayed,Traffic
6027355216,76903,27-06-2023 21:07,27-06-2023 21:08,1,2.01,On Time,Traffic
9823160533,76903,05-06-2024 05:30,05-06-2024 05:35,5,2.28,On Time,Traffic
8694663463,76903,16-01-2024 01:25,16-01-2024 01:23,-2,4.36,On Time,
1296772969,76903,02-06-2024 02:13,02-06-2024 02:14,1,4.48,On Time,Traffic
5856838171,76903,20-12-2023 18:44,20-12-2023 19:09,25,1.84,Significantly Delayed,Traffic
915473142,76903,30-05-2024 02:24,30-05-2024 02:39,15,3.12,Slightly Delayed,Traffic
6992097680,76903,13-11-2023 22:21,13-11-2023 22:34,13,4.17,Slightly Delayed,Traffic
6870670122,76903,24-11-2023 12:15,24-11-2023 12:16,1,0.66,On Time,Traffic
6626994121,76903,16-07-2024 00:57,16-07-2024 01:10,13,3.53,Slightly Delayed,Traffic
6125813500,76903,23-07-2023 17:29,23-07-2023 17:41,12,4.34,Slightly Delayed,Traffic
6899859775,76903,30-04-2024 16:48,30-04-2024 16:51,3,1.78,On Time,Traffic
1825560091,76903,31-01-2024 21:08,31-01-2024 21:13,5,2.81,On Time,Traffic
1320638425,76903,26-04-2023 22:11,26-04-2023 22:11,0,2,On Time,
5320995509,76903,12-06-2023 09:27,12-06-2023 09:32,5,3.48,On Time,Traffic
4249535395,76903,25-03-2023 11:31,25-03-2023 11:26,-5,1.15,On Time,
804881381,76903,26-05-2024 10:18,26-05-2024 10:14,-4,1.57,On Time,
4858560187,76903,21-10-2023 20:43,21-10-2023 20:47,4,4.42,On Time,Traffic
6425666148,76903,07-08-2023 21:05,07-08-2023 21:01,-4,1.13,On Time,
9021754099,76903,01-08-2024 02:38,01-08-2024 02:40,2,1.68,On Time,Traffic
7728205680,76903,15-06-2024 21:48,15-06-2024 21:48,0,2.34,On Time,
9346166799,76903,23-10-2024 00:38,23-10-2024 00:45,7,4.33,Slightly Delayed,Traffic
3377313085,76903,23-09-2023 23:34,23-09-2023 23:41,7,1.26,Slightly Delayed,Traffic
8167716321,76903,02-05-2024 03:23,02-05-2024 03:23,0,1.96,On Time,
2024637181,76903,04-06-2023 21:39,04-06-2023 21:40,1,3.78,On Time,Traffic
9310630290,76903,04-10-2023 06:54,04-10-2023 06:52,-2,2.55,On Time,
2276505075,76903,05-07-2024 13:51,05-07-2024 13:51,0,4.98,On Time,
6615188116,76903,30-08-2023 13:22,30-08-2023 13:27,5,3.51,On Time,Traffic
6858336318,76903,29-06-2024 07:48,29-06-2024 07:46,-2,1.48,On Time,
7601638642,76903,10-09-2024 06:23,10-09-2024 06:39,16,1.38,Significantly Delayed,Traffic
1191565627,76903,04-11-2023 12:20,04-11-2023 12:16,-4,3.4,On Time,
4785021992,76903,20-12-2023 12:30,20-12-2023 12:35,5,3.06,On Time,Traffic
3452964753,76903,15-06-2024 19:09,15-06-2024 19:13,4,3.92,On Time,Traffic
3490919801,76903,18-10-2023 07:08,18-10-2023 07:06,-2,1.15,On Time,
105578518,76903,03-03-2024 02:13,03-03-2024 02:27,14,0.57,Slightly Delayed,Traffic
2978719561,76903,09-11-2023 09:53,09-11-2023 10:00,7,1.83,Slightly Delayed,Traffic
9979010790,76903,13-02-2024 01:36,13-02-2024 01:46,10,4.05,Slightly Delayed,Traffic
4435636116,76903,07-04-2023 14:22,07-04-2023 14:20,-2,3.54,On Time,
5909879259,76903,06-08-2024 19:31,06-08-2024 19:42,11,4.87,Slightly Delayed,Traffic
2686390867,76903,04-02-2024 17:17,04-02-2024 17:15,-2,4.72,On Time,
6698537000,76903,16-01-2024 05:55,16-01-2024 05:54,-1,1.13,On Time,
4395604675,76903,11-11-2023 11:11,11-11-2023 11:18,7,3.77,Slightly Delayed,Traffic
3475041787,76903,27-07-2024 13:00,27-07-2024 13:14,14,4.34,Slightly Delayed,Traffic
5817989751,76903,22-11-2023 11:48,22-11-2023 11:49,1,2.38,On Time,Traffic
1433129858,76903,27-05-2024 14:57,27-05-2024 14:52,-5,2.5,On Time,
3571922553,76903,04-01-2024 14:22,04-01-2024 14:26,4,4.45,On Time,Traffic
7940229189,76903,20-03-2024 21:49,20-03-2024 22:06,17,4.09,Significantly Delayed,Traffic
3801240688,76903,26-08-2024 01:02,26-08-2024 01:02,0,0.82,On Time,
1295268290,76903,16-02-2024 22:53,16-02-2024 22:50,-3,0.84,On Time,
4552636670,76903,12-08-2024 18:16,12-08-2024 18:19,3,4.94,On Time,Traffic
6805071689,76903,30-03-2024 05:06,30-03-2024 05:29,23,2.64,Significantly Delayed,Traffic
8026827967,76903,17-06-2023 22:41,17-06-2023 22:41,0,1.97,On Time,
6417774057,76903,06-03-2024 19:14,06-03-2024 19:20,6,2.95,Slightly Delayed,Traffic
7877665931,76903,24-12-2023 09:34,24-12-2023 09:39,5,4.69,On Time,Traffic
7754237266,76903,09-05-2023 13:48,09-05-2023 13:46,-2,3.12,On Time,
7985418058,76903,10-09-2024 04:10,10-09-2024 04:10,0,3.68,On Time,
5287733777,76903,24-10-2024 16:30,24-10-2024 16:28,-2,4.66,On Time,
7112725384,76903,10-02-2024 08:03,10-02-2024 08:03,0,0.77,On Time,
6261926473,76903,16-06-2024 19:17,16-06-2024 19:13,-4,2.86,On Time,
1495465938,76903,15-10-2023 07:38,15-10-2023 07:43,5,0.64,On Time,Traffic
7891205593,76903,14-07-2024 18:00,14-07-2024 17:56,-4,4.55,On Time,
924888012,76903,10-03-2024 08:47,10-03-2024 08:57,10,4.89,Slightly Delayed,Traffic
943278538,76903,06-04-2024 05:37,06-04-2024 06:04,27,4.7,Significantly Delayed,Traffic
9981950902,76903,28-07-2024 05:59,28-07-2024 06:04,5,1.23,On Time,Traffic
7769253886,76903,25-09-2023 23:50,25-09-2023 23:55,5,3.06,On Time,Traffic
9350977708,76903,18-08-2023 05:33,18-08-2023 05:32,-1,1.27,On Time,
4525211942,76903,24-06-2024 23:51,24-06-2024 23:50,-1,3.89,On Time,
7232049635,76903,25-03-2023 16:07,25-03-2023 16:02,-5,0.51,On Time,
679546532,76903,28-05-2024 17:17,28-05-2024 17:26,9,1.64,Slightly Delayed,Traffic
4665187954,76903,03-04-2024 05:33,03-04-2024 05:30,-3,4.23,On Time,
3914760118,76903,21-03-2023 20:29,21-03-2023 20:30,1,3.38,On Time,Traffic
155568486,76903,26-12-2023 05:07,26-12-2023 05:09,2,0.6,On Time,Traffic
3773972929,76903,19-10-2023 11:35,19-10-2023 11:34,-1,2.85,On Time,
2168808412,76903,23-05-2023 10:36,23-05-2023 10:50,14,1.34,Slightly Delayed,Traffic
7697315553,76903,10-12-2023 03:13,10-12-2023 03:16,3,3.93,On Time,Traffic
804414742,76903,15-07-2024 21:34,15-07-2024 21:46,12,4.21,Slightly Delayed,Traffic
918328199,76903,18-12-2023 02:05,18-12-2023 02:16,11,2.24,Slightly Delayed,Traffic
3084493525,76903,11-04-2023 19:06,11-04-2023 19:08,2,2.14,On Time,Traffic
8047256000,76903,08-08-2024 20:12,08-08-2024 20:23,11,4.53,Slightly Delayed,Traffic
5176597414,76903,25-01-2024 04:46,25-01-2024 04:54,8,0.72,Slightly Delayed,Traffic
110303417,76903,24-05-2024 02:08,24-05-2024 02:08,0,2.49,On Time,
1809212176,76903,08-04-2023 09:36,08-04-2023 09:32,-4,4.43,On Time,
1765001264,76903,06-07-2023 11:13,06-07-2023 11:40,27,0.54,Significantly Delayed,Traffic
4220306391,76903,08-01-2024 04:51,08-01-2024 05:03,12,3.39,Slightly Delayed,Traffic
1275637731,76903,21-12-2023 10:53,21-12-2023 11:14,21,2.19,Significantly Delayed,Traffic
7729557529,76903,24-09-2024 11:08,24-09-2024 11:11,3,0.89,On Time,Traffic
9279017414,76903,29-05-2023 15:09,29-05-2023 15:10,1,2.03,On Time,Traffic
8726185624,76903,25-09-2024 20:26,25-09-2024 20:31,5,2.67,On Time,Traffic
3192177869,76903,10-08-2024 04:39,10-08-2024 04:36,-3,4.51,On Time,
5033541164,76903,26-05-2024 04:39,26-05-2024 04:57,18,2.85,Significantly Delayed,Traffic
4495977117,76903,02-05-2023 10:23,02-05-2023 10:35,12,3.96,Slightly Delayed,Traffic
8866977450,76903,03-09-2024 09:31,03-09-2024 09:32,1,0.55,On Time,Traffic
7542030170,76903,21-12-2023 00:45,21-12-2023 00:45,0,3.21,On Time,
8782031586,76903,19-06-2024 19:21,19-06-2024 19:28,7,0.58,Slightly Delayed,Traffic
7177553918,76903,31-03-2023 22:17,31-03-2023 22:31,14,3.48,Slightly Delayed,Traffic
9157563215,76903,31-05-2023 20:46,31-05-2023 20:45,-1,2.25,On Time,
989452284,76903,07-07-2024 22:23,07-07-2024 22:25,2,2.71,On Time,Traffic
9972678893,76903,13-08-2024 07:42,13-08-2024 07:42,0,1.06,On Time,
8561203503,76903,14-04-2024 05:23,14-04-2024 05:20,-3,4.49,On Time,
1388300707,76903,08-04-2024 22:12,08-04-2024 22:16,4,1.98,On Time,Traffic
4054816025,76903,19-07-2024 14:49,19-07-2024 14:51,2,3.89,On Time,Traffic
9943206333,76903,22-03-2023 09:57,22-03-2023 10:01,4,2.89,On Time,Traffic
3948498236,76903,30-08-2024 05:34,30-08-2024 05:43,9,4.87,Slightly Delayed,Traffic
8096169523,76903,15-09-2024 05:52,15-09-2024 05:55,3,4.87,On Time,Traffic
8803091944,76903,18-05-2024 03:24,18-05-2024 03:19,-5,2.41,On Time,
7409519974,76903,16-01-2024 21:41,16-01-2024 21:42,1,2.81,On Time,Traffic
456278500,76903,06-05-2024 16:27,06-05-2024 16:39,12,4.64,Slightly Delayed,Traffic
9912965340,76903,20-08-2023 17:31,20-08-2023 17:59,28,3.28,Significantly Delayed,Traffic
2802653261,76903,07-10-2024 16:47,07-10-2024 16:43,-4,1.99,On Time,
8629948751,76903,31-08-2023 15:08,31-08-2023 15:14,6,3,Slightly Delayed,Traffic
9169008097,76903,18-05-2024 09:37,18-05-2024 09:42,5,2.16,On Time,Traffic
3186513319,76903,14-04-2023 00:19,14-04-2023 00:28,9,4.76,Slightly Delayed,Traffic
8837578937,76903,14-08-2023 09:06,14-08-2023 09:07,1,1.07,On Time,Traffic
1468095888,76903,17-06-2023 06:24,17-06-2023 06:19,-5,2.18,On Time,
3055120492,76903,19-12-2023 16:53,19-12-2023 17:03,10,4.52,Slightly Delayed,Traffic
6083457185,76903,19-08-2024 20:54,19-08-2024 20:58,4,2.23,On Time,Traffic
7154956248,76903,17-07-2023 20:02,17-07-2023 19:58,-4,4.48,On Time,
246971181,76903,30-07-2023 14:32,30-07-2023 14:34,2,1.37,On Time,Traffic
2452915406,76903,17-07-2024 12:43,17-07-2024 12:46,3,1.89,On Time,Traffic
9458183390,76903,17-03-2023 01:39,17-03-2023 01:37,-2,2.14,On Time,
576571858,76903,23-09-2024 05:25,23-09-2024 05:26,1,2.39,On Time,Traffic
9544803182,76903,27-03-2024 02:53,27-03-2024 02:55,2,3.83,On Time,Traffic
2121652047,76903,03-02-2024 18:13,03-02-2024 18:30,17,2.48,Significantly Delayed,Traffic
8891725854,76903,16-05-2023 21:23,16-05-2023 21:22,-1,4.44,On Time,
4870772869,76903,31-03-2024 08:25,31-03-2024 08:26,1,1.87,On Time,Traffic
262562615,76903,09-04-2023 04:55,09-04-2023 04:59,4,4.08,On Time,Traffic
5142912812,76903,16-11-2023 22:28,16-11-2023 22:48,20,1.24,Significantly Delayed,Traffic
1225289500,76903,31-03-2024 22:04,31-03-2024 22:07,3,3.86,On Time,Traffic
7337555525,76903,09-03-2024 19:48,09-03-2024 19:49,1,1.77,On Time,Traffic
5719806088,76903,08-01-2024 13:50,08-01-2024 13:55,5,0.59,On Time,Traffic
6890191424,76903,13-06-2024 00:57,13-06-2024 01:03,6,1.22,Slightly Delayed,Traffic
5695198653,76903,20-09-2024 01:36,20-09-2024 01:38,2,2.19,On Time,Traffic
482670263,76903,05-06-2024 05:00,05-06-2024 04:59,-1,1.97,On Time,
7857904467,76903,25-04-2023 12:55,25-04-2023 12:56,1,2.73,On Time,Traffic
614435661,76903,01-08-2023 21:44,01-08-2023 21:48,4,4.98,On Time,Traffic
2284551326,76903,07-10-2023 04:55,07-10-2023 04:57,2,2.86,On Time,Traffic
8614991290,76903,17-10-2024 13:33,17-10-2024 13:54,21,3.87,Significantly Delayed,Traffic
9865566300,76903,28-11-2023 02:46,28-11-2023 02:53,7,0.52,Slightly Delayed,Traffic
6672582413,76903,13-06-2024 22:22,13-06-2024 22:36,14,1.95,Slightly Delayed,Traffic
3004834987,76903,12-10-2023 02:36,12-10-2023 02:31,-5,1.41,On Time,
4486349175,76903,20-04-2024 01:29,20-04-2024 01:34,5,1.93,On Time,Traffic
3098655541,76903,06-05-2023 07:03,06-05-2023 07:07,4,1.85,On Time,Traffic
1912293606,76903,17-07-2024 19:47,17-07-2024 19:49,2,0.56,On Time,Traffic
7465280557,76903,13-03-2024 13:35,13-03-2024 13:40,5,1.54,On Time,Traffic
343050015,76903,21-04-2023 06:40,21-04-2023 07:01,21,0.66,Significantly Delayed,Traffic
6414606364,76903,26-01-2024 05:05,26-01-2024 05:06,1,2.33,On Time,Traffic
4092550629,76903,09-04-2023 16:30,09-04-2023 16:30,0,1.69,On Time,
9810964144,76903,08-02-2024 20:11,08-02-2024 20:10,-1,2.88,On Time,
6513851276,76903,24-08-2023 15:58,24-08-2023 16:10,12,1.93,Slightly Delayed,Traffic
6080784069,76903,19-07-2023 11:58,19-07-2023 12:07,9,4.57,Slightly Delayed,Traffic
1967283733,76903,01-08-2023 07:20,01-08-2023 07:35,15,3.06,Slightly Delayed,Traffic
2683672396,76903,27-08-2023 05:02,27-08-2023 04:58,-4,1.2,On Time,
1464736195,76903,23-08-2024 16:17,23-08-2024 16:27,10,4.66,Slightly Delayed,Traffic
3258963661,76903,17-05-2024 08:14,17-05-2024 08:11,-3,0.54,On Time,
9956872454,76903,20-11-2023 05:23,20-11-2023 05:38,15,2.59,Slightly Delayed,Traffic
867630114,76903,26-06-2023 18:38,26-06-2023 18:38,0,0.64,On Time,
3333752740,76903,10-07-2023 17:14,10-07-2023 17:09,-5,4.57,On Time,
4835197446,76903,02-01-2024 08:26,02-01-2024 08:29,3,4.91,On Time,Traffic
1888517793,76903,02-10-2023 06:55,02-10-2023 06:58,3,3.53,On Time,Traffic
5148599328,76903,07-05-2024 13:47,07-05-2024 13:58,11,3.5,Slightly Delayed,Traffic
3405089431,76903,23-02-2024 15:45,23-02-2024 15:58,13,1.12,Slightly Delayed,Traffic
9286199495,76903,10-09-2023 21:08,10-09-2023 21:10,2,2.57,On Time,Traffic
6418255337,76903,13-02-2024 18:06,13-02-2024 18:06,0,1.03,On Time,
7442478777,76903,17-10-2023 08:25,17-10-2023 08:22,-3,0.52,On Time,
5170777528,76903,01-05-2023 09:59,01-05-2023 10:02,3,1.33,On Time,Traffic
1255941187,76903,10-02-2024 06:14,10-02-2024 06:27,13,1.2,Slightly Delayed,Traffic
4704980993,76903,24-05-2024 04:22,24-05-2024 04:34,12,1.69,Slightly Delayed,Traffic
7310604669,76903,09-07-2023 06:28,09-07-2023 06:37,9,4.17,Slightly Delayed,Traffic
7970608721,76903,31-01-2024 07:00,31-01-2024 07:14,14,1.18,Slightly Delayed,Traffic
3164727163,76903,09-05-2023 08:48,09-05-2023 08:54,6,2.47,Slightly Delayed,Traffic
2388064449,76903,26-05-2024 06:22,26-05-2024 06:27,5,3.4,On Time,Traffic
757816226,76903,16-03-2023 14:24,16-03-2023 14:42,18,1.86,Significantly Delayed,Traffic
259772553,76903,27-09-2023 02:25,27-09-2023 02:23,-2,3.1,On Time,
8388644219,76903,21-04-2024 10:05,21-04-2024 10:02,-3,3.72,On Time,
1545044936,76903,24-08-2023 23:50,24-08-2023 23:54,4,3.86,On Time,Traffic
6995571310,76903,24-03-2024 07:24,24-03-2024 07:22,-2,1.89,On Time,
8801161214,76903,11-04-2024 02:15,11-04-2024 02:19,4,2.44,On Time,Traffic
1751319400,76903,25-06-2024 11:09,25-06-2024 11:09,0,3.32,On Time,
10448052,76903,05-08-2023 10:21,05-08-2023 10:26,5,4.53,On Time,Traffic
3047076079,76903,22-05-2023 08:47,22-05-2023 08:43,-4,4.22,On Time,
5085860780,76903,13-12-2023 18:39,13-12-2023 18:34,-5,3.9,On Time,
6213909425,76903,05-12-2023 21:21,05-12-2023 21:23,2,4.18,On Time,Traffic
3712789789,76903,02-02-2024 20:03,02-02-2024 20:05,2,0.95,On Time,Traffic
278794976,76903,18-03-2023 11:46,18-03-2023 11:50,4,3.84,On Time,Traffic
3420357591,76903,10-07-2024 22:14,10-07-2024 22:11,-3,2.6,On Time,
4551386734,76903,18-03-2023 00:46,18-03-2023 00:59,13,3.13,Slightly Delayed,Traffic
7609681987,76903,16-10-2023 15:14,16-10-2023 15:18,4,1,On Time,Traffic
1721655048,44050,15-04-2024 13:45,15-04-2024 13:53,8,0.62,Slightly Delayed,Traffic
7040151151,55045,28-03-2023 17:07,28-03-2023 17:07,0,1.94,On Time,
6719661881,74581,13-05-2023 05:13,13-05-2023 05:13,0,1.93,On Time,
5195004299,52894,09-01-2024 06:57,09-01-2024 07:02,5,3.81,On Time,Traffic
5441946621,4469,01-02-2024 08:08,01-02-2024 08:27,19,1.05,Significantly Delayed,Traffic
3508992095,32093,09-12-2023 10:17,09-12-2023 10:44,27,3.38,Significantly Delayed,Traffic
8454449180,2578,18-02-2024 21:10,18-02-2024 21:18,8,1.97,Slightly Delayed,Traffic
9251851237,94666,25-11-2023 13:58,25-11-2023 14:02,4,3.59,On Time,Traffic
6739811103,93027,01-01-2024 23:10,01-01-2024 23:14,4,3.83,On Time,Traffic
7590827828,14664,06-11-2023 00:00,05-11-2023 23:59,-1,4.15,On Time,
310213322,13885,30-09-2023 04:38,30-09-2023 04:46,8,3.14,Slightly Delayed,Traffic
934908369,90844,15-08-2024 12:50,15-08-2024 12:54,4,2.21,On Time,Traffic
3817617199,37598,28-08-2024 00:33,28-08-2024 01:00,27,4.38,Significantly Delayed,Traffic
2622709030,10007,11-07-2024 13:04,11-07-2024 13:28,24,3.38,Significantly Delayed,Traffic
3843689992,11827,13-10-2024 14:06,13-10-2024 14:09,3,4.61,On Time,Traffic
8732395640,24839,17-03-2024 13:57,17-03-2024 13:54,-3,1.54,On Time,
3889721330,36020,16-05-2024 10:13,16-05-2024 10:41,28,4.82,Significantly Delayed,Traffic
7064093619,12886,23-05-2023 05:49,23-05-2023 05:49,0,4.63,On Time,
6798661163,29752,23-07-2024 10:34,23-07-2024 10:36,2,3.67,On Time,Traffic
2878307830,56966,01-05-2024 15:22,01-05-2024 15:37,15,1.94,Slightly Delayed,Traffic
4133369643,76053,03-07-2023 22:55,03-07-2023 23:01,6,3.69,Slightly Delayed,Traffic
3394787348,74478,23-06-2024 05:09,23-06-2024 05:23,14,2.69,Slightly Delayed,Traffic
4830380663,41847,24-12-2023 10:29,24-12-2023 10:30,1,4.73,On Time,Traffic
3441042301,80455,05-08-2023 10:00,05-08-2023 09:56,-4,1.89,On Time,
3984353474,94156,19-05-2024 07:02,19-05-2024 07:25,23,3.64,Significantly Delayed,Traffic
4495916529,63656,01-04-2023 11:51,01-04-2023 11:54,3,3.47,On Time,Traffic
5075205264,21123,22-04-2024 13:54,22-04-2024 14:00,6,3.43,Slightly Delayed,Traffic
6129180304,41630,17-01-2024 22:05,17-01-2024 22:06,1,0.59,On Time,Traffic
3311686914,95107,06-05-2024 21:02,06-05-2024 21:05,3,3.43,On Time,Traffic
3907403745,767,19-06-2023 16:51,19-06-2023 16:46,-5,0.63,On Time,
9924696305,93204,30-04-2023 14:53,30-04-2023 14:55,2,3.98,On Time,Traffic
7348508805,67512,23-05-2024 22:39,23-05-2024 22:49,10,3.22,Slightly Delayed,Traffic
1665004352,75219,01-08-2023 05:52,01-08-2023 05:50,-2,4.68,On Time,
1049800958,95346,02-07-2023 09:16,02-07-2023 09:16,0,0.54,On Time,
2937550786,59192,06-08-2023 08:18,06-08-2023 08:14,-4,4.47,On Time,
486724008,50502,12-07-2024 04:52,12-07-2024 05:04,12,0.84,Slightly Delayed,Traffic
9361578823,83234,18-08-2023 13:53,18-08-2023 13:55,2,2.51,On Time,Traffic
6249585672,56043,09-07-2023 08:50,09-07-2023 08:54,4,1.61,On Time,Traffic
2111712383,19726,23-01-2024 18:23,23-01-2024 18:26,3,5,On Time,Traffic
2962076108,54302,13-06-2024 05:02,13-06-2024 05:02,0,4.38,On Time,
7509638056,75144,13-02-2024 01:03,13-02-2024 01:08,5,3.25,On Time,Traffic
6074743537,91918,12-09-2024 06:43,12-09-2024 06:44,1,2.37,On Time,Traffic
3560026527,56514,09-06-2024 18:43,09-06-2024 19:07,24,4.71,Significantly Delayed,Traffic
7005103077,2513,14-05-2024 03:11,14-05-2024 03:11,0,4.26,On Time,
8175826750,45838,17-09-2024 20:24,17-09-2024 20:27,3,3.14,On Time,Traffic
8572946020,36711,26-04-2024 04:42,26-04-2024 04:42,0,1.45,On Time,
2936701883,69765,02-03-2024 09:10,02-03-2024 09:13,3,2.77,On Time,Traffic
9948324640,17187,31-10-2023 04:21,31-10-2023 04:25,4,2.7,On Time,Traffic
2865872281,62950,14-09-2024 00:02,14-09-2024 00:13,11,2.55,Slightly Delayed,Traffic
5785351358,31077,03-11-2024 14:41,03-11-2024 14:38,-3,2.65,On Time,
5204776107,66003,24-08-2023 23:47,24-08-2023 23:45,-2,2.93,On Time,
8689865723,15816,28-03-2024 15:31,28-03-2024 15:27,-4,2.88,On Time,
7822329516,16858,19-11-2023 23:12,19-11-2023 23:18,6,3.31,Slightly Delayed,Traffic
5995393950,47824,06-08-2023 08:09,06-08-2023 08:07,-2,4.57,On Time,
5458784818,23513,24-07-2024 03:16,24-07-2024 03:14,-2,4.17,On Time,
5611686165,61000,02-07-2023 08:27,02-07-2023 08:25,-2,2.93,On Time,
6390653932,54208,19-05-2023 08:18,19-05-2023 08:13,-5,3.01,On Time,
1215008706,6321,04-03-2024 23:15,04-03-2024 23:11,-4,2.83,On Time,
7357727116,10076,15-06-2024 09:45,15-06-2024 09:40,-5,2.36,On Time,
7562975685,7822,02-07-2023 04:59,02-07-2023 05:10,11,2.5,Slightly Delayed,Traffic
3118070064,84527,05-06-2023 04:41,05-06-2023 04:37,-4,2.61,On Time,
8255753870,87331,09-09-2023 08:35,09-09-2023 08:36,1,3.79,On Time,Traffic
5924715529,96349,24-03-2024 04:26,24-03-2024 04:29,3,3.37,On Time,Traffic
9593816617,39095,28-05-2023 01:56,28-05-2023 01:51,-5,3.28,On Time,
6143213997,11720,21-03-2024 10:15,21-03-2024 10:17,2,1.53,On Time,Traffic
4516009647,41620,19-07-2024 01:34,19-07-2024 01:36,2,2.54,On Time,Traffic
291900074,5023,02-10-2024 17:27,02-10-2024 17:22,-5,3.99,On Time,
3178700341,3879,10-06-2024 04:58,10-06-2024 04:53,-5,1.41,On Time,
4231742059,98347,21-11-2023 08:12,21-11-2023 08:26,14,4.62,Slightly Delayed,Traffic
7437613292,59329,30-12-2023 01:43,30-12-2023 01:52,9,2.2,Slightly Delayed,Traffic
5609346062,24295,08-08-2023 20:33,08-08-2023 20:32,-1,3.37,On Time,
909033820,51543,11-10-2023 10:36,11-10-2023 10:51,15,3.04,Slightly Delayed,Traffic
470624828,51227,21-08-2023 03:39,21-08-2023 03:40,1,0.57,On Time,Traffic
9608676386,71226,14-08-2023 19:43,14-08-2023 19:40,-3,1.12,On Time,
6846160702,89788,20-07-2023 16:17,20-07-2023 16:13,-4,1.81,On Time,
4248168019,30671,26-03-2024 14:43,26-03-2024 14:39,-4,3.42,On Time,
9057909300,74314,17-01-2024 16:38,17-01-2024 16:37,-1,3.47,On Time,
2171816966,6125,30-01-2024 19:26,30-01-2024 19:22,-4,1.08,On Time,
1387025817,5633,15-06-2024 20:46,15-06-2024 20:50,4,3.3,On Time,Traffic
6801124715,15655,10-04-2024 06:46,10-04-2024 06:44,-2,0.68,On Time,
6117979297,69314,23-12-2023 05:32,23-12-2023 05:32,0,3.3,On Time,
4902314626,35281,25-05-2024 16:01,25-05-2024 15:58,-3,2.83,On Time,
361595059,12549,21-10-2023 06:25,21-10-2023 06:21,-4,3.98,On Time,
5309683159,90567,21-04-2023 05:19,21-04-2023 05:36,17,2.43,Significantly Delayed,Traffic
2300265337,48275,01-01-2024 01:23,01-01-2024 01:26,3,3.53,On Time,Traffic
199903168,93719,16-04-2023 11:14,16-04-2023 11:11,-3,1.37,On Time,
4923840119,27171,04-09-2024 05:56,04-09-2024 05:53,-3,1.33,On Time,
2209550085,80992,07-09-2024 13:42,07-09-2024 13:41,-1,2.99,On Time,
120178110,73380,21-01-2024 01:37,21-01-2024 01:47,10,1.82,Slightly Delayed,Traffic
6647259959,45832,20-06-2023 22:42,20-06-2023 23:05,23,1.13,Significantly Delayed,Traffic
3859980017,15085,15-05-2023 05:27,15-05-2023 05:29,2,4.71,On Time,Traffic
9196827234,96615,31-10-2023 05:05,31-10-2023 05:17,12,1.43,Slightly Delayed,Traffic
3499440849,72321,10-10-2023 21:47,10-10-2023 21:43,-4,1.24,On Time,
7114775833,84672,08-07-2024 13:09,08-07-2024 13:04,-5,1.29,On Time,
7812364366,82685,26-08-2023 23:53,26-08-2023 23:50,-3,4.03,On Time,
7525899857,98968,04-09-2023 04:31,04-09-2023 04:26,-5,1.75,On Time,
3917847107,17488,13-08-2024 22:37,13-08-2024 22:38,1,1.84,On Time,Traffic
1229828587,1392,27-10-2023 01:39,27-10-2023 01:43,4,0.91,On Time,Traffic
4249345096,31425,31-05-2023 19:00,31-05-2023 19:00,0,0.53,On Time,
4002407580,96978,17-11-2023 17:30,17-11-2023 17:35,5,4.85,On Time,Traffic
5982122427,58401,23-04-2023 20:15,23-04-2023 20:18,3,0.52,On Time,Traffic
3280431261,26604,13-03-2024 22:15,13-03-2024 22:10,-5,3.51,On Time,
5066338759,62785,21-11-2023 05:05,21-11-2023 05:00,-5,1.11,On Time,
9087426355,34521,03-11-2023 17:25,03-11-2023 17:24,-1,1.59,On Time,
5512907,44545,30-04-2023 21:11,30-04-2023 21:26,15,0.59,Slightly Delayed,Traffic
4174741467,13853,17-12-2023 02:10,17-12-2023 02:22,12,3.05,Slightly Delayed,Traffic
6270463968,66084,03-10-2023 03:57,03-10-2023 03:53,-4,0.97,On Time,
1239385001,73973,27-09-2023 14:15,27-09-2023 14:17,2,3.3,On Time,Traffic
5250202756,20751,10-09-2023 12:07,10-09-2023 12:27,20,1.21,Significantly Delayed,Traffic
4099185509,58500,24-01-2024 20:38,24-01-2024 20:37,-1,1.1,On Time,
7875903450,58175,14-03-2024 04:51,14-03-2024 04:51,0,1.86,On Time,
7561642939,2481,24-07-2024 20:29,24-07-2024 20:25,-4,0.71,On Time,
5438908316,72583,03-04-2024 00:58,03-04-2024 00:58,0,3.27,On Time,
357437373,18049,10-05-2023 06:20,10-05-2023 06:25,5,2.34,On Time,Traffic
8972877222,33125,26-10-2024 05:12,26-10-2024 05:13,1,2.43,On Time,Traffic
1163798451,42721,04-10-2023 03:20,04-10-2023 03:47,27,0.79,Significantly Delayed,Traffic
3588229485,49352,01-08-2024 00:48,01-08-2024 01:09,21,3.52,Significantly Delayed,Traffic
1205823348,49614,29-07-2024 10:32,29-07-2024 10:41,9,2.62,Slightly Delayed,Traffic
2867008541,91284,20-12-2023 17:59,20-12-2023 18:11,12,0.86,Slightly Delayed,Traffic
5794917332,49073,16-02-2024 14:02,16-02-2024 13:57,-5,4.96,On Time,
4726520098,78911,19-04-2023 21:49,19-04-2023 21:46,-3,4.96,On Time,
6251716165,11366,27-09-2023 21:50,27-09-2023 22:01,11,4.49,Slightly Delayed,Traffic
5991829458,38043,12-08-2023 07:17,12-08-2023 07:14,-3,1.56,On Time,
1142626566,96797,31-05-2024 05:31,31-05-2024 05:28,-3,3.79,On Time,
2595161999,55560,12-08-2023 02:29,12-08-2023 02:26,-3,0.91,On Time,
8865698939,63903,09-09-2023 19:31,09-09-2023 19:33,2,0.67,On Time,Traffic
1776582175,24098,29-03-2024 23:56,30-03-2024 00:01,5,0.7,On Time,Traffic
7323157341,62964,01-07-2024 22:57,01-07-2024 23:02,5,2.98,On Time,Traffic
8997413283,66681,02-10-2024 10:39,02-10-2024 10:43,4,1.29,On Time,Traffic
2548452255,24605,18-09-2023 02:24,18-09-2023 02:45,21,1.7,Significantly Delayed,Traffic
7906839225,60479,28-10-2023 15:55,28-10-2023 15:54,-1,2.58,On Time,
4113927200,27208,19-05-2023 05:32,19-05-2023 05:29,-3,1.91,On Time,
4233626614,92251,28-07-2024 05:30,28-07-2024 05:35,5,1.05,On Time,Traffic
2886463378,84279,24-12-2023 19:31,24-12-2023 19:54,23,2.15,Significantly Delayed,Traffic
1823348306,67696,27-06-2023 10:08,27-06-2023 10:07,-1,2.12,On Time,
8706556166,62877,11-09-2024 23:27,11-09-2024 23:38,11,2.42,Slightly Delayed,Traffic
5139433840,51831,25-05-2023 21:02,25-05-2023 21:05,3,0.67,On Time,Traffic
769731596,68989,10-10-2024 06:55,10-10-2024 06:59,4,1.87,On Time,Traffic
1346090496,12853,18-08-2023 08:03,18-08-2023 08:08,5,2.76,On Time,Traffic
9339629293,84873,28-05-2023 02:45,28-05-2023 02:56,11,3.68,Slightly Delayed,Traffic
3043993017,17792,25-11-2023 00:51,25-11-2023 01:00,9,4.14,Slightly Delayed,Traffic
274863669,28216,11-04-2024 17:50,11-04-2024 17:48,-2,3,On Time,
3736611791,74097,05-10-2024 08:05,05-10-2024 08:01,-4,4.97,On Time,
9628875555,41405,09-03-2024 04:09,09-03-2024 04:07,-2,4.05,On Time,
6367306297,66042,25-09-2023 11:33,25-09-2023 11:29,-4,3.58,On Time,
4393113152,65563,02-06-2024 08:24,02-06-2024 08:39,15,3.86,Slightly Delayed,Traffic
1239928207,32011,11-09-2023 00:47,11-09-2023 00:46,-1,3.82,On Time,
5473002872,32746,07-07-2024 16:53,07-07-2024 16:51,-2,2.29,On Time,
6536847919,94795,10-06-2023 19:48,10-06-2023 19:48,0,3.79,On Time,
5480709564,12013,16-12-2023 23:20,16-12-2023 23:17,-3,3.07,On Time,
1393100618,29783,25-09-2024 01:47,25-09-2024 01:44,-3,4.83,On Time,
6999330116,52664,13-04-2023 00:24,13-04-2023 00:47,23,3.9,Significantly Delayed,Traffic
7816842690,65271,01-08-2023 19:31,01-08-2023 19:34,3,3.39,On Time,Traffic
3186586558,65286,21-02-2024 14:09,21-02-2024 14:08,-1,4.78,On Time,
7927955136,68889,28-08-2023 00:07,28-08-2023 00:07,0,4.64,On Time,
3518172697,30283,13-05-2023 19:37,13-05-2023 19:33,-4,3.73,On Time,
4557188271,95152,16-05-2024 06:49,16-05-2024 06:53,4,0.79,On Time,Traffic
2893244627,27027,10-10-2024 18:28,10-10-2024 18:39,11,4.59,Slightly Delayed,Traffic
1996683408,88615,30-01-2024 23:40,30-01-2024 23:53,13,3.25,Slightly Delayed,Traffic
1673794089,8299,06-02-2024 16:24,06-02-2024 16:19,-5,3.1,On Time,
9931161723,71373,12-07-2023 20:16,12-07-2023 20:13,-3,1.7,On Time,
856799416,9261,10-09-2023 15:03,10-09-2023 15:05,2,2.31,On Time,Traffic
6668508959,28017,31-08-2024 19:40,31-08-2024 19:36,-4,3.98,On Time,
4914874727,87545,13-06-2023 19:47,13-06-2023 19:50,3,3.99,On Time,Traffic
7869104895,40351,01-10-2023 21:42,01-10-2023 21:41,-1,4.36,On Time,
5094989752,58224,01-06-2024 12:28,01-06-2024 12:32,4,3.05,On Time,Traffic
4305377896,98259,08-08-2024 00:45,08-08-2024 01:10,25,3.68,Significantly Delayed,Traffic
7017136473,97218,11-03-2024 20:32,11-03-2024 20:28,-4,3.48,On Time,
3303209513,51536,09-03-2024 03:58,09-03-2024 03:53,-5,1.82,On Time,
8607953669,43374,10-06-2023 10:53,10-06-2023 10:50,-3,0.92,On Time,
1940918101,36605,03-10-2023 18:47,03-10-2023 18:42,-5,2.6,On Time,
6494615659,98218,19-11-2023 19:02,19-11-2023 19:15,13,2.58,Slightly Delayed,Traffic
4280890409,14063,30-10-2024 14:52,30-10-2024 14:56,4,4.99,On Time,Traffic
7598489331,15197,20-07-2024 16:08,20-07-2024 16:15,7,1.57,Slightly Delayed,Traffic
8755280486,88931,30-07-2024 17:45,30-07-2024 17:52,7,2.04,Slightly Delayed,Traffic
8281093933,49094,18-02-2024 14:00,18-02-2024 13:55,-5,4.31,On Time,
7415765726,80897,05-08-2023 09:36,05-08-2023 09:51,15,4.38,Slightly Delayed,Traffic
6266072804,53113,23-06-2024 06:35,23-06-2024 06:39,4,1.93,On Time,Traffic
1542448934,43749,13-10-2023 08:40,13-10-2023 08:39,-1,2.36,On Time,
2896979776,61426,24-05-2023 06:01,24-05-2023 05:57,-4,4.68,On Time,
169867835,73090,16-08-2023 22:39,16-08-2023 22:37,-2,2.09,On Time,
9493456526,32972,02-04-2023 07:25,02-04-2023 07:22,-3,3.86,On Time,
9423261830,65046,24-08-2023 06:36,24-08-2023 06:39,3,0.75,On Time,Traffic
5793453795,52204,13-04-2024 02:43,13-04-2024 02:48,5,3.36,On Time,Traffic
2141680269,87339,25-10-2024 02:20,25-10-2024 02:23,3,4.35,On Time,Traffic
6457122136,18328,19-05-2023 07:54,19-05-2023 08:19,25,1.9,Significantly Delayed,Traffic
8447536518,60151,21-12-2023 00:03,21-12-2023 00:08,5,3.83,On Time,Traffic
3191672889,74528,07-07-2024 18:02,07-07-2024 18:03,1,2.17,On Time,Traffic
2521995712,80597,21-08-2023 01:59,21-08-2023 01:57,-2,4.53,On Time,
8194578267,18189,11-10-2023 14:06,11-10-2023 14:10,4,4.82,On Time,Traffic
2811341619,57713,24-05-2024 20:27,24-05-2024 20:30,3,1.75,On Time,Traffic
5562576298,77071,08-11-2023 13:41,08-11-2023 13:48,7,3.4,Slightly Delayed,Traffic
7446009755,72606,15-06-2023 21:08,15-06-2023 21:19,11,4.92,Slightly Delayed,Traffic
7343262659,84731,07-04-2023 06:46,07-04-2023 06:49,3,3.25,On Time,Traffic
7147677361,85980,12-07-2024 10:09,12-07-2024 10:09,0,4.23,On Time,
8732072897,81555,14-06-2023 10:48,14-06-2023 10:53,5,0.58,On Time,Traffic
6418604551,53773,25-07-2023 19:41,25-07-2023 19:36,-5,2.03,On Time,
4989511905,13120,03-04-2023 01:07,03-04-2023 01:06,-1,5,On Time,
2520527893,59389,02-10-2024 01:53,02-10-2024 02:10,17,1.14,Significantly Delayed,Traffic
4753989820,25584,06-10-2023 20:08,06-10-2023 20:08,0,3.16,On Time,
8285547588,15091,02-01-2024 23:27,02-01-2024 23:32,5,2.86,On Time,Traffic
5824924668,22803,19-11-2023 17:24,19-11-2023 17:25,1,1.97,On Time,Traffic
7703854141,53317,13-05-2024 17:18,13-05-2024 17:14,-4,3.6,On Time,
7380361209,84748,27-06-2023 10:48,27-06-2023 10:44,-4,0.61,On Time,
5053033745,39933,09-04-2024 13:59,09-04-2024 13:59,0,1.31,On Time,
4859489972,14184,15-07-2023 17:42,15-07-2023 17:40,-2,3.04,On Time,
9690396315,21543,29-09-2024 11:19,29-09-2024 11:15,-4,3.24,On Time,
448732557,18718,01-12-2023 00:00,30-11-2023 23:58,-2,3.93,On Time,
4927306668,69647,08-06-2023 23:32,08-06-2023 23:30,-2,1.12,On Time,
1669690997,90914,25-12-2023 16:05,25-12-2023 16:10,5,1.86,On Time,Traffic
8340761903,27952,27-11-2023 09:38,27-11-2023 09:36,-2,3.31,On Time,
5936301790,9590,21-06-2024 19:23,21-06-2024 19:26,3,2.44,On Time,Traffic
5710579377,29940,06-06-2024 15:12,06-06-2024 15:10,-2,1.76,On Time,
2494813730,32851,23-08-2023 12:20,23-08-2023 12:21,1,2.7,On Time,Traffic
